<?xml version='1.0' encoding='UTF-8'?>
<root>
  <TEXT><![CDATA[


Record date: 2148-07-28

Internal Medicine Intern Admit Note

Pt: Samuel Tuttle

MR: 2793372



Cc: EKG changes 



HPI: 66 y.o. male with pmhx of DM, incr.cholestoral, and autonomic insufficeny admitted for EKG changes. The patient has significant risk factors for CAD of DM, incr. Cholesterol, and h/o htn.  He had a adenosine stress test done in 11/47 which was negative for ischemia (lasting 5min and PDP of 13746). His last echo was done in 4/48 showed an EF of 59% presented to the health clinic with a 3 day hx of worsening L shoulder pain and episodes of diaphoresis. The shoulder pain is chronic and thought to be due to oa, and dm chor.He came to the clinic today for a BP check ( he is often hypotensive and orthostatic) and was noted to have TWI inferiorly and laterally on routine EKG.   He denied any chest pain, nausea, vomiting when he went to the e.r. 

In the e.r., his first set of cardiac enzymes was negative, he was also started on heparin IV, and given IV lopressor, and an aspirin. Of note, the patient had a bp up to 182/88. When the patient arrived on the floor he denied any chest pain, nausea, vomiting, diaphoresis. His BP was noted to be 228/105. 2.5 IV lopressor, 12.5 PO lopressor, and nitropaste were given initially to lower bp to 170/75.







PMHx

DM (hx of diabetic retinopathy, nephropathy, autonomic instability, neuropathy)

Hypercholesterolemia

Autonomic insufficiency

Polyneuropathy

TB

Asbestos

CRI (baseline 2.1)

Depression

Arthritis (chronic left shoulder pain)



Medications:

Lovastatin 40mg QD

ASA 81mg QD

Insulin 75/25 22qam 24qpm

Prilosec 20 mg qd

Proamatine 10mg TID

Florinef 0.2mg qd

Ultram 37.5mg TID

Celexa 60mg QD

Buspar 10mg QD



Allergies:NKDA



SOCIAL HISTORY:  Lives with his wife.  He used to work at foxworthy industrials in

     2100-2104, after which he had industrial exposure to various chemicals such

     as trichloroethylene, asbestos and incinerator smoke.  He retired in 2141.

:  Smoking: 30 pack year smoking history, quit in 2107.  Alcohol:

     heavy drinking for 40 years, cut down in 2146 and has stopped drinking

     since December, 2146.  Denies any drug use.



P/E: BP226/109 T96.6 P74 R20 O2 98% on 2L

GEN: WDWN male in n.a.d.

HEENT: EOMI, PERRL, no o-p erythema, no carotid bruits, JVP not visible with patient sitting upright

Chest: crackles Left lung base,  good air movement bilaterally

C-V: regular, s1 s2 no m/g/r PMI in 5th intercostals space midclavicular line

Abd: soft nt normoactive bs

Ext: skin changes on anterior legs bilaterally in LE. No edema

Neuro: A&O x3. CN II-XII intact. No focal motor or sensory deficits







Labs:

7.2>33.1<214 PT 12.8 PTT22.8

Na -146. K 3.8, Cl 113, CO2 24.4, BUN 32, Cr 2.2, Gluc 148

Mg 1.7 PO4 3.2 Ca 9.7

Alb 4, direct bili .6, Alk phos 82, AST 32, ALT 37

CK IE negative, Troponin negative



Chest x-ray - 

1.  NO EVIDENCE OF PNEUMONIA OR PULMONARY EDEMA.

	2.  CALCIFIED PLEURAL PLAQUES, AS BEFORE.

	3.  A NODULAR OPACITY IN THE RIGHT UPPER LUNG ZONE IS NOW BETTER

	DEFINED THAN IN THE PREVIOUS EXAMINATION.  IN LIGHT OF THE CHANGE

	IN APPEARANCE, CHEST C. T. MAY BE WARRANTED TO EXCLUDE A GROWING

	NEOPLASM.



EKG- from e.r. TWI in II, III, avF, v3-v6. borderline LVH, left atrial enlargement

On admission - flattened TW in II, II,avF, TWI v4, v5



Imp: 66 y.o. male with hx of DM, autonomic instability, incr. Cholesterol presents with new EKG changes.



Plan:

1.C-V

a)	ischemia - r/o MI, first set of cardiac enzymes negative, will get two more sets to r/o. Will monitor for EKG changes. New TWI in inferior and lateral chest leads worrisome in a patient with multiple risk factors. Last stress negative 6 months ago. Will talk with PCP and team in a.m. to discuss the need for stress in asymptomatic patient with recent stress. EKG changes may be secondary to htn strain. Will d/c IV heparin. Cont. po lopressor as long as patient's bp tolerates it. ASA qd. Appreciate input of Dr. Bodnari and will discuss future management.

b)	Pump - last ef 59% pt. Appears euvolemic

c)	Rhythm - no hx of arrythmia, on cardiac monitor/telemetry overnight



2. HTN - pt. Htn when he arrived on floor. Hx of hypotension. Will give low dose lopressor 12.5mg BID as well as nitropaste. Need to be careful of lowering BP too fast. Pt.'s bp unstable in past.  Will hold florinef and proamatine for now



3. DM - hx of retinopathy, nephropathy, and neuropathy. Will maintain on home regiman of nph, and cover with iss.



4. Shoulder pain - ultram, PT 



5. Resp - opacity in RUL, may be secondary to old TB. According to radiologist reading it has changed since past x-rays. Asymptomatic. Can be worked up as an outpatient.



6. Prophylaxis - pneumoboots, nexium







_____________________________________________

Bobby U. Spears, M.D.







]]></TEXT>
  <TAGS>
    <HYPERLIPIDEMIA id="DOC4" time="before DCT" indicator="mention">
      <HYPERLIPIDEMIA id="HY0" start="1370" end="1390" text="Hypercholesterolemia" time="before DCT" indicator="mention" comment=""/>
      <HYPERLIPIDEMIA id="HY1" start="154" end="170" text="incr.cholestoral" time="before DCT" indicator="mention" comment=""/>
      <HYPERLIPIDEMIA id="HY2" start="154" end="170" text="incr.cholestoral" time="before DCT" indicator="mention" comment=""/>
    </HYPERLIPIDEMIA>
    <HYPERLIPIDEMIA id="DOC7" time="during DCT" indicator="mention">
      <HYPERLIPIDEMIA id="HY3" start="1370" end="1390" text="Hypercholesterolemia" time="during DCT" indicator="mention" comment=""/>
      <HYPERLIPIDEMIA id="HY4" start="154" end="170" text="incr.cholestoral" time="during DCT" indicator="mention" comment=""/>
      <HYPERLIPIDEMIA id="HY5" start="154" end="170" text="incr.cholestoral" time="during DCT" indicator="mention" comment=""/>
    </HYPERLIPIDEMIA>
    <HYPERLIPIDEMIA id="DOC16" time="after DCT" indicator="mention">
      <HYPERLIPIDEMIA id="HY6" start="1370" end="1390" text="Hypercholesterolemia" time="after DCT" indicator="mention" comment=""/>
      <HYPERLIPIDEMIA id="HY7" start="154" end="170" text="incr.cholestoral" time="after DCT" indicator="mention" comment=""/>
      <HYPERLIPIDEMIA id="HY8" start="154" end="170" text="incr.cholestoral" time="after DCT" indicator="mention" comment=""/>
    </HYPERLIPIDEMIA>
    <MEDICATION id="DOC0" time="after DCT" type1="statin" type2="">
      <MEDICATION id="M0" start="1535" end="1545" text="Lovastatin" time="after DCT" type1="statin" type2="" comment=""/>
      <MEDICATION id="M1" start="1535" end="1545" text="Lovastatin" time="after DCT" type1="statin" type2="" comment=""/>
      <MEDICATION id="M2" start="1535" end="1545" text="Lovastatin" time="after DCT" type1="statin" type2="" comment=""/>
    </MEDICATION>
    <MEDICATION id="DOC1" time="during DCT" type1="aspirin" type2="">
      <MEDICATION id="M3" start="1555" end="1558" text="ASA" time="during DCT" type1="aspirin" type2="" comment=""/>
      <MEDICATION id="M4" start="1000" end="1007" text="aspirin" time="during DCT" type1="aspirin" type2="" comment=""/>
      <MEDICATION id="M5" start="1555" end="1558" text="ASA" time="during DCT" type1="aspirin" type2="" comment=""/>
      <MEDICATION id="M6" start="1555" end="1558" text="ASA" time="during DCT" type1="aspirin" type2="" comment=""/>
    </MEDICATION>
    <MEDICATION id="DOC6" time="after DCT" type1="aspirin" type2="">
      <MEDICATION id="M7" start="1555" end="1558" text="ASA" time="after DCT" type1="aspirin" type2="" comment=""/>
      <MEDICATION id="M8" start="1555" end="1558" text="ASA" time="after DCT" type1="aspirin" type2="" comment=""/>
      <MEDICATION id="M9" start="1555" end="1558" text="ASA" time="after DCT" type1="aspirin" type2="" comment=""/>
    </MEDICATION>
    <MEDICATION id="DOC8" time="during DCT" type1="nitrate" type2="">
      <MEDICATION id="M10" start="1221" end="1231" text="nitropaste" time="during DCT" type1="nitrate" type2="" comment=""/>
      <MEDICATION id="M11" start="1221" end="1231" text="nitropaste" time="during DCT" type1="nitrate" type2="" comment=""/>
      <MEDICATION id="M12" start="1221" end="1231" text="nitropaste" time="during DCT" type1="nitrate" type2="" comment=""/>
    </MEDICATION>
    <MEDICATION id="DOC9" time="after DCT" type1="insulin" type2="">
      <MEDICATION id="M13" start="1568" end="1575" text="Insulin" time="after DCT" type1="insulin" type2="" comment=""/>
      <MEDICATION id="M14" start="1568" end="1575" text="Insulin" time="after DCT" type1="insulin" type2="" comment=""/>
      <MEDICATION id="M15" start="1568" end="1575" text="Insulin" time="after DCT" type1="insulin" type2="" comment=""/>
    </MEDICATION>
    <MEDICATION id="DOC12" time="after DCT" type1="beta blocker" type2="">
      <MEDICATION id="M16" start="3875" end="3894" text=" Cont. po lopressor" time="after DCT" type1="beta blocker" type2="" comment=""/>
      <MEDICATION id="M17" start="3885" end="3894" text="lopressor" time="after DCT" type1="beta blocker" type2="" comment=""/>
    </MEDICATION>
    <MEDICATION id="DOC14" time="before DCT" type1="statin" type2="">
      <MEDICATION id="M18" start="1535" end="1545" text="Lovastatin" time="before DCT" type1="statin" type2="" comment=""/>
      <MEDICATION id="M19" start="1535" end="1545" text="Lovastatin" time="before DCT" type1="statin" type2="" comment=""/>
      <MEDICATION id="M20" start="1535" end="1545" text="Lovastatin" time="before DCT" type1="statin" type2="" comment=""/>
    </MEDICATION>
    <MEDICATION id="DOC15" time="during DCT" type1="statin" type2="">
      <MEDICATION id="M21" start="1535" end="1545" text="Lovastatin" time="during DCT" type1="statin" type2="" comment=""/>
      <MEDICATION id="M22" start="1535" end="1545" text="Lovastatin" time="during DCT" type1="statin" type2="" comment=""/>
      <MEDICATION id="M23" start="1535" end="1545" text="Lovastatin" time="during DCT" type1="statin" type2="" comment=""/>
    </MEDICATION>
    <MEDICATION id="DOC17" time="before DCT" type1="aspirin" type2="">
      <MEDICATION id="M24" start="1555" end="1558" text="ASA" time="before DCT" type1="aspirin" type2="" comment=""/>
      <MEDICATION id="M25" start="1555" end="1558" text="ASA" time="before DCT" type1="aspirin" type2="" comment=""/>
      <MEDICATION id="M26" start="1000" end="1007" text="aspirin" time="before DCT" type1="aspirin" type2="" comment=""/>
      <MEDICATION id="M27" start="1555" end="1558" text="ASA" time="before DCT" type1="aspirin" type2="" comment=""/>
    </MEDICATION>
    <MEDICATION id="DOC18" time="before DCT" type1="insulin" type2="">
      <MEDICATION id="M28" start="1568" end="1575" text="Insulin" time="before DCT" type1="insulin" type2="" comment=""/>
      <MEDICATION id="M29" start="1568" end="1575" text="Insulin" time="before DCT" type1="insulin" type2="" comment=""/>
      <MEDICATION id="M30" start="1568" end="1575" text="Insulin" time="before DCT" type1="insulin" type2="" comment=""/>
    </MEDICATION>
    <MEDICATION id="DOC20" time="during DCT" type1="insulin" type2="">
      <MEDICATION id="M31" start="1568" end="1575" text="Insulin" time="during DCT" type1="insulin" type2="" comment=""/>
      <MEDICATION id="M32" start="1568" end="1575" text="Insulin" time="during DCT" type1="insulin" type2="" comment=""/>
      <MEDICATION id="M33" start="1568" end="1575" text="Insulin" time="during DCT" type1="insulin" type2="" comment=""/>
    </MEDICATION>
    <MEDICATION id="DOC22" time="during DCT" type1="beta blocker" type2="">
      <MEDICATION id="M34" start="979" end="991" text="IV lopressor" time="during DCT" type1="beta blocker" type2="" comment=""/>
      <MEDICATION id="M35" start="982" end="991" text="lopressor" time="during DCT" type1="beta blocker" type2="" comment=""/>
      <MEDICATION id="M36" start="1187" end="1196" text="lopressor" time="during DCT" type1="beta blocker" type2="" comment=""/>
    </MEDICATION>
    <HYPERTENSION id="DOC3" time="during DCT" indicator="mention">
      <HYPERTENSION id="H0" start="307" end="310" text="htn" time="during DCT" indicator="mention" comment=""/>
      <HYPERTENSION id="H1" start="4132" end="4136" text="HTN " time="during DCT" indicator="mention" comment=""/>
      <HYPERTENSION id="H2" start="307" end="310" text="htn" time="during DCT" indicator="mention" comment=""/>
    </HYPERTENSION>
    <HYPERTENSION id="DOC10" time="during DCT" indicator="high bp">
      <HYPERTENSION id="H3" start="1045" end="1051" text="182/88" time="during DCT" indicator="high bp" comment=""/>
      <HYPERTENSION id="H4" start="1170" end="1178" text=" 228/105" time="during DCT" indicator="high bp" comment=""/>
      <HYPERTENSION id="H5" start="1268" end="1274" text="170/75" time="during DCT" indicator="high bp" comment=""/>
      <HYPERTENSION id="H6" start="2175" end="2182" text="226/109" time="during DCT" indicator="high bp" comment=""/>
      <HYPERTENSION id="H7" start="1171" end="1180" text="228/105. " time="during DCT" indicator="high bp" comment=""/>
      <HYPERTENSION id="H8" start="2172" end="2182" text=" BP226/109" time="during DCT" indicator="high bp" comment=""/>
      <HYPERTENSION id="H9" start="1152" end="1178" text="BP was noted to be 228/105" time="during DCT" indicator="high bp" comment=""/>
    </HYPERTENSION>
    <HYPERTENSION id="DOC11" time="after DCT" indicator="mention">
      <HYPERTENSION id="H10" start="307" end="310" text="htn" time="after DCT" indicator="mention" comment=""/>
      <HYPERTENSION id="H11" start="307" end="310" text="htn" time="after DCT" indicator="mention" comment=""/>
    </HYPERTENSION>
    <HYPERTENSION id="DOC19" time="before DCT" indicator="mention">
      <HYPERTENSION id="H12" start="307" end="310" text="htn" time="before DCT" indicator="mention" comment=""/>
      <HYPERTENSION id="H13" start="307" end="310" text="htn" time="before DCT" indicator="mention" comment=""/>
    </HYPERTENSION>
    <FAMILY_HIST id="DOC21" indicator="not present">
      <FAMILY_HIST id="F0" indicator="not present"/>
      <FAMILY_HIST id="F1" indicator="not present"/>
      <FAMILY_HIST id="F2" indicator="not present"/>
    </FAMILY_HIST>
    <SMOKER id="DOC2" status="past">
      <SMOKER id="S0" start="1974" end="2026" text=" Smoking: 30 pack year smoking history, quit in 2107" status="past" comment=""/>
      <SMOKER id="S1" start="2014" end="2019" text="quit " status="past" comment=""/>
      <SMOKER id="S2" start="1975" end="2026" text="Smoking: 30 pack year smoking history, quit in 2107" status="past" comment=""/>
    </SMOKER>
    <DIABETES id="DOC5" time="during DCT" indicator="mention">
      <DIABETES id="D0" start="150" end="152" text="DM" time="during DCT" indicator="mention" comment=""/>
      <DIABETES id="D1" start="150" end="152" text="DM" time="during DCT" indicator="mention" comment=""/>
      <DIABETES id="D2" start="150" end="152" text="DM" time="during DCT" indicator="mention" comment=""/>
    </DIABETES>
    <DIABETES id="DOC13" time="before DCT" indicator="mention">
      <DIABETES id="D3" start="150" end="152" text="DM" time="before DCT" indicator="mention" comment=""/>
      <DIABETES id="D4" start="150" end="152" text="DM" time="before DCT" indicator="mention" comment=""/>
      <DIABETES id="D5" start="150" end="152" text="DM" time="before DCT" indicator="mention" comment=""/>
    </DIABETES>
    <DIABETES id="DOC23" time="after DCT" indicator="mention">
      <DIABETES id="D6" start="150" end="152" text="DM" time="after DCT" indicator="mention" comment=""/>
      <DIABETES id="D7" start="150" end="152" text="DM" time="after DCT" indicator="mention" comment=""/>
      <DIABETES id="D8" start="150" end="152" text="DM" time="after DCT" indicator="mention" comment=""/>
    </DIABETES>
  </TAGS>
</root>
