<?xml version='1.0' encoding='UTF-8'?>
<root>
  <TEXT><![CDATA[


Record date: 2095-06-27

Problem List 
1) CAD
         -Cath: 5/95:  LAD (Proximal), Discrete Discrete 70% lesion; LAD (Mid), Discrete Discrete 80% lesion              DIAG1 (Proximal), Discrete Discrete 95% lesion Left Circumflex Artery CX (Mid), Discrete Discrete 95% lesion              MARG1 (Ostial), Discrete Discrete 95% lesion. Right Coronary Artery  Discrete Discrete 95% lesion       -s/p CABG6/95  
 SVG-OM, SVG to ramus, LIMa to LAD 
2) Sick sinus syndrom
         -s/p PPM 5/95
3) CHF
      -EF 45% prior to surgery
      .
       
Dear Dr. Regan: 


I had the pleasure of seeing Mr. Percy Root in the Cardiovascular Clinic at the Shady Brook Hospital today.  As you know, he is a 70-year-old man who is s/p CABG in May of this year. Today he is doing well folloing his surgery . 



His past medical history is significant for a coronary artery disease, status post IMI,afib,  CABG, PPM,  hypertension, hyperlipidemia, question of an old stroke.  His current medications include aspirin 81 mg, amlodipine 5 mg, lisinorpill 40 mg, Toprol-XL 10 mg, Prilosec 20 mg, Zocor 40 mg, Hydralazine.Coumadin as directed.


Allergies:  No known drug allergies.


He lives in Claxton with his wife, daughter, and grandkids and son-in-law.  He does not drink, smoke or use IV drugs.  He is originally from England.  


Family History:  noncontributory.


On physical examination, his heart rate was 60 and regular,  his blood pressure was 125/70.  Carotids are 2+, good upstrokes, no bruits.  Jugular venous pressure was flat.  Lungs are clear to auscultation bilaterally.  He had a regular rate and rhythm with a 2/6 systolic ejection murmur at the right upper sternal border.  Abdomen was benign.  No clubbing, cyanosis or edema of the extremities. Good peripheral pulses.





In summary, this is a 70-year-old man with coronary artery disease,  At this time he is NYHA II. Hre appears a bit volume overloaded. I will add ACE and lasix. Follow up in 1 month. 




____________________________________
Xavier Ross, M.D.



]]></TEXT>
  <TAGS>
    <HYPERLIPIDEMIA id="DOC9" time="during DCT" indicator="mention">
      <HYPERLIPIDEMIA id="HY0" start="920" end="934" text="hyperlipidemia" time="during DCT" indicator="mention" comment=""/>
      <HYPERLIPIDEMIA id="HY1" start="920" end="934" text="hyperlipidemia" time="during DCT" indicator="mention" comment=""/>
      <HYPERLIPIDEMIA id="HY2" start="1080" end="1085" text="Zocor" time="during DCT" indicator="mention" comment=""/>
    </HYPERLIPIDEMIA>
    <HYPERLIPIDEMIA id="DOC17" time="after DCT" indicator="mention">
      <HYPERLIPIDEMIA id="HY3" start="920" end="934" text="hyperlipidemia" time="after DCT" indicator="mention" comment=""/>
      <HYPERLIPIDEMIA id="HY4" start="920" end="934" text="hyperlipidemia" time="after DCT" indicator="mention" comment=""/>
      <HYPERLIPIDEMIA id="HY5" start="1080" end="1085" text="Zocor" time="after DCT" indicator="mention" comment=""/>
    </HYPERLIPIDEMIA>
    <HYPERLIPIDEMIA id="DOC22" time="before DCT" indicator="mention">
      <HYPERLIPIDEMIA id="HY6" start="920" end="934" text="hyperlipidemia" time="before DCT" indicator="mention" comment=""/>
      <HYPERLIPIDEMIA id="HY7" start="920" end="934" text="hyperlipidemia" time="before DCT" indicator="mention" comment=""/>
      <HYPERLIPIDEMIA id="HY8" start="1080" end="1085" text="Zocor" time="before DCT" indicator="mention" comment=""/>
    </HYPERLIPIDEMIA>
    <MEDICATION id="DOC0" time="during DCT" type1="ACE inhibitor" type2="">
      <MEDICATION id="M0" start="1028" end="1039" text="lisinorpill" time="during DCT" type1="ACE inhibitor" type2="" comment=""/>
      <MEDICATION id="M1" start="1028" end="1039" text="lisinorpill" time="during DCT" type1="ACE inhibitor" type2="" comment=""/>
    </MEDICATION>
    <MEDICATION id="DOC1" time="after DCT" type1="statin" type2="">
      <MEDICATION id="M2" start="1080" end="1085" text="Zocor" time="after DCT" type1="statin" type2="" comment=""/>
      <MEDICATION id="M3" start="1080" end="1085" text="Zocor" time="after DCT" type1="statin" type2="" comment=""/>
      <MEDICATION id="M4" start="1080" end="1085" text="Zocor" time="after DCT" type1="statin" type2="" comment=""/>
    </MEDICATION>
    <MEDICATION id="DOC2" time="during DCT" type1="aspirin" type2="">
      <MEDICATION id="M5" start="996" end="1003" text="aspirin" time="during DCT" type1="aspirin" type2="" comment=""/>
      <MEDICATION id="M6" start="996" end="1003" text="aspirin" time="during DCT" type1="aspirin" type2="" comment=""/>
      <MEDICATION id="M7" start="996" end="1003" text="aspirin" time="during DCT" type1="aspirin" type2="" comment=""/>
    </MEDICATION>
    <MEDICATION id="DOC4" time="after DCT" type1="ACE inhibitor" type2="">
      <MEDICATION id="M8" start="1924" end="1932" text="add ACE " time="after DCT" type1="ACE inhibitor" type2="" comment=""/>
      <MEDICATION id="M9" start="1028" end="1039" text="lisinorpill" time="after DCT" type1="ACE inhibitor" type2="" comment=""/>
      <MEDICATION id="M10" start="1028" end="1039" text="lisinorpill" time="after DCT" type1="ACE inhibitor" type2="" comment=""/>
    </MEDICATION>
    <MEDICATION id="DOC5" time="before DCT" type1="ACE inhibitor" type2="">
      <MEDICATION id="M11" start="1028" end="1039" text="lisinorpill" time="before DCT" type1="ACE inhibitor" type2="" comment=""/>
      <MEDICATION id="M12" start="1028" end="1039" text="lisinorpill" time="before DCT" type1="ACE inhibitor" type2="" comment=""/>
    </MEDICATION>
    <MEDICATION id="DOC6" time="after DCT" type1="aspirin" type2="">
      <MEDICATION id="M13" start="996" end="1003" text="aspirin" time="after DCT" type1="aspirin" type2="" comment=""/>
      <MEDICATION id="M14" start="996" end="1003" text="aspirin" time="after DCT" type1="aspirin" type2="" comment=""/>
      <MEDICATION id="M15" start="996" end="1003" text="aspirin" time="after DCT" type1="aspirin" type2="" comment=""/>
    </MEDICATION>
    <MEDICATION id="DOC8" time="during DCT" type1="calcium channel blocker" type2="">
      <MEDICATION id="M16" start="1011" end="1021" text="amlodipine" time="during DCT" type1="calcium channel blocker" type2="" comment=""/>
      <MEDICATION id="M17" start="1028" end="1039" text="lisinorpill" time="during DCT" type1="calcium channel blocker" type2="" comment=""/>
      <MEDICATION id="M18" start="1011" end="1021" text="amlodipine" time="during DCT" type1="calcium channel blocker" type2="" comment=""/>
      <MEDICATION id="M19" start="1011" end="1021" text="amlodipine" time="during DCT" type1="calcium channel blocker" type2="" comment=""/>
    </MEDICATION>
    <MEDICATION id="DOC10" time="before DCT" type1="calcium channel blocker" type2="">
      <MEDICATION id="M20" start="1011" end="1021" text="amlodipine" time="before DCT" type1="calcium channel blocker" type2="" comment=""/>
      <MEDICATION id="M21" start="1028" end="1039" text="lisinorpill" time="before DCT" type1="calcium channel blocker" type2="" comment=""/>
      <MEDICATION id="M22" start="1011" end="1021" text="amlodipine" time="before DCT" type1="calcium channel blocker" type2="" comment=""/>
      <MEDICATION id="M23" start="1011" end="1021" text="amlodipine" time="before DCT" type1="calcium channel blocker" type2="" comment=""/>
    </MEDICATION>
    <MEDICATION id="DOC12" time="after DCT" type1="beta blocker" type2="">
      <MEDICATION id="M24" start="1047" end="1057" text="Toprol-XL " time="after DCT" type1="beta blocker" type2="" comment=""/>
      <MEDICATION id="M25" start="1047" end="1056" text="Toprol-XL" time="after DCT" type1="beta blocker" type2="" comment=""/>
      <MEDICATION id="M26" start="1047" end="1056" text="Toprol-XL" time="after DCT" type1="beta blocker" type2="" comment=""/>
    </MEDICATION>
    <MEDICATION id="DOC14" time="before DCT" type1="statin" type2="">
      <MEDICATION id="M27" start="1080" end="1085" text="Zocor" time="before DCT" type1="statin" type2="" comment=""/>
      <MEDICATION id="M28" start="1080" end="1085" text="Zocor" time="before DCT" type1="statin" type2="" comment=""/>
      <MEDICATION id="M29" start="1080" end="1085" text="Zocor" time="before DCT" type1="statin" type2="" comment=""/>
    </MEDICATION>
    <MEDICATION id="DOC15" time="during DCT" type1="statin" type2="">
      <MEDICATION id="M30" start="1080" end="1085" text="Zocor" time="during DCT" type1="statin" type2="" comment=""/>
      <MEDICATION id="M31" start="1080" end="1085" text="Zocor" time="during DCT" type1="statin" type2="" comment=""/>
      <MEDICATION id="M32" start="1080" end="1085" text="Zocor" time="during DCT" type1="statin" type2="" comment=""/>
    </MEDICATION>
    <MEDICATION id="DOC19" time="before DCT" type1="aspirin" type2="">
      <MEDICATION id="M33" start="996" end="1003" text="aspirin" time="before DCT" type1="aspirin" type2="" comment=""/>
      <MEDICATION id="M34" start="996" end="1003" text="aspirin" time="before DCT" type1="aspirin" type2="" comment=""/>
      <MEDICATION id="M35" start="996" end="1003" text="aspirin" time="before DCT" type1="aspirin" type2="" comment=""/>
    </MEDICATION>
    <MEDICATION id="DOC23" time="after DCT" type1="calcium channel blocker" type2="">
      <MEDICATION id="M36" start="1011" end="1021" text="amlodipine" time="after DCT" type1="calcium channel blocker" type2="" comment=""/>
      <MEDICATION id="M37" start="1028" end="1039" text="lisinorpill" time="after DCT" type1="calcium channel blocker" type2="" comment=""/>
      <MEDICATION id="M38" start="1011" end="1021" text="amlodipine" time="after DCT" type1="calcium channel blocker" type2="" comment=""/>
      <MEDICATION id="M39" start="1011" end="1021" text="amlodipine" time="after DCT" type1="calcium channel blocker" type2="" comment=""/>
    </MEDICATION>
    <MEDICATION id="DOC25" time="before DCT" type1="beta blocker" type2="">
      <MEDICATION id="M40" start="1047" end="1057" text="Toprol-XL " time="before DCT" type1="beta blocker" type2="" comment=""/>
      <MEDICATION id="M41" start="1047" end="1056" text="Toprol-XL" time="before DCT" type1="beta blocker" type2="" comment=""/>
      <MEDICATION id="M42" start="1047" end="1056" text="Toprol-XL" time="before DCT" type1="beta blocker" type2="" comment=""/>
    </MEDICATION>
    <MEDICATION id="DOC26" time="during DCT" type1="beta blocker" type2="">
      <MEDICATION id="M43" start="1047" end="1057" text="Toprol-XL " time="during DCT" type1="beta blocker" type2="" comment=""/>
      <MEDICATION id="M44" start="1047" end="1056" text="Toprol-XL" time="during DCT" type1="beta blocker" type2="" comment=""/>
      <MEDICATION id="M45" start="1047" end="1056" text="Toprol-XL" time="during DCT" type1="beta blocker" type2="" comment=""/>
    </MEDICATION>
    <HYPERTENSION id="DOC3" time="during DCT" indicator="mention">
      <HYPERTENSION id="H0" start="906" end="918" text="hypertension" time="during DCT" indicator="mention" comment=""/>
      <HYPERTENSION id="H1" start="906" end="918" text="hypertension" time="during DCT" indicator="mention" comment=""/>
      <HYPERTENSION id="H2" start="1028" end="1038" text="lisinorpil" time="during DCT" indicator="mention" comment=""/>
    </HYPERTENSION>
    <HYPERTENSION id="DOC11" time="after DCT" indicator="mention">
      <HYPERTENSION id="H3" start="906" end="918" text="hypertension" time="after DCT" indicator="mention" comment=""/>
      <HYPERTENSION id="H4" start="906" end="918" text="hypertension" time="after DCT" indicator="mention" comment=""/>
      <HYPERTENSION id="H5" start="1028" end="1038" text="lisinorpil" time="after DCT" indicator="mention" comment=""/>
    </HYPERTENSION>
    <HYPERTENSION id="DOC24" time="before DCT" indicator="mention">
      <HYPERTENSION id="H6" start="906" end="918" text="hypertension" time="before DCT" indicator="mention" comment=""/>
      <HYPERTENSION id="H7" start="906" end="918" text="hypertension" time="before DCT" indicator="mention" comment=""/>
      <HYPERTENSION id="H8" start="1028" end="1038" text="lisinorpil" time="before DCT" indicator="mention" comment=""/>
    </HYPERTENSION>
    <CAD id="DOC7" time="before DCT" indicator="test">
      <CAD id="C0" start="58" end="392" text="-Cath: 5/95:  LAD (Proximal), Discrete Discrete 70% lesion; LAD (Mid), Discrete Discrete 80% lesion              DIAG1 (Proximal), Discrete Discrete 95% lesion Left Circumflex Artery CX (Mid), Discrete Discrete 95% lesion              MARG1 (Ostial), Discrete Discrete 95% lesion. Right Coronary Artery  Discrete Discrete 95% lesion  " time="before DCT" indicator="test" comment=""/>
      <CAD id="C1" start="58" end="70" text="-Cath: 5/95:" time="before DCT" indicator="test" comment=""/>
      <CAD id="C2" start="260" end="282" text="Discrete 95% lesion   " time="before DCT" indicator="test" comment=""/>
    </CAD>
    <CAD id="DOC13" time="after DCT" indicator="mention">
      <CAD id="C3" start="45" end="48" text="CAD" time="after DCT" indicator="mention" comment=""/>
      <CAD id="C4" start="45" end="48" text="CAD" time="after DCT" indicator="mention" comment=""/>
      <CAD id="C5" start="846" end="869" text="coronary artery disease" time="after DCT" indicator="mention" comment=""/>
    </CAD>
    <CAD id="DOC18" time="during DCT" indicator="mention">
      <CAD id="C6" start="45" end="48" text="CAD" time="during DCT" indicator="mention" comment=""/>
      <CAD id="C7" start="45" end="48" text="CAD" time="during DCT" indicator="mention" comment=""/>
      <CAD id="C8" start="846" end="869" text="coronary artery disease" time="during DCT" indicator="mention" comment=""/>
    </CAD>
    <CAD id="DOC21" time="before DCT" indicator="event">
      <CAD id="C9" start="396" end="412" text=" -s/p CABG6/95  " time="before DCT" indicator="event" comment=""/>
      <CAD id="C10" start="883" end="886" text="IMI" time="before DCT" indicator="event" comment=""/>
      <CAD id="C11" start="724" end="728" text="CABG" time="before DCT" indicator="event" comment=""/>
      <CAD id="C12" start="882" end="886" text=" IMI" time="before DCT" indicator="event" comment=""/>
      <CAD id="C13" start="894" end="898" text="CABG" time="before DCT" indicator="event" comment=""/>
    </CAD>
    <CAD id="DOC27" time="before DCT" indicator="mention">
      <CAD id="C14" start="45" end="48" text="CAD" time="before DCT" indicator="mention" comment=""/>
      <CAD id="C15" start="45" end="48" text="CAD" time="before DCT" indicator="mention" comment=""/>
      <CAD id="C16" start="846" end="869" text="coronary artery disease" time="before DCT" indicator="mention" comment=""/>
    </CAD>
    <FAMILY_HIST id="DOC16" indicator="not present">
      <FAMILY_HIST id="F0" indicator="not present"/>
      <FAMILY_HIST id="F1" indicator="not present"/>
      <FAMILY_HIST id="F2" indicator="not present"/>
    </FAMILY_HIST>
    <SMOKER id="DOC20" status="never">
      <SMOKER id="S0" start="1243" end="1284" text=" He does not drink, smoke or use IV drugs" status="never" comment=""/>
      <SMOKER id="S1" start="1247" end="1268" text="does not drink, smoke" status="never" comment=""/>
    </SMOKER>
  </TAGS>
</root>
