<?xml version='1.0' encoding='UTF-8'?>
<root>
  <TEXT><![CDATA[


Record date: 2079-07-20

                           OFFICE NOTE
                                
 
Westyn-Nuel, Kelli
#898-97-85-6
July 20, 2079
 
Ms. Westyn-Nuel returns following myocardial infarction with
stenting procedure in February of this year. She continues to do
well and had an LDL of 90 in March. We will recheck it again today. 
She has no significant chest discomfort and is doing all of her
activities.  She has no syncope or paroxysmal nocturnal dyspnea.
She is tolerating her medications quite well and is happy with her
progress.  At home she takes her blood pressure and it's generally 
around 120/80.
 
Current medications are one aspirin per day as well as Isordil 20
mg. t.i.d., Labetalol 400 mg. t.i.d., Norvasc 7.5 mg. q.d., Lipitor
80 mg. q.d. and Glipizide.  She has not used sublingual
Nitroglycerin although she has this.  
 
Her blood pressure today is 128/80 and her heart rate is 50 and
regular.  Chest is clear. Cardiac exam reveals a II/VI left sternal
border systolic ejection murmur.  Abdomen is soft and nontender. 
Extremities are free of edema.
 
Ms. Kelli Westyn-Nuel is doing well. We will check her LDL
again today to make sure it did not rebound to a higher level
following her myocardial infarction.  We will also check her liver
function test because of her statin therapy.  We may in the future
need to adjust her nitrates to a more rational once per day
regimen, but her current situation is so stable that we will leave
her medications as is.
 
 
 
Spencer O. Wilhelm, M.D.
 
/keys
 
DD: 07/20/79
DT: 07/22/79
DV: 07/20/79
 
 
 
  
 ******** Not reviewed by Attending Physician ********




]]></TEXT>
  <TAGS>
    <MEDICATION id="DOC0" time="after DCT" type1="statin" type2="">
      <MEDICATION id="M0" start="752" end="759" text="Lipitor" time="after DCT" type1="statin" type2="" comment=""/>
      <MEDICATION id="M1" start="752" end="759" text="Lipitor" time="after DCT" type1="statin" type2="" comment=""/>
      <MEDICATION id="M2" start="751" end="759" text=" Lipitor" time="after DCT" type1="statin" type2="" comment=""/>
    </MEDICATION>
    <MEDICATION id="DOC1" time="during DCT" type1="aspirin" type2="">
      <MEDICATION id="M3" start="654" end="661" text="aspirin" time="during DCT" type1="aspirin" type2="" comment=""/>
      <MEDICATION id="M4" start="654" end="661" text="aspirin" time="during DCT" type1="aspirin" type2="" comment=""/>
      <MEDICATION id="M5" start="653" end="661" text=" aspirin" time="during DCT" type1="aspirin" type2="" comment=""/>
    </MEDICATION>
    <MEDICATION id="DOC2" time="after DCT" type1="aspirin" type2="">
      <MEDICATION id="M6" start="654" end="661" text="aspirin" time="after DCT" type1="aspirin" type2="" comment=""/>
      <MEDICATION id="M7" start="654" end="661" text="aspirin" time="after DCT" type1="aspirin" type2="" comment=""/>
      <MEDICATION id="M8" start="653" end="661" text=" aspirin" time="after DCT" type1="aspirin" type2="" comment=""/>
    </MEDICATION>
    <MEDICATION id="DOC3" time="after DCT" type1="nitrate" type2="">
      <MEDICATION id="M9" start="681" end="688" text="Isordil" time="after DCT" type1="nitrate" type2="" comment=""/>
      <MEDICATION id="M10" start="681" end="688" text="Isordil" time="after DCT" type1="nitrate" type2="" comment=""/>
      <MEDICATION id="M11" start="681" end="688" text="Isordil" time="after DCT" type1="nitrate" type2="" comment=""/>
    </MEDICATION>
    <MEDICATION id="DOC4" time="during DCT" type1="nitrate" type2="">
      <MEDICATION id="M12" start="681" end="688" text="Isordil" time="during DCT" type1="nitrate" type2="" comment=""/>
      <MEDICATION id="M13" start="681" end="688" text="Isordil" time="during DCT" type1="nitrate" type2="" comment=""/>
      <MEDICATION id="M14" start="681" end="688" text="Isordil" time="during DCT" type1="nitrate" type2="" comment=""/>
    </MEDICATION>
    <MEDICATION id="DOC5" time="during DCT" type1="calcium channel blocker" type2="">
      <MEDICATION id="M15" start="730" end="737" text="Norvasc" time="during DCT" type1="calcium channel blocker" type2="" comment=""/>
      <MEDICATION id="M16" start="730" end="737" text="Norvasc" time="during DCT" type1="calcium channel blocker" type2="" comment=""/>
      <MEDICATION id="M17" start="730" end="737" text="Norvasc" time="during DCT" type1="calcium channel blocker" type2="" comment=""/>
    </MEDICATION>
    <MEDICATION id="DOC6" time="after DCT" type1="sulfonylureas" type2="">
      <MEDICATION id="M18" start="776" end="785" text="Glipizide" time="after DCT" type1="sulfonylureas" type2="" comment=""/>
      <MEDICATION id="M19" start="776" end="785" text="Glipizide" time="after DCT" type1="sulfonylureas" type2="" comment=""/>
      <MEDICATION id="M20" start="776" end="785" text="Glipizide" time="after DCT" type1="sulfonylureas" type2="" comment=""/>
    </MEDICATION>
    <MEDICATION id="DOC7" time="before DCT" type1="calcium channel blocker" type2="">
      <MEDICATION id="M21" start="730" end="737" text="Norvasc" time="before DCT" type1="calcium channel blocker" type2="" comment=""/>
      <MEDICATION id="M22" start="730" end="737" text="Norvasc" time="before DCT" type1="calcium channel blocker" type2="" comment=""/>
      <MEDICATION id="M23" start="730" end="737" text="Norvasc" time="before DCT" type1="calcium channel blocker" type2="" comment=""/>
    </MEDICATION>
    <MEDICATION id="DOC8" time="during DCT" type1="sulfonylureas" type2="">
      <MEDICATION id="M24" start="776" end="785" text="Glipizide" time="during DCT" type1="sulfonylureas" type2="" comment=""/>
      <MEDICATION id="M25" start="776" end="785" text="Glipizide" time="during DCT" type1="sulfonylureas" type2="" comment=""/>
      <MEDICATION id="M26" start="776" end="785" text="Glipizide" time="during DCT" type1="sulfonylureas" type2="" comment=""/>
    </MEDICATION>
    <MEDICATION id="DOC9" time="after DCT" type1="beta blocker" type2="">
      <MEDICATION id="M27" start="704" end="713" text="Labetalol" time="after DCT" type1="beta blocker" type2="" comment=""/>
      <MEDICATION id="M28" start="704" end="713" text="Labetalol" time="after DCT" type1="beta blocker" type2="" comment=""/>
      <MEDICATION id="M29" start="704" end="713" text="Labetalol" time="after DCT" type1="beta blocker" type2="" comment=""/>
    </MEDICATION>
    <MEDICATION id="DOC11" time="before DCT" type1="statin" type2="">
      <MEDICATION id="M30" start="752" end="759" text="Lipitor" time="before DCT" type1="statin" type2="" comment=""/>
      <MEDICATION id="M31" start="752" end="759" text="Lipitor" time="before DCT" type1="statin" type2="" comment=""/>
      <MEDICATION id="M32" start="751" end="759" text=" Lipitor" time="before DCT" type1="statin" type2="" comment=""/>
    </MEDICATION>
    <MEDICATION id="DOC12" time="during DCT" type1="statin" type2="">
      <MEDICATION id="M33" start="752" end="759" text="Lipitor" time="during DCT" type1="statin" type2="" comment=""/>
      <MEDICATION id="M34" start="752" end="759" text="Lipitor" time="during DCT" type1="statin" type2="" comment=""/>
      <MEDICATION id="M35" start="751" end="759" text=" Lipitor" time="during DCT" type1="statin" type2="" comment=""/>
    </MEDICATION>
    <MEDICATION id="DOC14" time="before DCT" type1="aspirin" type2="">
      <MEDICATION id="M36" start="654" end="661" text="aspirin" time="before DCT" type1="aspirin" type2="" comment=""/>
      <MEDICATION id="M37" start="654" end="661" text="aspirin" time="before DCT" type1="aspirin" type2="" comment=""/>
      <MEDICATION id="M38" start="653" end="661" text=" aspirin" time="before DCT" type1="aspirin" type2="" comment=""/>
    </MEDICATION>
    <MEDICATION id="DOC15" time="before DCT" type1="nitrate" type2="">
      <MEDICATION id="M39" start="681" end="688" text="Isordil" time="before DCT" type1="nitrate" type2="" comment=""/>
      <MEDICATION id="M40" start="681" end="688" text="Isordil" time="before DCT" type1="nitrate" type2="" comment=""/>
      <MEDICATION id="M41" start="681" end="688" text="Isordil" time="before DCT" type1="nitrate" type2="" comment=""/>
    </MEDICATION>
    <MEDICATION id="DOC17" time="before DCT" type1="sulfonylureas" type2="">
      <MEDICATION id="M42" start="776" end="785" text="Glipizide" time="before DCT" type1="sulfonylureas" type2="" comment=""/>
      <MEDICATION id="M43" start="776" end="785" text="Glipizide" time="before DCT" type1="sulfonylureas" type2="" comment=""/>
      <MEDICATION id="M44" start="776" end="785" text="Glipizide" time="before DCT" type1="sulfonylureas" type2="" comment=""/>
    </MEDICATION>
    <MEDICATION id="DOC18" time="after DCT" type1="calcium channel blocker" type2="">
      <MEDICATION id="M45" start="730" end="737" text="Norvasc" time="after DCT" type1="calcium channel blocker" type2="" comment=""/>
      <MEDICATION id="M46" start="730" end="737" text="Norvasc" time="after DCT" type1="calcium channel blocker" type2="" comment=""/>
      <MEDICATION id="M47" start="730" end="737" text="Norvasc" time="after DCT" type1="calcium channel blocker" type2="" comment=""/>
    </MEDICATION>
    <MEDICATION id="DOC19" time="before DCT" type1="beta blocker" type2="">
      <MEDICATION id="M48" start="704" end="713" text="Labetalol" time="before DCT" type1="beta blocker" type2="" comment=""/>
      <MEDICATION id="M49" start="704" end="713" text="Labetalol" time="before DCT" type1="beta blocker" type2="" comment=""/>
      <MEDICATION id="M50" start="704" end="713" text="Labetalol" time="before DCT" type1="beta blocker" type2="" comment=""/>
    </MEDICATION>
    <MEDICATION id="DOC20" time="during DCT" type1="beta blocker" type2="">
      <MEDICATION id="M51" start="704" end="713" text="Labetalol" time="during DCT" type1="beta blocker" type2="" comment=""/>
      <MEDICATION id="M52" start="704" end="713" text="Labetalol" time="during DCT" type1="beta blocker" type2="" comment=""/>
      <MEDICATION id="M53" start="704" end="713" text="Labetalol" time="during DCT" type1="beta blocker" type2="" comment=""/>
    </MEDICATION>
    <CAD id="DOC16" time="before DCT" indicator="event">
      <CAD id="C0" start="183" end="205" text=" myocardial infarction" time="before DCT" indicator="event" comment=""/>
      <CAD id="C1" start="183" end="205" text=" myocardial infarction" time="before DCT" indicator="event" comment=""/>
      <CAD id="C2" start="211" end="241" text="stenting procedure in February" time="before DCT" indicator="event" comment=""/>
      <CAD id="C3" start="184" end="205" text="myocardial infarction" time="before DCT" indicator="event" comment=""/>
      <CAD id="C4" start="211" end="219" text="stenting" time="before DCT" indicator="event" comment=""/>
    </CAD>
    <FAMILY_HIST id="DOC13" indicator="not present">
      <FAMILY_HIST id="F0" indicator="not present"/>
      <FAMILY_HIST id="F1" indicator="not present"/>
      <FAMILY_HIST id="F2" indicator="not present"/>
    </FAMILY_HIST>
    <SMOKER id="DOC10" status="unknown">
      <SMOKER id="S0" status="unknown"/>
      <SMOKER id="S1" status="unknown"/>
      <SMOKER id="S2" status="unknown"/>
    </SMOKER>
  </TAGS>
</root>
