<?xml version='1.0' encoding='UTF-8'?>
<root>
  <TEXT><![CDATA[


Record date: 2086-07-15

EDVISIT^92819461^STEPHENSON, BREDNA^07/15/86^WALLACE, VELMA

I saw this patient on 07/15/2086 in conjunction with Dr. Echols. 

I confirm that I have interviewed and examined the patient,

reviewed the resident's documentation on the patient's chart, and

discussed the evaluation, plan of care, and disposition with the

patient.

CHIEF COMPLAINT:  A 68-year-old female with leg pain.

HISTORY OF PRESENT ILLNESS:  The patient with known coronary

artery disease, peripheral vascular disease, and diabetes, status

post left fem-pop bypass and transmetatarsal amputation of her

left foot at the Siouxland on 05/02/2086.  This was complicated by

acute renal failure with creatinine between 1.6 and 2.4 and

labile sugars.  She was discharged to rehab on 04/19/2086 for

approximately 1 month.  Subsequently, she developed left thigh

erythema, swelling, and pain along the incision site yesterday. 

She has had no fevers, nausea, or vomiting but has had difficulty

ambulating due to pain, denies any diarrhea but has had some mild

stomach upset.

PAST MEDICAL HISTORY:  Remarkable as I said for hypertension,

diabetes, CHF, chronic renal insufficiency, peripheral vascular

disease, and hypothyroidism.  She had MIBI in 2084 with LAD and

D1 lesion.  Her EF was 35%.  She had a CABG in 2083.

Social history, family history, and review of systems are as per

the written note.

MEDICATIONS:  Amitriptyline, atenolol, aspirin,

hydrochlorothiazide, insulin, Lasix, lisinopril, Norvasc,

Synthroid, Zocor, and Zoloft.

ALLERGIES:  None.

PHYSICAL EXAMINATION:  The patient is awake and alert, in no

acute distress, however, distinctly uncomfortable.  Vital signs: 

Temperature is 97.2, pulse 59, respiratory rate 20, blood

pressure 148/67, and oxygen saturation is 97% on room air.  For

full physical exam findings, please see the resident's written

note.  Specifically, HEENT, neck, abdominal exam, and neurologic

exams are within normal limits as documented.  Respiratory exam

reveals crackles at the bases but no respiratory distress. 

Cardiovascular exam:  Regular rate and rhythm with 2/6 systolic

ejection murmur at the left upper sternal border. 

Musculoskeletal exam:  The fem-pop incision on the left leg is

concerning for purulent drainage along the incision site,

especially along the upper aspect of the upper thigh.  There is

approximately an area of 8 x 5 cm of erythema, induration, and

tenderness surrounding the area draining purulent material.  The

patient also has a transmetatarsal amputation.  The wound there

is clean, dry, and intact.

LABORATORY DATA:  CBC and electrolytes remarkable for white blood

count of 10.9, BUN and creatinine ratio of 30:1.4 respectively.

EMERGENCY DEPARTMENT COURSE:  Surgery was consulted regarding

this likely wound infection.  Vancomycin, levofloxacin, and

Flagyl were their request for antibiotics.  These were

administered in the Emergency Department, and the patient will be

admitted for likely operative debridement of this wound

infection.

 ******** Not reviewed by Attending Physician ********

PRIMARY DIAGNOSIS:  Postsurgical infection.

SECONDARY DIAGNOSIS:  Diabetes.

TERTIARY DIAGNOSIS:  Peripheral vascular disease.

DISPOSITION:  Admitted.

______________________________

WALLACE, VELMA MD

D: 07/19/86

T: 07/19/86

Dictated By: WALLACE, VELMA

eScription document:2-8532294 BF





]]></TEXT>
  <TAGS>
    <MEDICATION id="DOC0" time="during DCT" type1="ACE inhibitor" type2="">
      <MEDICATION id="M0" start="1498" end="1508" text="lisinopril" time="during DCT" type1="ACE inhibitor" type2="" comment=""/>
      <MEDICATION id="M1" start="1498" end="1508" text="lisinopril" time="during DCT" type1="ACE inhibitor" type2="" comment=""/>
      <MEDICATION id="M2" start="1498" end="1508" text="lisinopril" time="during DCT" type1="ACE inhibitor" type2="" comment=""/>
    </MEDICATION>
    <MEDICATION id="DOC1" time="after DCT" type1="statin" type2="">
      <MEDICATION id="M3" start="1531" end="1536" text="Zocor" time="after DCT" type1="statin" type2="" comment=""/>
      <MEDICATION id="M4" start="1531" end="1536" text="Zocor" time="after DCT" type1="statin" type2="" comment=""/>
      <MEDICATION id="M5" start="1531" end="1536" text="Zocor" time="after DCT" type1="statin" type2="" comment=""/>
    </MEDICATION>
    <MEDICATION id="DOC2" time="during DCT" type1="aspirin" type2="">
      <MEDICATION id="M6" start="1451" end="1458" text="aspirin" time="during DCT" type1="aspirin" type2="" comment=""/>
      <MEDICATION id="M7" start="1451" end="1458" text="aspirin" time="during DCT" type1="aspirin" type2="" comment=""/>
      <MEDICATION id="M8" start="1451" end="1458" text="aspirin" time="during DCT" type1="aspirin" type2="" comment=""/>
    </MEDICATION>
    <MEDICATION id="DOC3" time="after DCT" type1="diuretic" type2="">
      <MEDICATION id="M9" start="1461" end="1480" text="hydrochlorothiazide" time="after DCT" type1="diuretic" type2="" comment=""/>
      <MEDICATION id="M10" start="1461" end="1480" text="hydrochlorothiazide" time="after DCT" type1="diuretic" type2="" comment=""/>
      <MEDICATION id="M11" start="1461" end="1480" text="hydrochlorothiazide" time="after DCT" type1="diuretic" type2="" comment=""/>
    </MEDICATION>
    <MEDICATION id="DOC6" time="after DCT" type1="ACE inhibitor" type2="">
      <MEDICATION id="M12" start="1498" end="1508" text="lisinopril" time="after DCT" type1="ACE inhibitor" type2="" comment=""/>
      <MEDICATION id="M13" start="1498" end="1508" text="lisinopril" time="after DCT" type1="ACE inhibitor" type2="" comment=""/>
      <MEDICATION id="M14" start="1498" end="1508" text="lisinopril" time="after DCT" type1="ACE inhibitor" type2="" comment=""/>
    </MEDICATION>
    <MEDICATION id="DOC8" time="after DCT" type1="aspirin" type2="">
      <MEDICATION id="M15" start="1451" end="1458" text="aspirin" time="after DCT" type1="aspirin" type2="" comment=""/>
      <MEDICATION id="M16" start="1451" end="1458" text="aspirin" time="after DCT" type1="aspirin" type2="" comment=""/>
      <MEDICATION id="M17" start="1451" end="1458" text="aspirin" time="after DCT" type1="aspirin" type2="" comment=""/>
    </MEDICATION>
    <MEDICATION id="DOC9" time="during DCT" type1="calcium channel blocker" type2="">
      <MEDICATION id="M18" start="1510" end="1517" text="Norvasc" time="during DCT" type1="calcium channel blocker" type2="" comment=""/>
      <MEDICATION id="M19" start="1510" end="1517" text="Norvasc" time="during DCT" type1="calcium channel blocker" type2="" comment=""/>
      <MEDICATION id="M20" start="1510" end="1517" text="Norvasc" time="during DCT" type1="calcium channel blocker" type2="" comment=""/>
    </MEDICATION>
    <MEDICATION id="DOC10" time="after DCT" type1="insulin" type2="">
      <MEDICATION id="M21" start="1482" end="1489" text="insulin" time="after DCT" type1="insulin" type2="" comment=""/>
      <MEDICATION id="M22" start="1482" end="1489" text="insulin" time="after DCT" type1="insulin" type2="" comment=""/>
      <MEDICATION id="M23" start="1482" end="1489" text="insulin" time="after DCT" type1="insulin" type2="" comment=""/>
    </MEDICATION>
    <MEDICATION id="DOC13" time="before DCT" type1="calcium channel blocker" type2="">
      <MEDICATION id="M24" start="1510" end="1517" text="Norvasc" time="before DCT" type1="calcium channel blocker" type2="" comment=""/>
      <MEDICATION id="M25" start="1510" end="1517" text="Norvasc" time="before DCT" type1="calcium channel blocker" type2="" comment=""/>
      <MEDICATION id="M26" start="1510" end="1517" text="Norvasc" time="before DCT" type1="calcium channel blocker" type2="" comment=""/>
    </MEDICATION>
    <MEDICATION id="DOC15" time="after DCT" type1="beta blocker" type2="">
      <MEDICATION id="M27" start="1441" end="1449" text="atenolol" time="after DCT" type1="beta blocker" type2="" comment=""/>
      <MEDICATION id="M28" start="1441" end="1450" text="atenolol," time="after DCT" type1="beta blocker" type2="" comment=""/>
      <MEDICATION id="M29" start="1441" end="1449" text="atenolol" time="after DCT" type1="beta blocker" type2="" comment=""/>
    </MEDICATION>
    <MEDICATION id="DOC18" time="before DCT" type1="statin" type2="">
      <MEDICATION id="M30" start="1531" end="1536" text="Zocor" time="before DCT" type1="statin" type2="" comment=""/>
      <MEDICATION id="M31" start="1531" end="1536" text="Zocor" time="before DCT" type1="statin" type2="" comment=""/>
      <MEDICATION id="M32" start="1531" end="1536" text="Zocor" time="before DCT" type1="statin" type2="" comment=""/>
    </MEDICATION>
    <MEDICATION id="DOC19" time="during DCT" type1="statin" type2="">
      <MEDICATION id="M33" start="1531" end="1536" text="Zocor" time="during DCT" type1="statin" type2="" comment=""/>
      <MEDICATION id="M34" start="1531" end="1536" text="Zocor" time="during DCT" type1="statin" type2="" comment=""/>
      <MEDICATION id="M35" start="1531" end="1536" text="Zocor" time="during DCT" type1="statin" type2="" comment=""/>
    </MEDICATION>
    <MEDICATION id="DOC20" time="during DCT" type1="diuretic" type2="">
      <MEDICATION id="M36" start="1461" end="1480" text="hydrochlorothiazide" time="during DCT" type1="diuretic" type2="" comment=""/>
      <MEDICATION id="M37" start="1461" end="1480" text="hydrochlorothiazide" time="during DCT" type1="diuretic" type2="" comment=""/>
      <MEDICATION id="M38" start="1461" end="1480" text="hydrochlorothiazide" time="during DCT" type1="diuretic" type2="" comment=""/>
    </MEDICATION>
    <MEDICATION id="DOC22" time="before DCT" type1="ACE inhibitor" type2="">
      <MEDICATION id="M39" start="1498" end="1508" text="lisinopril" time="before DCT" type1="ACE inhibitor" type2="" comment=""/>
      <MEDICATION id="M40" start="1498" end="1508" text="lisinopril" time="before DCT" type1="ACE inhibitor" type2="" comment=""/>
      <MEDICATION id="M41" start="1498" end="1508" text="lisinopril" time="before DCT" type1="ACE inhibitor" type2="" comment=""/>
    </MEDICATION>
    <MEDICATION id="DOC24" time="before DCT" type1="aspirin" type2="">
      <MEDICATION id="M42" start="1451" end="1458" text="aspirin" time="before DCT" type1="aspirin" type2="" comment=""/>
      <MEDICATION id="M43" start="1451" end="1458" text="aspirin" time="before DCT" type1="aspirin" type2="" comment=""/>
      <MEDICATION id="M44" start="1451" end="1458" text="aspirin" time="before DCT" type1="aspirin" type2="" comment=""/>
    </MEDICATION>
    <MEDICATION id="DOC26" time="before DCT" type1="diuretic" type2="">
      <MEDICATION id="M45" start="1461" end="1480" text="hydrochlorothiazide" time="before DCT" type1="diuretic" type2="" comment=""/>
      <MEDICATION id="M46" start="1461" end="1480" text="hydrochlorothiazide" time="before DCT" type1="diuretic" type2="" comment=""/>
      <MEDICATION id="M47" start="1461" end="1480" text="hydrochlorothiazide" time="before DCT" type1="diuretic" type2="" comment=""/>
    </MEDICATION>
    <MEDICATION id="DOC27" time="before DCT" type1="insulin" type2="">
      <MEDICATION id="M48" start="1482" end="1489" text="insulin" time="before DCT" type1="insulin" type2="" comment=""/>
      <MEDICATION id="M49" start="1482" end="1489" text="insulin" time="before DCT" type1="insulin" type2="" comment=""/>
      <MEDICATION id="M50" start="1482" end="1489" text="insulin" time="before DCT" type1="insulin" type2="" comment=""/>
    </MEDICATION>
    <MEDICATION id="DOC29" time="after DCT" type1="calcium channel blocker" type2="">
      <MEDICATION id="M51" start="1510" end="1517" text="Norvasc" time="after DCT" type1="calcium channel blocker" type2="" comment=""/>
      <MEDICATION id="M52" start="1510" end="1517" text="Norvasc" time="after DCT" type1="calcium channel blocker" type2="" comment=""/>
      <MEDICATION id="M53" start="1510" end="1517" text="Norvasc" time="after DCT" type1="calcium channel blocker" type2="" comment=""/>
    </MEDICATION>
    <MEDICATION id="DOC31" time="during DCT" type1="insulin" type2="">
      <MEDICATION id="M54" start="1482" end="1489" text="insulin" time="during DCT" type1="insulin" type2="" comment=""/>
      <MEDICATION id="M55" start="1482" end="1489" text="insulin" time="during DCT" type1="insulin" type2="" comment=""/>
      <MEDICATION id="M56" start="1482" end="1489" text="insulin" time="during DCT" type1="insulin" type2="" comment=""/>
    </MEDICATION>
    <MEDICATION id="DOC32" time="before DCT" type1="beta blocker" type2="">
      <MEDICATION id="M57" start="1441" end="1449" text="atenolol" time="before DCT" type1="beta blocker" type2="" comment=""/>
      <MEDICATION id="M58" start="1441" end="1450" text="atenolol," time="before DCT" type1="beta blocker" type2="" comment=""/>
      <MEDICATION id="M59" start="1441" end="1449" text="atenolol" time="before DCT" type1="beta blocker" type2="" comment=""/>
    </MEDICATION>
    <MEDICATION id="DOC33" time="during DCT" type1="beta blocker" type2="">
      <MEDICATION id="M60" start="1441" end="1449" text="atenolol" time="during DCT" type1="beta blocker" type2="" comment=""/>
      <MEDICATION id="M61" start="1441" end="1450" text="atenolol," time="during DCT" type1="beta blocker" type2="" comment=""/>
      <MEDICATION id="M62" start="1441" end="1449" text="atenolol" time="during DCT" type1="beta blocker" type2="" comment=""/>
    </MEDICATION>
    <HYPERTENSION id="DOC4" time="during DCT" indicator="mention">
      <HYPERTENSION id="H0" start="1128" end="1140" text="hypertension" time="during DCT" indicator="mention" comment=""/>
      <HYPERTENSION id="H1" start="1128" end="1141" text="hypertension," time="during DCT" indicator="mention" comment=""/>
      <HYPERTENSION id="H2" start="1128" end="1140" text="hypertension" time="during DCT" indicator="mention" comment=""/>
    </HYPERTENSION>
    <HYPERTENSION id="DOC12" time="during DCT" indicator="high bp">
      <HYPERTENSION id="H3" start="1766" end="1773" text=" 148/67" time="during DCT" indicator="high bp" comment=""/>
      <HYPERTENSION id="H4" start="1767" end="1773" text="148/67" time="during DCT" indicator="high bp" comment=""/>
      <HYPERTENSION id="H5" start="1751" end="1773" text="blood  pressure 148/67" time="during DCT" indicator="high bp" comment=""/>
    </HYPERTENSION>
    <HYPERTENSION id="DOC14" time="after DCT" indicator="mention">
      <HYPERTENSION id="H6" start="1128" end="1140" text="hypertension" time="after DCT" indicator="mention" comment=""/>
      <HYPERTENSION id="H7" start="1128" end="1141" text="hypertension," time="after DCT" indicator="mention" comment=""/>
      <HYPERTENSION id="H8" start="1128" end="1140" text="hypertension" time="after DCT" indicator="mention" comment=""/>
    </HYPERTENSION>
    <HYPERTENSION id="DOC30" time="before DCT" indicator="mention">
      <HYPERTENSION id="H9" start="1128" end="1140" text="hypertension" time="before DCT" indicator="mention" comment=""/>
      <HYPERTENSION id="H10" start="1128" end="1141" text="hypertension," time="before DCT" indicator="mention" comment=""/>
      <HYPERTENSION id="H11" start="1128" end="1140" text="hypertension" time="before DCT" indicator="mention" comment=""/>
    </HYPERTENSION>
    <CAD id="DOC11" time="before DCT" indicator="test">
      <CAD id="C0" start="1264" end="1282" text="LAD and  D1 lesion" time="before DCT" indicator="test" comment=""/>
      <CAD id="C1" start="1246" end="1282" text="MIBI in 2084 with LAD and  D1 lesion" time="before DCT" indicator="test" comment=""/>
    </CAD>
    <CAD id="DOC17" time="after DCT" indicator="mention">
      <CAD id="C2" start="467" end="491" text="coronary  artery disease" time="after DCT" indicator="mention" comment=""/>
      <CAD id="C3" start="467" end="491" text="coronary  artery disease" time="after DCT" indicator="mention" comment=""/>
      <CAD id="C4" start="467" end="491" text="coronary  artery disease" time="after DCT" indicator="mention" comment=""/>
    </CAD>
    <CAD id="DOC23" time="during DCT" indicator="mention">
      <CAD id="C5" start="467" end="491" text="coronary  artery disease" time="during DCT" indicator="mention" comment=""/>
      <CAD id="C6" start="467" end="491" text="coronary  artery disease" time="during DCT" indicator="mention" comment=""/>
      <CAD id="C7" start="467" end="491" text="coronary  artery disease" time="during DCT" indicator="mention" comment=""/>
    </CAD>
    <CAD id="DOC28" time="before DCT" indicator="event">
      <CAD id="C8" start="1246" end="1299" text="MIBI in 2084 with LAD and  D1 lesion.  Her EF was 35%" time="before DCT" indicator="event" comment=""/>
      <CAD id="C9" start="1312" end="1325" text="CABG in 2083." time="before DCT" indicator="event" comment=""/>
      <CAD id="C10" start="1312" end="1317" text="CABG " time="before DCT" indicator="event" comment=""/>
      <CAD id="C11" start="1310" end="1324" text="a CABG in 2083" time="before DCT" indicator="event" comment=""/>
    </CAD>
    <CAD id="DOC34" time="before DCT" indicator="mention">
      <CAD id="C12" start="467" end="491" text="coronary  artery disease" time="before DCT" indicator="mention" comment=""/>
      <CAD id="C13" start="467" end="491" text="coronary  artery disease" time="before DCT" indicator="mention" comment=""/>
      <CAD id="C14" start="467" end="491" text="coronary  artery disease" time="before DCT" indicator="mention" comment=""/>
    </CAD>
    <FAMILY_HIST id="DOC21" indicator="not present">
      <FAMILY_HIST id="F0" indicator="not present"/>
      <FAMILY_HIST id="F1" indicator="not present"/>
      <FAMILY_HIST id="F2" indicator="not present"/>
    </FAMILY_HIST>
    <SMOKER id="DOC16" status="unknown">
      <SMOKER id="S0" status="unknown"/>
      <SMOKER id="S1" start="3" end="9" text="Record" status="unknown" comment=""/>
      <SMOKER id="S2" status="unknown"/>
    </SMOKER>
    <DIABETES id="DOC5" time="before DCT" indicator="mention">
      <DIABETES id="D0" start="526" end="534" text="diabetes" time="before DCT" indicator="mention" comment=""/>
      <DIABETES id="D1" start="526" end="534" text="diabetes" time="before DCT" indicator="mention" comment=""/>
      <DIABETES id="D2" start="526" end="534" text="diabetes" time="before DCT" indicator="mention" comment=""/>
    </DIABETES>
    <DIABETES id="DOC7" time="during DCT" indicator="mention">
      <DIABETES id="D3" start="526" end="534" text="diabetes" time="during DCT" indicator="mention" comment=""/>
      <DIABETES id="D4" start="526" end="534" text="diabetes" time="during DCT" indicator="mention" comment=""/>
      <DIABETES id="D5" start="526" end="534" text="diabetes" time="during DCT" indicator="mention" comment=""/>
    </DIABETES>
    <DIABETES id="DOC25" time="after DCT" indicator="mention">
      <DIABETES id="D6" start="526" end="534" text="diabetes" time="after DCT" indicator="mention" comment=""/>
      <DIABETES id="D7" start="526" end="534" text="diabetes" time="after DCT" indicator="mention" comment=""/>
      <DIABETES id="D8" start="526" end="534" text="diabetes" time="after DCT" indicator="mention" comment=""/>
    </DIABETES>
  </TAGS>
</root>
