<?xml version='1.0' encoding='UTF-8'?>
<root>
  <TEXT><![CDATA[


Record date: 2124-03-01



Problems
Diabetes mellitus type 2 : 10/20
Hyperlipidemia : 10/20
Smoking 
sp oral cancer : 6/21
Thyroid nodule 

cad
stent placement
Medications
Aspirin (ACETYLSALICYLIC ACID) 325 MG (325MG TABLET Take 1) PO QD 
Atenolol 50MG TABLET Take 1 Tablet(s) PO QD 
Lipitor (ATORVASTATIN) 80 MG (80MG TABLET Take 1) QD #30 Tablet(s)
Nitroglycerin 1/200 (0.3 MG) 1 TAB SL as directed PRN chest pain , 1 Q 5 minutes X 3 prn 
Plavix (CLOPIDOGREL) 75 MG (75MG TABLET Take 1) PO QD 
Zestril (LISINOPRIL) 10 MG (10MG TABLET Take 1) PO QD #30 Tablet(s)

Allergies
Tetracycline Hcl - headache, : 
Vital Signs
BP 170/80, P 64
O2 SAT 98 

Comes in today after stent pacement 
no chest pain
walks
not strict with diabetes to date
chest clear
hs 1,2
carotids ok
no nodes 
abdo nad
pulses present
Reinforced the need for tight control of her diabetes, bp and lipids given her recent cad
will add metformin bid
increase zestril 20mg
may be able to reduce dose of lipitor to 40 mg if target ldl of 70 is reached
tcb 6/67






]]></TEXT>
  <TAGS>
    <HYPERLIPIDEMIA id="DOC12" time="during DCT" indicator="mention">
      <HYPERLIPIDEMIA id="HY0" start="72" end="94" text="Hyperlipidemia : 10/20" time="during DCT" indicator="mention" comment=""/>
      <HYPERLIPIDEMIA id="HY1" start="72" end="86" text="Hyperlipidemia" time="during DCT" indicator="mention" comment=""/>
      <HYPERLIPIDEMIA id="HY2" start="72" end="86" text="Hyperlipidemia" time="during DCT" indicator="mention" comment=""/>
    </HYPERLIPIDEMIA>
    <HYPERLIPIDEMIA id="DOC20" time="after DCT" indicator="mention">
      <HYPERLIPIDEMIA id="HY3" start="72" end="94" text="Hyperlipidemia : 10/20" time="after DCT" indicator="mention" comment=""/>
      <HYPERLIPIDEMIA id="HY4" start="72" end="86" text="Hyperlipidemia" time="after DCT" indicator="mention" comment=""/>
      <HYPERLIPIDEMIA id="HY5" start="72" end="86" text="Hyperlipidemia" time="after DCT" indicator="mention" comment=""/>
    </HYPERLIPIDEMIA>
    <HYPERLIPIDEMIA id="DOC26" time="before DCT" indicator="mention">
      <HYPERLIPIDEMIA id="HY6" start="72" end="94" text="Hyperlipidemia : 10/20" time="before DCT" indicator="mention" comment=""/>
      <HYPERLIPIDEMIA id="HY7" start="72" end="86" text="Hyperlipidemia" time="before DCT" indicator="mention" comment=""/>
      <HYPERLIPIDEMIA id="HY8" start="72" end="86" text="Hyperlipidemia" time="before DCT" indicator="mention" comment=""/>
    </HYPERLIPIDEMIA>
    <MEDICATION id="DOC0" time="during DCT" type1="ACE inhibitor" type2="">
      <MEDICATION id="M0" start="499" end="506" text="Zestril" time="during DCT" type1="ACE inhibitor" type2="" comment=""/>
      <MEDICATION id="M1" start="499" end="506" text="Zestril" time="during DCT" type1="ACE inhibitor" type2="" comment=""/>
      <MEDICATION id="M2" start="927" end="934" text="zestril" time="during DCT" type1="ACE inhibitor" type2="" comment=""/>
      <MEDICATION id="M3" start="499" end="506" text="Zestril" time="during DCT" type1="ACE inhibitor" type2="" comment=""/>
    </MEDICATION>
    <MEDICATION id="DOC1" time="after DCT" type1="statin" type2="">
      <MEDICATION id="M4" start="287" end="294" text="Lipitor" time="after DCT" type1="statin" type2="" comment=""/>
      <MEDICATION id="M5" start="287" end="294" text="Lipitor" time="after DCT" type1="statin" type2="" comment=""/>
      <MEDICATION id="M6" start="970" end="977" text="lipitor" time="after DCT" type1="statin" type2="" comment=""/>
      <MEDICATION id="M7" start="287" end="295" text="Lipitor " time="after DCT" type1="statin" type2="" comment=""/>
    </MEDICATION>
    <MEDICATION id="DOC2" time="during DCT" type1="aspirin" type2="">
      <MEDICATION id="M8" start="175" end="182" text="Aspirin" time="during DCT" type1="aspirin" type2="" comment=""/>
      <MEDICATION id="M9" start="175" end="182" text="Aspirin" time="during DCT" type1="aspirin" type2="" comment=""/>
      <MEDICATION id="M10" start="175" end="182" text="Aspirin" time="during DCT" type1="aspirin" type2="" comment=""/>
    </MEDICATION>
    <MEDICATION id="DOC3" time="during DCT" type1="thienopyridine" type2="">
      <MEDICATION id="M11" start="444" end="450" text="Plavix" time="during DCT" type1="thienopyridine" type2="" comment=""/>
      <MEDICATION id="M12" start="444" end="450" text="Plavix" time="during DCT" type1="thienopyridine" type2="" comment=""/>
      <MEDICATION id="M13" start="444" end="451" text="Plavix " time="during DCT" type1="thienopyridine" type2="" comment=""/>
    </MEDICATION>
    <MEDICATION id="DOC4" time="after DCT" type1="metformin" type2="">
      <MEDICATION id="M14" start="900" end="913" text="add metformin" time="after DCT" type1="metformin" type2="" comment=""/>
      <MEDICATION id="M15" start="900" end="912" text="add metformi" time="after DCT" type1="metformin" type2="" comment=""/>
    </MEDICATION>
    <MEDICATION id="DOC6" time="after DCT" type1="ACE inhibitor" type2="">
      <MEDICATION id="M16" start="499" end="506" text="Zestril" time="after DCT" type1="ACE inhibitor" type2="" comment=""/>
      <MEDICATION id="M17" start="499" end="506" text="Zestril" time="after DCT" type1="ACE inhibitor" type2="" comment=""/>
      <MEDICATION id="M18" start="927" end="934" text="zestril" time="after DCT" type1="ACE inhibitor" type2="" comment=""/>
      <MEDICATION id="M19" start="499" end="506" text="Zestril" time="after DCT" type1="ACE inhibitor" type2="" comment=""/>
    </MEDICATION>
    <MEDICATION id="DOC7" time="before DCT" type1="ACE inhibitor" type2="">
      <MEDICATION id="M20" start="499" end="506" text="Zestril" time="before DCT" type1="ACE inhibitor" type2="" comment=""/>
      <MEDICATION id="M21" start="499" end="506" text="Zestril" time="before DCT" type1="ACE inhibitor" type2="" comment=""/>
      <MEDICATION id="M22" start="927" end="934" text="zestril" time="before DCT" type1="ACE inhibitor" type2="" comment=""/>
      <MEDICATION id="M23" start="499" end="506" text="Zestril" time="before DCT" type1="ACE inhibitor" type2="" comment=""/>
    </MEDICATION>
    <MEDICATION id="DOC9" time="after DCT" type1="aspirin" type2="">
      <MEDICATION id="M24" start="175" end="182" text="Aspirin" time="after DCT" type1="aspirin" type2="" comment=""/>
      <MEDICATION id="M25" start="175" end="182" text="Aspirin" time="after DCT" type1="aspirin" type2="" comment=""/>
      <MEDICATION id="M26" start="175" end="182" text="Aspirin" time="after DCT" type1="aspirin" type2="" comment=""/>
    </MEDICATION>
    <MEDICATION id="DOC10" time="after DCT" type1="nitrate" type2="">
      <MEDICATION id="M27" start="354" end="367" text="Nitroglycerin" time="after DCT" type1="nitrate" type2="" comment=""/>
      <MEDICATION id="M28" start="354" end="367" text="Nitroglycerin" time="after DCT" type1="nitrate" type2="" comment=""/>
      <MEDICATION id="M29" start="354" end="368" text="Nitroglycerin " time="after DCT" type1="nitrate" type2="" comment=""/>
    </MEDICATION>
    <MEDICATION id="DOC11" time="during DCT" type1="nitrate" type2="">
      <MEDICATION id="M30" start="354" end="367" text="Nitroglycerin" time="during DCT" type1="nitrate" type2="" comment=""/>
      <MEDICATION id="M31" start="354" end="367" text="Nitroglycerin" time="during DCT" type1="nitrate" type2="" comment=""/>
      <MEDICATION id="M32" start="354" end="368" text="Nitroglycerin " time="during DCT" type1="nitrate" type2="" comment=""/>
    </MEDICATION>
    <MEDICATION id="DOC14" time="after DCT" type1="thienopyridine" type2="">
      <MEDICATION id="M33" start="444" end="450" text="Plavix" time="after DCT" type1="thienopyridine" type2="" comment=""/>
      <MEDICATION id="M34" start="444" end="450" text="Plavix" time="after DCT" type1="thienopyridine" type2="" comment=""/>
      <MEDICATION id="M35" start="444" end="451" text="Plavix " time="after DCT" type1="thienopyridine" type2="" comment=""/>
    </MEDICATION>
    <MEDICATION id="DOC15" time="after DCT" type1="beta blocker" type2="">
      <MEDICATION id="M36" start="242" end="250" text="Atenolol" time="after DCT" type1="beta blocker" type2="" comment=""/>
      <MEDICATION id="M37" start="242" end="250" text="Atenolol" time="after DCT" type1="beta blocker" type2="" comment=""/>
      <MEDICATION id="M38" start="242" end="251" text="Atenolol " time="after DCT" type1="beta blocker" type2="" comment=""/>
    </MEDICATION>
    <MEDICATION id="DOC17" time="before DCT" type1="statin" type2="">
      <MEDICATION id="M39" start="287" end="294" text="Lipitor" time="before DCT" type1="statin" type2="" comment=""/>
      <MEDICATION id="M40" start="287" end="294" text="Lipitor" time="before DCT" type1="statin" type2="" comment=""/>
      <MEDICATION id="M41" start="970" end="977" text="lipitor" time="before DCT" type1="statin" type2="" comment=""/>
      <MEDICATION id="M42" start="287" end="295" text="Lipitor " time="before DCT" type1="statin" type2="" comment=""/>
    </MEDICATION>
    <MEDICATION id="DOC18" time="during DCT" type1="statin" type2="">
      <MEDICATION id="M43" start="287" end="294" text="Lipitor" time="during DCT" type1="statin" type2="" comment=""/>
      <MEDICATION id="M44" start="287" end="294" text="Lipitor" time="during DCT" type1="statin" type2="" comment=""/>
      <MEDICATION id="M45" start="970" end="977" text="lipitor" time="during DCT" type1="statin" type2="" comment=""/>
      <MEDICATION id="M46" start="287" end="295" text="Lipitor " time="during DCT" type1="statin" type2="" comment=""/>
    </MEDICATION>
    <MEDICATION id="DOC22" time="before DCT" type1="aspirin" type2="">
      <MEDICATION id="M47" start="175" end="182" text="Aspirin" time="before DCT" type1="aspirin" type2="" comment=""/>
      <MEDICATION id="M48" start="175" end="182" text="Aspirin" time="before DCT" type1="aspirin" type2="" comment=""/>
      <MEDICATION id="M49" start="175" end="182" text="Aspirin" time="before DCT" type1="aspirin" type2="" comment=""/>
    </MEDICATION>
    <MEDICATION id="DOC23" time="before DCT" type1="nitrate" type2="">
      <MEDICATION id="M50" start="354" end="367" text="Nitroglycerin" time="before DCT" type1="nitrate" type2="" comment=""/>
      <MEDICATION id="M51" start="354" end="367" text="Nitroglycerin" time="before DCT" type1="nitrate" type2="" comment=""/>
      <MEDICATION id="M52" start="354" end="368" text="Nitroglycerin " time="before DCT" type1="nitrate" type2="" comment=""/>
    </MEDICATION>
    <MEDICATION id="DOC28" time="before DCT" type1="thienopyridine" type2="">
      <MEDICATION id="M53" start="444" end="450" text="Plavix" time="before DCT" type1="thienopyridine" type2="" comment=""/>
      <MEDICATION id="M54" start="444" end="450" text="Plavix" time="before DCT" type1="thienopyridine" type2="" comment=""/>
      <MEDICATION id="M55" start="444" end="451" text="Plavix " time="before DCT" type1="thienopyridine" type2="" comment=""/>
    </MEDICATION>
    <MEDICATION id="DOC29" time="before DCT" type1="beta blocker" type2="">
      <MEDICATION id="M56" start="242" end="250" text="Atenolol" time="before DCT" type1="beta blocker" type2="" comment=""/>
      <MEDICATION id="M57" start="242" end="250" text="Atenolol" time="before DCT" type1="beta blocker" type2="" comment=""/>
      <MEDICATION id="M58" start="242" end="251" text="Atenolol " time="before DCT" type1="beta blocker" type2="" comment=""/>
    </MEDICATION>
    <MEDICATION id="DOC30" time="during DCT" type1="beta blocker" type2="">
      <MEDICATION id="M59" start="242" end="250" text="Atenolol" time="during DCT" type1="beta blocker" type2="" comment=""/>
      <MEDICATION id="M60" start="242" end="250" text="Atenolol" time="during DCT" type1="beta blocker" type2="" comment=""/>
      <MEDICATION id="M61" start="242" end="251" text="Atenolol " time="during DCT" type1="beta blocker" type2="" comment=""/>
    </MEDICATION>
    <HYPERTENSION id="DOC13" time="during DCT" indicator="high bp">
      <HYPERTENSION id="H0" start="622" end="632" text="BP 170/80," time="during DCT" indicator="high bp" comment=""/>
      <HYPERTENSION id="H1" start="622" end="631" text="BP 170/80" time="during DCT" indicator="high bp" comment=""/>
      <HYPERTENSION id="H2" start="625" end="631" text="170/80" time="during DCT" indicator="high bp" comment=""/>
    </HYPERTENSION>
    <CAD id="DOC16" time="after DCT" indicator="mention">
      <CAD id="C0" start="143" end="146" text="cad" time="after DCT" indicator="mention" comment=""/>
      <CAD id="C1" start="143" end="146" text="cad" time="after DCT" indicator="mention" comment=""/>
      <CAD id="C2" start="891" end="894" text="cad" time="after DCT" indicator="mention" comment=""/>
      <CAD id="C3" start="143" end="146" text="cad" time="after DCT" indicator="mention" comment=""/>
      <CAD id="C4" start="354" end="368" text="Nitroglycerin " time="after DCT" indicator="mention" comment=""/>
    </CAD>
    <CAD id="DOC21" time="during DCT" indicator="mention">
      <CAD id="C5" start="143" end="146" text="cad" time="during DCT" indicator="mention" comment=""/>
      <CAD id="C6" start="143" end="146" text="cad" time="during DCT" indicator="mention" comment=""/>
      <CAD id="C7" start="891" end="894" text="cad" time="during DCT" indicator="mention" comment=""/>
      <CAD id="C8" start="143" end="146" text="cad" time="during DCT" indicator="mention" comment=""/>
      <CAD id="C9" start="354" end="368" text="Nitroglycerin " time="during DCT" indicator="mention" comment=""/>
    </CAD>
    <CAD id="DOC25" time="before DCT" indicator="event">
      <CAD id="C10" start="147" end="162" text="stent placement" time="before DCT" indicator="event" comment=""/>
      <CAD id="C11" start="147" end="162" text="stent placement" time="before DCT" indicator="event" comment=""/>
    </CAD>
    <CAD id="DOC31" time="before DCT" indicator="mention">
      <CAD id="C12" start="143" end="146" text="cad" time="before DCT" indicator="mention" comment=""/>
      <CAD id="C13" start="143" end="146" text="cad" time="before DCT" indicator="mention" comment=""/>
      <CAD id="C14" start="891" end="894" text="cad" time="before DCT" indicator="mention" comment=""/>
      <CAD id="C15" start="143" end="146" text="cad" time="before DCT" indicator="mention" comment=""/>
      <CAD id="C16" start="354" end="368" text="Nitroglycerin " time="before DCT" indicator="mention" comment=""/>
    </CAD>
    <FAMILY_HIST id="DOC19" indicator="not present">
      <FAMILY_HIST id="F0" indicator="not present"/>
      <FAMILY_HIST id="F1" indicator="not present"/>
      <FAMILY_HIST id="F2" indicator="not present"/>
    </FAMILY_HIST>
    <SMOKER id="DOC27" status="current">
      <SMOKER id="S0" start="95" end="102" text="Smoking" status="current" comment=""/>
      <SMOKER id="S1" start="95" end="102" text="Smoking" status="current" comment=""/>
    </SMOKER>
    <DIABETES id="DOC5" time="before DCT" indicator="mention">
      <DIABETES id="D0" start="39" end="71" text="Diabetes mellitus type 2 : 10/20" time="before DCT" indicator="mention" comment=""/>
      <DIABETES id="D1" start="39" end="63" text="Diabetes mellitus type 2" time="before DCT" indicator="mention" comment=""/>
      <DIABETES id="D2" start="850" end="858" text="diabetes" time="before DCT" indicator="mention" comment=""/>
      <DIABETES id="D3" start="723" end="731" text="diabetes" time="before DCT" indicator="mention" comment=""/>
      <DIABETES id="D4" start="39" end="48" text="Diabetes " time="before DCT" indicator="mention" comment=""/>
    </DIABETES>
    <DIABETES id="DOC8" time="during DCT" indicator="mention">
      <DIABETES id="D5" start="39" end="71" text="Diabetes mellitus type 2 : 10/20" time="during DCT" indicator="mention" comment=""/>
      <DIABETES id="D6" start="39" end="63" text="Diabetes mellitus type 2" time="during DCT" indicator="mention" comment=""/>
      <DIABETES id="D7" start="850" end="858" text="diabetes" time="during DCT" indicator="mention" comment=""/>
      <DIABETES id="D8" start="723" end="731" text="diabetes" time="during DCT" indicator="mention" comment=""/>
      <DIABETES id="D9" start="39" end="48" text="Diabetes " time="during DCT" indicator="mention" comment=""/>
    </DIABETES>
    <DIABETES id="DOC24" time="after DCT" indicator="mention">
      <DIABETES id="D10" start="39" end="71" text="Diabetes mellitus type 2 : 10/20" time="after DCT" indicator="mention" comment=""/>
      <DIABETES id="D11" start="39" end="63" text="Diabetes mellitus type 2" time="after DCT" indicator="mention" comment=""/>
      <DIABETES id="D12" start="850" end="858" text="diabetes" time="after DCT" indicator="mention" comment=""/>
      <DIABETES id="D13" start="723" end="731" text="diabetes" time="after DCT" indicator="mention" comment=""/>
      <DIABETES id="D14" start="39" end="48" text="Diabetes " time="after DCT" indicator="mention" comment=""/>
    </DIABETES>
  </TAGS>
</root>
