<?xml version='1.0' encoding='UTF-8'?>
<root>
  <TEXT><![CDATA[


Record date: 2151-04-11

 
                                              
                                                     FHC CANCER CENTER
                                         Oncology

cc: locally advanced pancreatic cancer 

INTERVAL HISTORY Black bowel movement x 2 this morning, ?tarry, feels lousy, + indigestion. 

ONCOLOGIC HISTORY:  
- Mr. Caldwell reports "zingers" beginning a couple of months ago, describing RUQ intermittent, fleeting boughts of pain. - -Mr. Caldwell was referred for CT scan and subsequently EUS/bx on 1/13/51, pathology of  pancreatic head mass is consistent with adenocarcinoma. 
-Mr. Caldwell was referred to Dr. Macias and found to have unfortunately tumor abutting/invading portal vein and thus unresectable disease, and was referred for chemoradiation and potential IORT candidacy. 
 - chemoradiation CIV 5FU/XRT 3/20/51 - current

PMHx:
CAD, s/p CATH, circumflex stent 3/151
AAA repair 2131, endovascular repair 2/2151
HTN
NIDDM 6 years ago
colonoscopy January 2151 - "nrml"
spinal stenosis
kidney stonesCholecystectomy 2131
prostate cancer 2142, prostatectomy
lung cancer (RLL) 2143, surgically resected...5 years for f/up no recurrence

ALLERGY: IV contrast, parotid swelling , sudaphed - insomnia

MEDICATIONS:
Clopidogrel 75 MG (75MG TABLET take 1) PO QD 
Compazine (PROCHLORPERAZINE MALEATE) 10 MG (10MG TABLET take 1) PO Q6H PRN 
Ecasa 325 MG PO QD 
Glyburide 10 MG (5MG TABLET ) PO BID 
Lisinopril 5 MG (5MG TABLET take 1) PO QD 
Metoprolol TARTRATE 25 MG (25MG TABLET take 1) PO BID 
Simvastatin 80 MG (80MG TABLET take 1) PO QHS 

PE:

Vital Signs
HT. 67.75 in
WEIGHT 148 lb
TEMPERATURE 96.7 F
PULSE SITTING 76 
RESPIRATORY RATE 16 
BLOOD PRESSURE 80/54 
PAIN LEVEL (0-10) 0 
FATIGUE (0-10) 5 

GENERAL:  ashen, arrives in wheelchair, fatigued
HEENT: - oral/ph
LUNG: CTA b 
CARD: nrml S1S2, port site unremarkable
ABD: +BS soft NTND 
EXT: -e
NEURO: AAO x 3


Results
04/11/2151 NA PEND,  K PEND,  CL PEND,  CO2 PEND,  BUN PEND,  CRE PEND,  GLU PEND

04/11/2151 CA PEND,  TBILI PEND,  DBILI PEND,  TP PEND,  ALB PEND,  GLOB PEND

04/11/2151 ALT/SGPT PEND,  AST/SGOT PEND,  ALKP PEND,  TBILI PEND,  DBILI PEND

04/11/2151 WBC 7.4,  RBC 2.86 (L),  HGB 8.7 (L),  HCT 24.7 (L),  MCV 86,  MCH 30.5,  MCHC 35.4,  PLT 228
     
IMPRESSION: Mr. Caldwell is a 75 yo male with h/o CAD, AAA, NIDDM and locally advanced pancreatic adenocarcinoma receiving chemoradiation (CIV 5FU), with potential IORT (intraoperative radiation therapy) post treatment.  Black BM x 2 this AM, arrives in clinic ashen, hypotensive with decrease in HCT, likely GI bleeding. ?Source erosion of pancreatic cancer into duodenum, stomach; bleed from aneurysm, vs other.  Per ER systolics in 90s, to get IVF and anticipate stable for floor. Discussed GI consult and notify vascualr (Dr. Quan's team) of admission/GI bleeding.  Chemotherapy pump discontinued.  Transfusion/resuscitation as needed. 

Angeline Barajas, MD
Oncology

cc:
Vera, A. MD
Quan, J. MD
Macias, B. MD
Erickson, F. MD
Hendrickson, D. MD




]]></TEXT>
  <TAGS>
    <MEDICATION id="DOC0" time="during DCT" type1="ACE inhibitor" type2="">
      <MEDICATION id="M0" start="1444" end="1454" text="Lisinopril" time="during DCT" type1="ACE inhibitor" type2="" comment=""/>
      <MEDICATION id="M1" start="1444" end="1455" text="Lisinopril " time="during DCT" type1="ACE inhibitor" type2="" comment=""/>
      <MEDICATION id="M2" start="1444" end="1454" text="Lisinopril" time="during DCT" type1="ACE inhibitor" type2="" comment=""/>
    </MEDICATION>
    <MEDICATION id="DOC1" time="after DCT" type1="statin" type2="">
      <MEDICATION id="M3" start="1542" end="1553" text="Simvastatin" time="after DCT" type1="statin" type2="" comment=""/>
      <MEDICATION id="M4" start="1542" end="1553" text="Simvastatin" time="after DCT" type1="statin" type2="" comment=""/>
      <MEDICATION id="M5" start="1542" end="1553" text="Simvastatin" time="after DCT" type1="statin" type2="" comment=""/>
    </MEDICATION>
    <MEDICATION id="DOC2" time="during DCT" type1="aspirin" type2="">
      <MEDICATION id="M6" start="1386" end="1391" text="Ecasa" time="during DCT" type1="aspirin" type2="" comment=""/>
      <MEDICATION id="M7" start="1386" end="1391" text="Ecasa" time="during DCT" type1="aspirin" type2="" comment=""/>
      <MEDICATION id="M8" start="1386" end="1391" text="Ecasa" time="during DCT" type1="aspirin" type2="" comment=""/>
    </MEDICATION>
    <MEDICATION id="DOC3" time="during DCT" type1="thienopyridine" type2="">
      <MEDICATION id="M9" start="1264" end="1275" text="Clopidogrel" time="during DCT" type1="thienopyridine" type2="" comment=""/>
      <MEDICATION id="M10" start="1264" end="1276" text="Clopidogrel " time="during DCT" type1="thienopyridine" type2="" comment=""/>
      <MEDICATION id="M11" start="1264" end="1275" text="Clopidogrel" time="during DCT" type1="thienopyridine" type2="" comment=""/>
    </MEDICATION>
    <MEDICATION id="DOC6" time="after DCT" type1="ACE inhibitor" type2="">
      <MEDICATION id="M12" start="1444" end="1454" text="Lisinopril" time="after DCT" type1="ACE inhibitor" type2="" comment=""/>
      <MEDICATION id="M13" start="1444" end="1455" text="Lisinopril " time="after DCT" type1="ACE inhibitor" type2="" comment=""/>
      <MEDICATION id="M14" start="1444" end="1454" text="Lisinopril" time="after DCT" type1="ACE inhibitor" type2="" comment=""/>
    </MEDICATION>
    <MEDICATION id="DOC8" time="after DCT" type1="aspirin" type2="">
      <MEDICATION id="M15" start="1386" end="1391" text="Ecasa" time="after DCT" type1="aspirin" type2="" comment=""/>
      <MEDICATION id="M16" start="1386" end="1391" text="Ecasa" time="after DCT" type1="aspirin" type2="" comment=""/>
      <MEDICATION id="M17" start="1386" end="1391" text="Ecasa" time="after DCT" type1="aspirin" type2="" comment=""/>
    </MEDICATION>
    <MEDICATION id="DOC9" time="after DCT" type1="sulfonylureas" type2="">
      <MEDICATION id="M18" start="1406" end="1415" text="Glyburide" time="after DCT" type1="sulfonylureas" type2="" comment=""/>
      <MEDICATION id="M19" start="1406" end="1415" text="Glyburide" time="after DCT" type1="sulfonylureas" type2="" comment=""/>
      <MEDICATION id="M20" start="1406" end="1415" text="Glyburide" time="after DCT" type1="sulfonylureas" type2="" comment=""/>
    </MEDICATION>
    <MEDICATION id="DOC10" time="during DCT" type1="sulfonylureas" type2="">
      <MEDICATION id="M21" start="1406" end="1415" text="Glyburide" time="during DCT" type1="sulfonylureas" type2="" comment=""/>
      <MEDICATION id="M22" start="1406" end="1415" text="Glyburide" time="during DCT" type1="sulfonylureas" type2="" comment=""/>
      <MEDICATION id="M23" start="1406" end="1415" text="Glyburide" time="during DCT" type1="sulfonylureas" type2="" comment=""/>
    </MEDICATION>
    <MEDICATION id="DOC11" time="after DCT" type1="thienopyridine" type2="">
      <MEDICATION id="M24" start="1264" end="1275" text="Clopidogrel" time="after DCT" type1="thienopyridine" type2="" comment=""/>
      <MEDICATION id="M25" start="1264" end="1276" text="Clopidogrel " time="after DCT" type1="thienopyridine" type2="" comment=""/>
      <MEDICATION id="M26" start="1264" end="1275" text="Clopidogrel" time="after DCT" type1="thienopyridine" type2="" comment=""/>
    </MEDICATION>
    <MEDICATION id="DOC13" time="after DCT" type1="beta blocker" type2="">
      <MEDICATION id="M27" start="1487" end="1497" text="Metoprolol" time="after DCT" type1="beta blocker" type2="" comment=""/>
      <MEDICATION id="M28" start="1487" end="1498" text="Metoprolol " time="after DCT" type1="beta blocker" type2="" comment=""/>
      <MEDICATION id="M29" start="1487" end="1497" text="Metoprolol" time="after DCT" type1="beta blocker" type2="" comment=""/>
    </MEDICATION>
    <MEDICATION id="DOC16" time="before DCT" type1="statin" type2="">
      <MEDICATION id="M30" start="1542" end="1553" text="Simvastatin" time="before DCT" type1="statin" type2="" comment=""/>
      <MEDICATION id="M31" start="1542" end="1553" text="Simvastatin" time="before DCT" type1="statin" type2="" comment=""/>
      <MEDICATION id="M32" start="1542" end="1553" text="Simvastatin" time="before DCT" type1="statin" type2="" comment=""/>
    </MEDICATION>
    <MEDICATION id="DOC17" time="during DCT" type1="statin" type2="">
      <MEDICATION id="M33" start="1542" end="1553" text="Simvastatin" time="during DCT" type1="statin" type2="" comment=""/>
      <MEDICATION id="M34" start="1542" end="1553" text="Simvastatin" time="during DCT" type1="statin" type2="" comment=""/>
      <MEDICATION id="M35" start="1542" end="1553" text="Simvastatin" time="during DCT" type1="statin" type2="" comment=""/>
    </MEDICATION>
    <MEDICATION id="DOC19" time="before DCT" type1="ACE inhibitor" type2="">
      <MEDICATION id="M36" start="1444" end="1454" text="Lisinopril" time="before DCT" type1="ACE inhibitor" type2="" comment=""/>
      <MEDICATION id="M37" start="1444" end="1455" text="Lisinopril " time="before DCT" type1="ACE inhibitor" type2="" comment=""/>
      <MEDICATION id="M38" start="1444" end="1454" text="Lisinopril" time="before DCT" type1="ACE inhibitor" type2="" comment=""/>
    </MEDICATION>
    <MEDICATION id="DOC21" time="before DCT" type1="aspirin" type2="">
      <MEDICATION id="M39" start="1386" end="1391" text="Ecasa" time="before DCT" type1="aspirin" type2="" comment=""/>
      <MEDICATION id="M40" start="1386" end="1391" text="Ecasa" time="before DCT" type1="aspirin" type2="" comment=""/>
      <MEDICATION id="M41" start="1386" end="1391" text="Ecasa" time="before DCT" type1="aspirin" type2="" comment=""/>
    </MEDICATION>
    <MEDICATION id="DOC24" time="before DCT" type1="sulfonylureas" type2="">
      <MEDICATION id="M42" start="1406" end="1415" text="Glyburide" time="before DCT" type1="sulfonylureas" type2="" comment=""/>
      <MEDICATION id="M43" start="1406" end="1415" text="Glyburide" time="before DCT" type1="sulfonylureas" type2="" comment=""/>
      <MEDICATION id="M44" start="1406" end="1415" text="Glyburide" time="before DCT" type1="sulfonylureas" type2="" comment=""/>
    </MEDICATION>
    <MEDICATION id="DOC25" time="before DCT" type1="thienopyridine" type2="">
      <MEDICATION id="M45" start="1264" end="1275" text="Clopidogrel" time="before DCT" type1="thienopyridine" type2="" comment=""/>
      <MEDICATION id="M46" start="1264" end="1276" text="Clopidogrel " time="before DCT" type1="thienopyridine" type2="" comment=""/>
      <MEDICATION id="M47" start="1264" end="1275" text="Clopidogrel" time="before DCT" type1="thienopyridine" type2="" comment=""/>
    </MEDICATION>
    <MEDICATION id="DOC27" time="before DCT" type1="beta blocker" type2="">
      <MEDICATION id="M48" start="1487" end="1497" text="Metoprolol" time="before DCT" type1="beta blocker" type2="" comment=""/>
      <MEDICATION id="M49" start="1487" end="1498" text="Metoprolol " time="before DCT" type1="beta blocker" type2="" comment=""/>
      <MEDICATION id="M50" start="1487" end="1497" text="Metoprolol" time="before DCT" type1="beta blocker" type2="" comment=""/>
    </MEDICATION>
    <MEDICATION id="DOC28" time="during DCT" type1="beta blocker" type2="">
      <MEDICATION id="M51" start="1487" end="1497" text="Metoprolol" time="during DCT" type1="beta blocker" type2="" comment=""/>
      <MEDICATION id="M52" start="1487" end="1498" text="Metoprolol " time="during DCT" type1="beta blocker" type2="" comment=""/>
      <MEDICATION id="M53" start="1487" end="1497" text="Metoprolol" time="during DCT" type1="beta blocker" type2="" comment=""/>
    </MEDICATION>
    <HYPERTENSION id="DOC4" time="during DCT" indicator="mention">
      <HYPERTENSION id="H0" start="969" end="972" text="HTN" time="during DCT" indicator="mention" comment=""/>
      <HYPERTENSION id="H1" start="969" end="972" text="HTN" time="during DCT" indicator="mention" comment=""/>
      <HYPERTENSION id="H2" start="969" end="972" text="HTN" time="during DCT" indicator="mention" comment=""/>
    </HYPERTENSION>
    <HYPERTENSION id="DOC12" time="after DCT" indicator="mention">
      <HYPERTENSION id="H3" start="969" end="972" text="HTN" time="after DCT" indicator="mention" comment=""/>
      <HYPERTENSION id="H4" start="969" end="972" text="HTN" time="after DCT" indicator="mention" comment=""/>
      <HYPERTENSION id="H5" start="969" end="972" text="HTN" time="after DCT" indicator="mention" comment=""/>
    </HYPERTENSION>
    <HYPERTENSION id="DOC26" time="before DCT" indicator="mention">
      <HYPERTENSION id="H6" start="969" end="972" text="HTN" time="before DCT" indicator="mention" comment=""/>
      <HYPERTENSION id="H7" start="969" end="972" text="HTN" time="before DCT" indicator="mention" comment=""/>
      <HYPERTENSION id="H8" start="969" end="972" text="HTN" time="before DCT" indicator="mention" comment=""/>
    </HYPERTENSION>
    <CAD id="DOC15" time="after DCT" indicator="mention">
      <CAD id="C0" start="887" end="890" text="CAD" time="after DCT" indicator="mention" comment=""/>
      <CAD id="C1" start="887" end="890" text="CAD" time="after DCT" indicator="mention" comment=""/>
      <CAD id="C2" start="887" end="890" text="CAD" time="after DCT" indicator="mention" comment=""/>
      <CAD id="C3" start="2329" end="2332" text="CAD" time="after DCT" indicator="mention" comment=""/>
    </CAD>
    <CAD id="DOC20" time="during DCT" indicator="mention">
      <CAD id="C4" start="887" end="890" text="CAD" time="during DCT" indicator="mention" comment=""/>
      <CAD id="C5" start="887" end="890" text="CAD" time="during DCT" indicator="mention" comment=""/>
      <CAD id="C6" start="887" end="890" text="CAD" time="during DCT" indicator="mention" comment=""/>
      <CAD id="C7" start="2329" end="2332" text="CAD" time="during DCT" indicator="mention" comment=""/>
    </CAD>
    <CAD id="DOC23" time="before DCT" indicator="event">
      <CAD id="C8" start="892" end="924" text="s/p CATH, circumflex stent 3/151" time="before DCT" indicator="event" comment=""/>
      <CAD id="C9" start="892" end="918" text="s/p CATH, circumflex stent" time="before DCT" indicator="event" comment=""/>
    </CAD>
    <CAD id="DOC29" time="before DCT" indicator="mention">
      <CAD id="C10" start="887" end="890" text="CAD" time="before DCT" indicator="mention" comment=""/>
      <CAD id="C11" start="887" end="890" text="CAD" time="before DCT" indicator="mention" comment=""/>
      <CAD id="C12" start="887" end="890" text="CAD" time="before DCT" indicator="mention" comment=""/>
      <CAD id="C13" start="2329" end="2332" text="CAD" time="before DCT" indicator="mention" comment=""/>
    </CAD>
    <FAMILY_HIST id="DOC18" indicator="not present">
      <FAMILY_HIST id="F0" indicator="not present"/>
      <FAMILY_HIST id="F1" indicator="not present"/>
      <FAMILY_HIST id="F2" indicator="not present"/>
    </FAMILY_HIST>
    <SMOKER id="DOC14" status="unknown">
      <SMOKER id="S0" status="unknown"/>
      <SMOKER id="S1" start="3" end="10" text="Record " status="unknown" comment=""/>
      <SMOKER id="S2" status="unknown"/>
    </SMOKER>
    <DIABETES id="DOC5" time="before DCT" indicator="mention">
      <DIABETES id="D0" start="973" end="978" text="NIDDM" time="before DCT" indicator="mention" comment=""/>
      <DIABETES id="D1" start="976" end="979" text="DM " time="before DCT" indicator="mention" comment=""/>
      <DIABETES id="D2" start="973" end="978" text="NIDDM" time="before DCT" indicator="mention" comment=""/>
      <DIABETES id="D3" start="2339" end="2344" text="NIDDM" time="before DCT" indicator="mention" comment=""/>
    </DIABETES>
    <DIABETES id="DOC7" time="during DCT" indicator="mention">
      <DIABETES id="D4" start="973" end="978" text="NIDDM" time="during DCT" indicator="mention" comment=""/>
      <DIABETES id="D5" start="976" end="979" text="DM " time="during DCT" indicator="mention" comment=""/>
      <DIABETES id="D6" start="973" end="978" text="NIDDM" time="during DCT" indicator="mention" comment=""/>
      <DIABETES id="D7" start="2339" end="2344" text="NIDDM" time="during DCT" indicator="mention" comment=""/>
    </DIABETES>
    <DIABETES id="DOC22" time="after DCT" indicator="mention">
      <DIABETES id="D8" start="973" end="978" text="NIDDM" time="after DCT" indicator="mention" comment=""/>
      <DIABETES id="D9" start="976" end="979" text="DM " time="after DCT" indicator="mention" comment=""/>
      <DIABETES id="D10" start="973" end="978" text="NIDDM" time="after DCT" indicator="mention" comment=""/>
      <DIABETES id="D11" start="2339" end="2344" text="NIDDM" time="after DCT" indicator="mention" comment=""/>
    </DIABETES>
  </TAGS>
</root>
