<?xml version='1.0' encoding='UTF-8'?>
<root>
  <TEXT><![CDATA[


Record date: 2097-04-19


Willow Gardens Care - Columbus 




80 y.o. man here for routine 3 months f/u for diabetes with retinopathy (has had laser therapy twice). Seen foot doctor every 3 mos.
Denies polyuria or polydipsia. Wife has been pushing the fluids given his elevated creat.
 
Vitamin B12 deficiency treated with injections.


Has  renal insufficiency and HTN. 
Home BP readings are normal.


Repeat chest CT scans shows stable nodules, prior asbestos.
No cough. Has been dieting to lose weight.


Incidental note of thyroid nodule. NO symptoms. TSH wnl 10/95. Thyroid u/s reassuring.


Walks  intermittently. Keeps active around the yard at home. 
Mows lawn and shovels snow himself. Denies chest pain.


Notes some DOE with walking from house to backyard.
Occasional burping after meals--better sometimes after TUMS and sitting down to relax. No associated lightheadedness or dizziness, no nausea.




Problems
actinic keratosis : nose derm consult 5/88, right eyelid lesion 8/89 reconsult derm
Eczema : right chestwall. (Dr. Vanpelt, Berrien)
benign prostatic hypertrophy : denies voiding symptoms
Tinea corporis : tinea cruris
Hypertension : 140/100 5/88, 150/90 2/89, 158/80 3/89, 130/64 4/89, 140/80 8/89, 134/80 10/89
Diabetes : Type 2. ? 2079, Resumed oral hypoglycemic agent 11/86. Fasting glucose 140 12/86, HB Alc 11.38 (11/19/86), HgAlC 5.93 3/87, 7.1 9/88, 7.9 2/89, 5.6 5/89
Hearing impairment : doesn't wear aids due to background noise.
obesity 
nephropathy 
neuropathy : impotence;
peripheral vascular disease 
Renal insufficiency : stopped HCTZ '93 due to creat 1.5, creat 1.6 '95 


Allergies
NKA 



Medications
Asa (ACETYLSALICYLIC ACID) 81MG TABLET CHEWABLE take 1 Tablet(s) PO QD 
Atenolol 25MG TABLET take 1 Tablet(s) PO QD 
Cyanocobalamin 200 MCG (100MCG/ML DISP SYRIN take 2 ML) IM see below , 200MCG QD x's 1 wk,then 200MCG Qwk x's 1 month,then 1000mcg Qmon x's 3mos then
Flex-a-min 1 PO AS DIRECTED , ONE TAB WITH MEALS UP TO THREE TIMES A DAY
Flexeril (CYCLOBENZAPRINE HCL) 10MG TABLET take 1 Tablet(s) PO TID PRN muscle spasm x 5 days, do not drive if using this med
Glyburide 5MG TABLET take 1 Tablet(s) PO QD 
Ketoconazole 2% SHAMPOO 1 APPLICATION (2% SHAMPOO ) TOP BIW x 30 days
Lisinopril 20MG TABLET PO QD 
Metrogel 1% (METRONIDAZOLE 1% GEL) 1 APPLICATION (1% GEL ) TOP QD 
Mucinex 600 MG PO Q 12 HR PRN , Swollow whole. Stop if rash, headache or breathing problems occur
Simvastatin 10 MG (10MG TABLET take 1) PO QHS 
Viagra (SILDENAFIL) 100MG TABLET take 0.5 Tablet(s) PO x1 , STOP USING IF YOU HAVE NAUSEA, INCREASED SWEATING, CHEST PAIN, DIZZINESS 
Zithromax (AZITHROMYCIN) 250MG CAPSULE take 1 Capsule(s) PO see below , 2 capsules po first day, then 1 capsule po qd until gone 




ROS: notes DOE this month.

No dyspnea today.


Exam:
Wt 210 lbs, BP 150/68 (home BP reading 130s/80s per pt), Wt 210 lbs, fingerstick glucose 153 mg/dl
last visit Wt 212 lbs, BP 160/80 (home readings are 110s/70s per pt however)


Heent: eomi
Neck: no carotid bruits
CV: rrr, no m/r/g
Chest: distant breath sounds, cta
Ext: no cce, resolution of 2 cm x 2cm soft tissue edema R upper arm, no bruising, no pulsatile masses appreciated, pulses symmetric at wrists.
Derm: no suspicious lesions


Data
1.2 2/2096


PSA 11/02/86 0.5 
Td Booster 04/07/2094 


Microalbumin 04/13/2095 5.6 


creat 1.7 1/2097


HbA1c 10/18/2096 6.80 =&gt; HbA1c 01/17/2097 7.20 
 
Triglycerides 01/17/2097 113 
Cholesterol-LDL 01/17/2097 59 DESIRABLE: &lt;130 
Microalbumin 01/17/2097 9.2 
Cholesterol-HDL 01/17/2097 32 



ct scan 5/2096
 IMPRESSION:     Stable pulmonary nodules.


thyroid u/s 4/2096 
Thyroid nodule as above.  No suspicious ultrasound features.


A/P


1. Diabetes Mellitus type2:  still has HbA1c above 7.0. No more hypoglycemic episodes.
c/w current meds. If the repeat Hba1c is still above 7, then will need additional medication;


2. Dyspnea on exertion: reviewed potential risk of cardiac ischemia. Recommend stress testing. Will obtain ecg today. To ED if symptoms progress or if chest pain.
Follow up after stress test 


3. vit B12 deficiency: repeat B12 level wnl last time. Continue with oral supplementation
due for UGI/SBFT but pt declines to have test.


4. chronic renal insufficiency: creat normalized 2/96  with fluids then rising in 1/2097.
Recheck again today



5
. cough: resolved.  Has pulmonary nodules. Due for surveillance ct scan in 5/2097


HM: Due for colonoscopy but pt declines.
Influenza Vaccine 10/20/2096 
Pneumovax 01/29/2089 
PSA 11/19/86 0.5 REF. RANGE: MALE AGE:&gt;39 0.0 - 4.0 
Td Booster 04/07/2094 


_____________________________________________
Robert I Harmon, M.D.





]]></TEXT>
  <TAGS>
    <OBESE id="DOC3" time="after DCT" indicator="mention">
      <OBESE id="O0" start="1466" end="1474" text="obesity " time="after DCT" indicator="mention" comment=""/>
      <OBESE id="O1" start="1466" end="1473" text="obesity" time="after DCT" indicator="mention" comment=""/>
      <OBESE id="O2" start="1466" end="1473" text="obesity" time="after DCT" indicator="mention" comment=""/>
    </OBESE>
    <OBESE id="DOC19" time="before DCT" indicator="mention">
      <OBESE id="O3" start="1466" end="1474" text="obesity " time="before DCT" indicator="mention" comment=""/>
      <OBESE id="O4" start="1466" end="1473" text="obesity" time="before DCT" indicator="mention" comment=""/>
      <OBESE id="O5" start="1466" end="1473" text="obesity" time="before DCT" indicator="mention" comment=""/>
    </OBESE>
    <OBESE id="DOC24" time="during DCT" indicator="mention">
      <OBESE id="O6" start="1466" end="1474" text="obesity " time="during DCT" indicator="mention" comment=""/>
      <OBESE id="O7" start="1466" end="1473" text="obesity" time="during DCT" indicator="mention" comment=""/>
      <OBESE id="O8" start="1466" end="1473" text="obesity" time="during DCT" indicator="mention" comment=""/>
    </OBESE>
    <MEDICATION id="DOC0" time="during DCT" type1="ACE inhibitor" type2="">
      <MEDICATION id="M0" start="2225" end="2236" text="Lisinopril " time="during DCT" type1="ACE inhibitor" type2="" comment=""/>
      <MEDICATION id="M1" start="2225" end="2235" text="Lisinopril" time="during DCT" type1="ACE inhibitor" type2="" comment=""/>
      <MEDICATION id="M2" start="2225" end="2235" text="Lisinopril" time="during DCT" type1="ACE inhibitor" type2="" comment=""/>
    </MEDICATION>
    <MEDICATION id="DOC1" time="after DCT" type1="statin" type2="">
      <MEDICATION id="M3" start="2420" end="2431" text="Simvastatin" time="after DCT" type1="statin" type2="" comment=""/>
      <MEDICATION id="M4" start="2420" end="2431" text="Simvastatin" time="after DCT" type1="statin" type2="" comment=""/>
      <MEDICATION id="M5" start="2420" end="2431" text="Simvastatin" time="after DCT" type1="statin" type2="" comment=""/>
    </MEDICATION>
    <MEDICATION id="DOC2" time="during DCT" type1="aspirin" type2="">
      <MEDICATION id="M6" start="1645" end="1648" text="Asa" time="during DCT" type1="aspirin" type2="" comment=""/>
      <MEDICATION id="M7" start="1645" end="1648" text="Asa" time="during DCT" type1="aspirin" type2="" comment=""/>
      <MEDICATION id="M8" start="1645" end="1648" text="Asa" time="during DCT" type1="aspirin" type2="" comment=""/>
    </MEDICATION>
    <MEDICATION id="DOC6" time="after DCT" type1="ACE inhibitor" type2="">
      <MEDICATION id="M9" start="2225" end="2236" text="Lisinopril " time="after DCT" type1="ACE inhibitor" type2="" comment=""/>
      <MEDICATION id="M10" start="2225" end="2235" text="Lisinopril" time="after DCT" type1="ACE inhibitor" type2="" comment=""/>
      <MEDICATION id="M11" start="2225" end="2235" text="Lisinopril" time="after DCT" type1="ACE inhibitor" type2="" comment=""/>
    </MEDICATION>
    <MEDICATION id="DOC7" time="before DCT" type1="ACE inhibitor" type2="">
      <MEDICATION id="M12" start="2225" end="2236" text="Lisinopril " time="before DCT" type1="ACE inhibitor" type2="" comment=""/>
      <MEDICATION id="M13" start="2225" end="2235" text="Lisinopril" time="before DCT" type1="ACE inhibitor" type2="" comment=""/>
      <MEDICATION id="M14" start="2225" end="2235" text="Lisinopril" time="before DCT" type1="ACE inhibitor" type2="" comment=""/>
    </MEDICATION>
    <MEDICATION id="DOC9" time="after DCT" type1="aspirin" type2="">
      <MEDICATION id="M15" start="1645" end="1648" text="Asa" time="after DCT" type1="aspirin" type2="" comment=""/>
      <MEDICATION id="M16" start="1645" end="1648" text="Asa" time="after DCT" type1="aspirin" type2="" comment=""/>
      <MEDICATION id="M17" start="1645" end="1648" text="Asa" time="after DCT" type1="aspirin" type2="" comment=""/>
    </MEDICATION>
    <MEDICATION id="DOC11" time="after DCT" type1="sulfonylureas" type2="">
      <MEDICATION id="M18" start="2110" end="2119" text="Glyburide" time="after DCT" type1="sulfonylureas" type2="" comment=""/>
      <MEDICATION id="M19" start="2110" end="2119" text="Glyburide" time="after DCT" type1="sulfonylureas" type2="" comment=""/>
      <MEDICATION id="M20" start="2110" end="2119" text="Glyburide" time="after DCT" type1="sulfonylureas" type2="" comment=""/>
    </MEDICATION>
    <MEDICATION id="DOC12" time="during DCT" type1="sulfonylureas" type2="">
      <MEDICATION id="M21" start="2110" end="2119" text="Glyburide" time="during DCT" type1="sulfonylureas" type2="" comment=""/>
      <MEDICATION id="M22" start="2110" end="2119" text="Glyburide" time="during DCT" type1="sulfonylureas" type2="" comment=""/>
      <MEDICATION id="M23" start="2110" end="2119" text="Glyburide" time="during DCT" type1="sulfonylureas" type2="" comment=""/>
    </MEDICATION>
    <MEDICATION id="DOC14" time="after DCT" type1="beta blocker" type2="">
      <MEDICATION id="M24" start="1717" end="1726" text="Atenolol " time="after DCT" type1="beta blocker" type2="" comment=""/>
      <MEDICATION id="M25" start="1717" end="1725" text="Atenolol" time="after DCT" type1="beta blocker" type2="" comment=""/>
      <MEDICATION id="M26" start="1717" end="1725" text="Atenolol" time="after DCT" type1="beta blocker" type2="" comment=""/>
    </MEDICATION>
    <MEDICATION id="DOC17" time="before DCT" type1="statin" type2="">
      <MEDICATION id="M27" start="2420" end="2431" text="Simvastatin" time="before DCT" type1="statin" type2="" comment=""/>
      <MEDICATION id="M28" start="2420" end="2431" text="Simvastatin" time="before DCT" type1="statin" type2="" comment=""/>
      <MEDICATION id="M29" start="2420" end="2431" text="Simvastatin" time="before DCT" type1="statin" type2="" comment=""/>
    </MEDICATION>
    <MEDICATION id="DOC18" time="during DCT" type1="statin" type2="">
      <MEDICATION id="M30" start="2420" end="2431" text="Simvastatin" time="during DCT" type1="statin" type2="" comment=""/>
      <MEDICATION id="M31" start="2420" end="2431" text="Simvastatin" time="during DCT" type1="statin" type2="" comment=""/>
      <MEDICATION id="M32" start="2420" end="2431" text="Simvastatin" time="during DCT" type1="statin" type2="" comment=""/>
    </MEDICATION>
    <MEDICATION id="DOC21" time="before DCT" type1="aspirin" type2="">
      <MEDICATION id="M33" start="1645" end="1648" text="Asa" time="before DCT" type1="aspirin" type2="" comment=""/>
      <MEDICATION id="M34" start="1645" end="1648" text="Asa" time="before DCT" type1="aspirin" type2="" comment=""/>
      <MEDICATION id="M35" start="1645" end="1648" text="Asa" time="before DCT" type1="aspirin" type2="" comment=""/>
    </MEDICATION>
    <MEDICATION id="DOC25" time="before DCT" type1="sulfonylureas" type2="">
      <MEDICATION id="M36" start="2110" end="2119" text="Glyburide" time="before DCT" type1="sulfonylureas" type2="" comment=""/>
      <MEDICATION id="M37" start="2110" end="2119" text="Glyburide" time="before DCT" type1="sulfonylureas" type2="" comment=""/>
      <MEDICATION id="M38" start="2110" end="2119" text="Glyburide" time="before DCT" type1="sulfonylureas" type2="" comment=""/>
    </MEDICATION>
    <MEDICATION id="DOC27" time="before DCT" type1="beta blocker" type2="">
      <MEDICATION id="M39" start="1717" end="1726" text="Atenolol " time="before DCT" type1="beta blocker" type2="" comment=""/>
      <MEDICATION id="M40" start="1717" end="1725" text="Atenolol" time="before DCT" type1="beta blocker" type2="" comment=""/>
      <MEDICATION id="M41" start="1717" end="1725" text="Atenolol" time="before DCT" type1="beta blocker" type2="" comment=""/>
    </MEDICATION>
    <MEDICATION id="DOC28" time="during DCT" type1="beta blocker" type2="">
      <MEDICATION id="M42" start="1717" end="1726" text="Atenolol " time="during DCT" type1="beta blocker" type2="" comment=""/>
      <MEDICATION id="M43" start="1717" end="1725" text="Atenolol" time="during DCT" type1="beta blocker" type2="" comment=""/>
      <MEDICATION id="M44" start="1717" end="1725" text="Atenolol" time="during DCT" type1="beta blocker" type2="" comment=""/>
    </MEDICATION>
    <HYPERTENSION id="DOC5" time="during DCT" indicator="mention">
      <HYPERTENSION id="H0" start="368" end="372" text=" HTN" time="during DCT" indicator="mention" comment=""/>
      <HYPERTENSION id="H1" start="369" end="372" text="HTN" time="during DCT" indicator="mention" comment=""/>
      <HYPERTENSION id="H2" start="369" end="372" text="HTN" time="during DCT" indicator="mention" comment=""/>
      <HYPERTENSION id="H3" start="1144" end="1156" text="Hypertension" time="during DCT" indicator="mention" comment=""/>
    </HYPERTENSION>
    <HYPERTENSION id="DOC10" time="during DCT" indicator="high bp">
      <HYPERTENSION id="H4" start="2804" end="2810" text="150/68" time="during DCT" indicator="high bp" comment=""/>
      <HYPERTENSION id="H5" start="2801" end="2810" text="BP 150/68" time="during DCT" indicator="high bp" comment=""/>
      <HYPERTENSION id="H6" start="2801" end="2810" text="BP 150/68" time="during DCT" indicator="high bp" comment=""/>
    </HYPERTENSION>
    <HYPERTENSION id="DOC13" time="after DCT" indicator="mention">
      <HYPERTENSION id="H7" start="368" end="372" text=" HTN" time="after DCT" indicator="mention" comment=""/>
      <HYPERTENSION id="H8" start="369" end="372" text="HTN" time="after DCT" indicator="mention" comment=""/>
      <HYPERTENSION id="H9" start="369" end="372" text="HTN" time="after DCT" indicator="mention" comment=""/>
      <HYPERTENSION id="H10" start="1144" end="1156" text="Hypertension" time="after DCT" indicator="mention" comment=""/>
    </HYPERTENSION>
    <HYPERTENSION id="DOC22" time="before DCT" indicator="high bp">
      <HYPERTENSION id="H11" start="1186" end="1192" text="158/80" time="before DCT" indicator="high bp" comment=""/>
      <HYPERTENSION id="H12" start="1159" end="1198" text="140/100 5/88, 150/90 2/89, 158/80 3/89," time="before DCT" indicator="high bp" comment=""/>
      <HYPERTENSION id="H13" start="1212" end="1224" text="140/80 8/89," time="before DCT" indicator="high bp" comment=""/>
      <HYPERTENSION id="H14" start="1159" end="1237" text="140/100 5/88, 150/90 2/89, 158/80 3/89, 130/64 4/89, 140/80 8/89, 134/80 10/89" time="before DCT" indicator="high bp" comment=""/>
      <HYPERTENSION id="H15" start="2911" end="2920" text="BP 160/80" time="before DCT" indicator="high bp" comment=""/>
    </HYPERTENSION>
    <HYPERTENSION id="DOC26" time="before DCT" indicator="mention">
      <HYPERTENSION id="H16" start="368" end="372" text=" HTN" time="before DCT" indicator="mention" comment=""/>
      <HYPERTENSION id="H17" start="369" end="372" text="HTN" time="before DCT" indicator="mention" comment=""/>
      <HYPERTENSION id="H18" start="369" end="372" text="HTN" time="before DCT" indicator="mention" comment=""/>
      <HYPERTENSION id="H19" start="1144" end="1156" text="Hypertension" time="before DCT" indicator="mention" comment=""/>
    </HYPERTENSION>
    <FAMILY_HIST id="DOC20" indicator="not present">
      <FAMILY_HIST id="F0" indicator="not present"/>
      <FAMILY_HIST id="F1" indicator="not present"/>
      <FAMILY_HIST id="F2" indicator="not present"/>
    </FAMILY_HIST>
    <SMOKER id="DOC15" status="unknown">
      <SMOKER id="S0" start="3" end="10" text="Record " status="unknown" comment=""/>
      <SMOKER id="S1" status="unknown"/>
      <SMOKER id="S2" status="unknown"/>
    </SMOKER>
    <DIABETES id="DOC4" time="before DCT" indicator="A1C">
      <DIABETES id="D0" start="1330" end="1354" text=" HB Alc 11.38 (11/19/86)" time="before DCT" indicator="A1C" comment=""/>
      <DIABETES id="D1" start="1367" end="1391" text="3/87, 7.1 9/88, 7.9 2/89" time="before DCT" indicator="A1C" comment=""/>
      <DIABETES id="D2" start="3339" end="3389" text="HbA1c 10/18/2096 6.80 =&amp;gt; HbA1c 01/17/2097 7.20 " time="before DCT" indicator="A1C" comment=""/>
      <DIABETES id="D3" start="1331" end="1401" text="HB Alc 11.38 (11/19/86), HgAlC 5.93 3/87, 7.1 9/88, 7.9 2/89, 5.6 5/89" time="before DCT" indicator="A1C" comment=""/>
      <DIABETES id="D4" start="3339" end="3391" text="HbA1c 10/18/2096 6.80 =&amp;gt; HbA1c 01/17/2097 7.20   " time="before DCT" indicator="A1C" comment=""/>
    </DIABETES>
    <DIABETES id="DOC8" time="during DCT" indicator="mention">
      <DIABETES id="D5" start="111" end="119" text="diabetes" time="during DCT" indicator="mention" comment=""/>
      <DIABETES id="D6" start="3722" end="3739" text=" HbA1c above 7.0." time="during DCT" indicator="mention" comment=""/>
      <DIABETES id="D7" start="111" end="119" text="diabetes" time="during DCT" indicator="mention" comment=""/>
      <DIABETES id="D8" start="111" end="119" text="diabetes" time="during DCT" indicator="mention" comment=""/>
      <DIABETES id="D9" start="1238" end="1255" text="Diabetes : Type 2" time="during DCT" indicator="mention" comment=""/>
      <DIABETES id="D10" start="3687" end="3710" text="Diabetes Mellitus type2" time="during DCT" indicator="mention" comment=""/>
    </DIABETES>
    <DIABETES id="DOC16" time="before DCT" indicator="mention">
      <DIABETES id="D11" start="111" end="119" text="diabetes" time="before DCT" indicator="mention" comment=""/>
      <DIABETES id="D12" start="111" end="119" text="diabetes" time="before DCT" indicator="mention" comment=""/>
      <DIABETES id="D13" start="111" end="119" text="diabetes" time="before DCT" indicator="mention" comment=""/>
      <DIABETES id="D14" start="1238" end="1255" text="Diabetes : Type 2" time="before DCT" indicator="mention" comment=""/>
      <DIABETES id="D15" start="3687" end="3710" text="Diabetes Mellitus type2" time="before DCT" indicator="mention" comment=""/>
    </DIABETES>
    <DIABETES id="DOC23" time="during DCT" indicator="glucose">
      <DIABETES id="D16" start="2857" end="2887" text=" fingerstick glucose 153 mg/dl" time="during DCT" indicator="glucose" comment=""/>
      <DIABETES id="D17" start="1304" end="1323" text="Fasting glucose 140" time="during DCT" indicator="glucose" comment=""/>
    </DIABETES>
    <DIABETES id="DOC29" time="after DCT" indicator="mention">
      <DIABETES id="D18" start="111" end="119" text="diabetes" time="after DCT" indicator="mention" comment=""/>
      <DIABETES id="D19" start="111" end="119" text="diabetes" time="after DCT" indicator="mention" comment=""/>
      <DIABETES id="D20" start="111" end="119" text="diabetes" time="after DCT" indicator="mention" comment=""/>
      <DIABETES id="D21" start="1238" end="1255" text="Diabetes : Type 2" time="after DCT" indicator="mention" comment=""/>
      <DIABETES id="D22" start="3687" end="3710" text="Diabetes Mellitus type2" time="after DCT" indicator="mention" comment=""/>
    </DIABETES>
  </TAGS>
</root>
