<?xml version='1.0' encoding='UTF-8'?>
<root>
  <TEXT><![CDATA[


Record date: 2097-04-30


	CARDIAC SURGERY
	

	WILLOW GARDENS CARE CENTER
	
Date of Service: 04/30/2097 16:19

Demographics
Race: Caucasian
Surgeon: Troyer, Timothy
Staff Cardiologist: Yelton, Ora-jordan

History of Presenting Illness
81 male with a long history of claudication and gas pressure.  He had been walking for five miles a day until about a year ago, when he began to experience more symptoms.  He is presently able to get symptoms with minimal exertion. He had an exercise stress test, which was positive.  He underwent a cardiac cath today, which demonstrated severe left main in addition to three vessel coronary artery disease.  He had an Intra-aortic balloon pump placed and cardiac surgery was consulted for Coronary Artery Bypass Grafting.

Indications
Coronary Artery Disease

Pre-operative risk factors
Weight (lb)
Height (in): 70
Smoker
Diabetes type: Diabetes Mellitus Type II
Diabetes Control: Oral
Dyslipidemia
Preop Creatinine: 1.64
Hypertension
Peripheral Vascular Disease
Peripheral Arterial Disease: Claudication

Prior CV Interventions

Other Past Medical/Surgical History
Hypercholesterolemia
Hypertension
Peripheral Vascular Disease (PVD)Left greater than right 2095 studies.
Pulmonary NoduleSerial Scans last being 4/23/97
Vitamin B12 Deficiency Anemia
CataractsOD
Asbestosis
Peptic Ulcer Disease
BPH
NeuropathyLegs/feet
Chronic Renal Insufficiency
Retinopathy

Allergies
NKA: No Known Allergies

Admission medications
None

Current Medications
Acetylcysteine 20%(200 mg/ml) 600 MG PO BID
Cefazolin sodium (ancef ) 1000 MG IV Q8H
Chlorhexidine(mouthwash) 0.12% (peridex m rinse ) 30 ML MOUTHWASH on call to OR
Heparin 1000 Units/Hr IV 
Heparin Sliding Scale IV BID
Metoprolol tartrate (lopressor ) 12.5 MG PO Q8H
Mupirocin (bactroban ) 1 APPLICATION TOP BID
Omeprazole 40 MG PO DAILY
Simvastatin 10 MG PO DAILY

Preop Cardiac Status

Preoperative Hemodynamics and Diagnostic Testing

Cath report
 Willow Gardens Care Center   left main severe; left anterior descending 70%; CX ostial disease; right coronary artery moderate to severe; PLV .80 to .90

Echo
Pending

Carotid Non-Invasive Study
 Pending

Social History
Other Notes: DC smoke 2062, Married, Retired for 20 years, no ETOH.

Family History

Review of Systems
General: Denies fevers, chills, recent weight gain or loss
HEENT: Denies headache , sore throat, rhinorrhea, difficulty swallowing
Cardiac: Per HPI
Pulmonary: Denies cough, hemoptysis
GI: Denies reflux, nausea, vomiting, constipation, diarrhea
GU: Denies dysuria, hematuria, incontinence
Neuro: Denies syncope, stroke, TIA, seizure.
M/S: Denies arthritis, arthralgia, myalgia, recent fractures
Hemat: Denies easy bruising, anemia, deep vein thrombosis.
Vascular: + claudication

Physical Exam
GENERAL: No acute distress, speaks in full sentences and able to lie supine. HOH with hearing aide.
TEETH: No active infection, edentulous.
NECK: Supple, no JVD
CV: Regular rhythm, no rub, no murmur, + Intra-aortic balloon pump sounds
PULM: Clear bilaterally with supine exam.
SKIN: No lesions or rashes
EXTREMETIES: Warm, no edema
ABD: Soft, non-tender, no organomegaly
RECTAL: Guaiac negative
NEURO: Alert and oriented.  EOMI, PERRLA
Saphenous Vein: Ok bilaterally on supine exam following IABP.
Pulse 1+ throughout.   
Bruits: none in abdomen or Carotids.


Chest X-ray
Pending

Most Recent Labs (since admission)
-- CBC --
2097/04/30 15:58 - WBC... 5.2 th/cmm
2097/04/30 15:58 - Hgb... 13.6 gm/dl
2097/04/30 15:58 - Hct... 36.5 % (L)
2097/04/30 15:58 - Plt... 151 th/cumm
-- BMP --
2097/04/30 16:04 - P Na... PEND mmol/L
2097/04/30 16:04 - P K... PEND mmol/L
2097/04/30 16:04 - P Cl... PEND mmol/L
2097/04/30 16:04 - P TCO2... PEND mmol/L
2097/04/30 16:04 - P BUN... PEND mg/dl
2097/04/30 16:04 - P Cre... PEND mg/dl
2097/04/30 16:04 - P Glu... PEND mg/dl
2097/04/30 16:04 - Phos... PEND mg/dl
2097/04/30 16:04 - Mg... PEND meq/L
2097/04/30 16:04 - TSH... PEND uU/ml
-- HFP --
2097/04/30 16:04 - SGOT... PEND U/L
2097/04/30 16:04 - SGPT... PEND U/L
2097/04/30 16:04 - Alk Phos... PEND U/L
2097/04/30 16:04 - TBili... PEND mg/dl
2097/04/30 16:04 - DBili... PEND mg/dl
2097/04/30 16:04 - Alb... PEND g/dl
-- CARDIAC --
2097/04/30 16:04 - CPK... PEND U/L
-- COAGS --
2097/04/30 16:12 - PT... 13.1 sec
2097/04/30 16:12 - PT-INR... 1.1 
2097/04/30 16:12 - APTT... 65.8 sec (H)

Problems and Plans
1: CAD Plan for Coronary Artery Bypass Grafting on IABP, tenative date for 5/01.   Echocardiogram pending to eval for valvular disease and EF.  If needs valve surgery, he is edentulous.  Have consented for both pending results.  + recent ASA.  On heparin. 
2: CNIS Pending.  Has Hx of RICA disease in 2095. 
3: Pulmonary H/O Asbestosis.   Serial CT's demonstrating nodules.  Discussed results with Dr Troyer.   Plan to proceed with surgery for now, and reeval post op. 
4: Renal CRI noted.  Perhaps secondary to Lisinopril or EF.
Pt and family aware of possible need for dialysis. 
5: Diabetes Mellitus Type II Presently oral control. 
6: Preop Issues - labs pending
- Cardiac surgery consent completed for Coronary Artery Bypass Grafting +/- valve surgery pending echocardiogram results. 

Signed by Mitchell Jaynes Pa  on 04/30/2097 16:19




]]></TEXT>
  <TAGS>
    <HYPERLIPIDEMIA id="DOC3" time="before DCT" indicator="mention">
      <HYPERLIPIDEMIA id="HY0" start="926" end="938" text="Dyslipidemia" time="before DCT" indicator="mention" comment=""/>
      <HYPERLIPIDEMIA id="HY1" start="926" end="938" text="Dyslipidemia" time="before DCT" indicator="mention" comment=""/>
      <HYPERLIPIDEMIA id="HY2" start="926" end="938" text="Dyslipidemia" time="before DCT" indicator="mention" comment=""/>
      <HYPERLIPIDEMIA id="HY3" start="1106" end="1126" text="Hypercholesterolemia" time="before DCT" indicator="mention" comment=""/>
    </HYPERLIPIDEMIA>
    <HYPERLIPIDEMIA id="DOC6" time="during DCT" indicator="mention">
      <HYPERLIPIDEMIA id="HY4" start="926" end="938" text="Dyslipidemia" time="during DCT" indicator="mention" comment=""/>
      <HYPERLIPIDEMIA id="HY5" start="926" end="938" text="Dyslipidemia" time="during DCT" indicator="mention" comment=""/>
      <HYPERLIPIDEMIA id="HY6" start="926" end="938" text="Dyslipidemia" time="during DCT" indicator="mention" comment=""/>
      <HYPERLIPIDEMIA id="HY7" start="1106" end="1126" text="Hypercholesterolemia" time="during DCT" indicator="mention" comment=""/>
    </HYPERLIPIDEMIA>
    <HYPERLIPIDEMIA id="DOC14" time="after DCT" indicator="mention">
      <HYPERLIPIDEMIA id="HY8" start="926" end="938" text="Dyslipidemia" time="after DCT" indicator="mention" comment=""/>
      <HYPERLIPIDEMIA id="HY9" start="926" end="938" text="Dyslipidemia" time="after DCT" indicator="mention" comment=""/>
      <HYPERLIPIDEMIA id="HY10" start="926" end="938" text="Dyslipidemia" time="after DCT" indicator="mention" comment=""/>
      <HYPERLIPIDEMIA id="HY11" start="1106" end="1126" text="Hypercholesterolemia" time="after DCT" indicator="mention" comment=""/>
    </HYPERLIPIDEMIA>
    <MEDICATION id="DOC0" time="after DCT" type1="statin" type2="">
      <MEDICATION id="M0" start="1820" end="1831" text="Simvastatin" time="after DCT" type1="statin" type2="" comment=""/>
      <MEDICATION id="M1" start="1820" end="1832" text="Simvastatin " time="after DCT" type1="statin" type2="" comment=""/>
      <MEDICATION id="M2" start="1820" end="1831" text="Simvastatin" time="after DCT" type1="statin" type2="" comment=""/>
    </MEDICATION>
    <MEDICATION id="DOC9" time="after DCT" type1="beta blocker" type2="">
      <MEDICATION id="M3" start="1701" end="1711" text="Metoprolol" time="after DCT" type1="beta blocker" type2="" comment=""/>
      <MEDICATION id="M4" start="1701" end="1711" text="Metoprolol" time="after DCT" type1="beta blocker" type2="" comment=""/>
      <MEDICATION id="M5" start="1701" end="1748" text="Metoprolol tartrate (lopressor ) 12.5 MG PO Q8H" time="after DCT" type1="beta blocker" type2="" comment=""/>
    </MEDICATION>
    <MEDICATION id="DOC11" time="before DCT" type1="statin" type2="">
      <MEDICATION id="M6" start="1820" end="1831" text="Simvastatin" time="before DCT" type1="statin" type2="" comment=""/>
      <MEDICATION id="M7" start="1820" end="1832" text="Simvastatin " time="before DCT" type1="statin" type2="" comment=""/>
      <MEDICATION id="M8" start="1820" end="1831" text="Simvastatin" time="before DCT" type1="statin" type2="" comment=""/>
    </MEDICATION>
    <MEDICATION id="DOC12" time="during DCT" type1="statin" type2="">
      <MEDICATION id="M9" start="1820" end="1831" text="Simvastatin" time="during DCT" type1="statin" type2="" comment=""/>
      <MEDICATION id="M10" start="1820" end="1832" text="Simvastatin " time="during DCT" type1="statin" type2="" comment=""/>
      <MEDICATION id="M11" start="1820" end="1831" text="Simvastatin" time="during DCT" type1="statin" type2="" comment=""/>
    </MEDICATION>
    <MEDICATION id="DOC17" time="before DCT" type1="ACE inhibitor" type2="">
      <MEDICATION id="M12" start="4857" end="4867" text="Lisinopril" time="before DCT" type1="ACE inhibitor" type2="" comment=""/>
      <MEDICATION id="M13" start="4857" end="4868" text="Lisinopril " time="before DCT" type1="ACE inhibitor" type2="" comment=""/>
    </MEDICATION>
    <MEDICATION id="DOC19" time="before DCT" type1="beta blocker" type2="">
      <MEDICATION id="M14" start="1701" end="1711" text="Metoprolol" time="before DCT" type1="beta blocker" type2="" comment=""/>
      <MEDICATION id="M15" start="1701" end="1711" text="Metoprolol" time="before DCT" type1="beta blocker" type2="" comment=""/>
      <MEDICATION id="M16" start="1701" end="1748" text="Metoprolol tartrate (lopressor ) 12.5 MG PO Q8H" time="before DCT" type1="beta blocker" type2="" comment=""/>
    </MEDICATION>
    <MEDICATION id="DOC20" time="during DCT" type1="beta blocker" type2="">
      <MEDICATION id="M17" start="1701" end="1711" text="Metoprolol" time="during DCT" type1="beta blocker" type2="" comment=""/>
      <MEDICATION id="M18" start="1701" end="1711" text="Metoprolol" time="during DCT" type1="beta blocker" type2="" comment=""/>
      <MEDICATION id="M19" start="1701" end="1748" text="Metoprolol tartrate (lopressor ) 12.5 MG PO Q8H" time="during DCT" type1="beta blocker" type2="" comment=""/>
    </MEDICATION>
    <HYPERTENSION id="DOC1" time="during DCT" indicator="mention">
      <HYPERTENSION id="H0" start="962" end="974" text="Hypertension" time="during DCT" indicator="mention" comment=""/>
      <HYPERTENSION id="H1" start="962" end="974" text="Hypertension" time="during DCT" indicator="mention" comment=""/>
      <HYPERTENSION id="H2" start="962" end="974" text="Hypertension" time="during DCT" indicator="mention" comment=""/>
      <HYPERTENSION id="H3" start="1127" end="1139" text="Hypertension" time="during DCT" indicator="mention" comment=""/>
    </HYPERTENSION>
    <HYPERTENSION id="DOC8" time="after DCT" indicator="mention">
      <HYPERTENSION id="H4" start="962" end="974" text="Hypertension" time="after DCT" indicator="mention" comment=""/>
      <HYPERTENSION id="H5" start="962" end="974" text="Hypertension" time="after DCT" indicator="mention" comment=""/>
      <HYPERTENSION id="H6" start="962" end="974" text="Hypertension" time="after DCT" indicator="mention" comment=""/>
      <HYPERTENSION id="H7" start="1127" end="1139" text="Hypertension" time="after DCT" indicator="mention" comment=""/>
    </HYPERTENSION>
    <HYPERTENSION id="DOC18" time="before DCT" indicator="mention">
      <HYPERTENSION id="H8" start="962" end="974" text="Hypertension" time="before DCT" indicator="mention" comment=""/>
      <HYPERTENSION id="H9" start="962" end="974" text="Hypertension" time="before DCT" indicator="mention" comment=""/>
      <HYPERTENSION id="H10" start="962" end="974" text="Hypertension" time="before DCT" indicator="mention" comment=""/>
      <HYPERTENSION id="H11" start="1127" end="1139" text="Hypertension" time="before DCT" indicator="mention" comment=""/>
    </HYPERTENSION>
    <CAD id="DOC5" time="before DCT" indicator="test">
      <CAD id="C0" start="480" end="521" text="exercise stress test, which was positive." time="before DCT" indicator="test" comment=""/>
      <CAD id="C1" start="1962" end="2008" text="left main severe; left anterior descending 70%" time="before DCT" indicator="test" comment=""/>
    </CAD>
    <CAD id="DOC7" time="during DCT" indicator="event">
      <CAD id="C2" start="648" end="761" text="He had an Intra-aortic balloon pump placed and cardiac surgery was consulted for Coronary Artery Bypass Grafting." time="during DCT" indicator="event" comment=""/>
      <CAD id="C3" start="4361" end="4392" text="Coronary Artery Bypass Grafting" time="during DCT" indicator="event" comment=""/>
      <CAD id="C4" start="729" end="761" text="Coronary Artery Bypass Grafting." time="during DCT" indicator="event" comment=""/>
      <CAD id="C5" start="5052" end="5083" text="Coronary Artery Bypass Grafting" time="during DCT" indicator="event" comment=""/>
    </CAD>
    <CAD id="DOC10" time="after DCT" indicator="mention">
      <CAD id="C6" start="775" end="798" text="Coronary Artery Disease" time="after DCT" indicator="mention" comment=""/>
      <CAD id="C7" start="622" end="645" text="coronary artery disease" time="after DCT" indicator="mention" comment=""/>
      <CAD id="C8" start="609" end="645" text="three vessel coronary artery disease" time="after DCT" indicator="mention" comment=""/>
      <CAD id="C9" start="775" end="798" text="Coronary Artery Disease" time="after DCT" indicator="mention" comment=""/>
      <CAD id="C10" start="4348" end="4351" text="CAD" time="after DCT" indicator="mention" comment=""/>
    </CAD>
    <CAD id="DOC15" time="during DCT" indicator="mention">
      <CAD id="C11" start="775" end="798" text="Coronary Artery Disease" time="during DCT" indicator="mention" comment=""/>
      <CAD id="C12" start="622" end="645" text="coronary artery disease" time="during DCT" indicator="mention" comment=""/>
      <CAD id="C13" start="609" end="645" text="three vessel coronary artery disease" time="during DCT" indicator="mention" comment=""/>
      <CAD id="C14" start="775" end="798" text="Coronary Artery Disease" time="during DCT" indicator="mention" comment=""/>
      <CAD id="C15" start="4348" end="4351" text="CAD" time="during DCT" indicator="mention" comment=""/>
    </CAD>
    <CAD id="DOC21" time="before DCT" indicator="mention">
      <CAD id="C16" start="775" end="798" text="Coronary Artery Disease" time="before DCT" indicator="mention" comment=""/>
      <CAD id="C17" start="622" end="645" text="coronary artery disease" time="before DCT" indicator="mention" comment=""/>
      <CAD id="C18" start="609" end="645" text="three vessel coronary artery disease" time="before DCT" indicator="mention" comment=""/>
      <CAD id="C19" start="775" end="798" text="Coronary Artery Disease" time="before DCT" indicator="mention" comment=""/>
      <CAD id="C20" start="4348" end="4351" text="CAD" time="before DCT" indicator="mention" comment=""/>
    </CAD>
    <FAMILY_HIST id="DOC13" indicator="not present">
      <FAMILY_HIST id="F0" indicator="not present"/>
      <FAMILY_HIST id="F1" indicator="not present"/>
      <FAMILY_HIST id="F2" indicator="not present"/>
    </FAMILY_HIST>
    <DIABETES id="DOC2" time="before DCT" indicator="mention">
      <DIABETES id="D0" start="862" end="870" text="Diabetes" time="before DCT" indicator="mention" comment=""/>
      <DIABETES id="D1" start="877" end="885" text="Diabetes" time="before DCT" indicator="mention" comment=""/>
      <DIABETES id="D2" start="862" end="902" text="Diabetes type: Diabetes Mellitus Type II" time="before DCT" indicator="mention" comment=""/>
      <DIABETES id="D3" start="4930" end="4956" text="Diabetes Mellitus Type II " time="before DCT" indicator="mention" comment=""/>
    </DIABETES>
    <DIABETES id="DOC4" time="during DCT" indicator="mention">
      <DIABETES id="D4" start="862" end="870" text="Diabetes" time="during DCT" indicator="mention" comment=""/>
      <DIABETES id="D5" start="877" end="885" text="Diabetes" time="during DCT" indicator="mention" comment=""/>
      <DIABETES id="D6" start="862" end="902" text="Diabetes type: Diabetes Mellitus Type II" time="during DCT" indicator="mention" comment=""/>
      <DIABETES id="D7" start="4930" end="4956" text="Diabetes Mellitus Type II " time="during DCT" indicator="mention" comment=""/>
    </DIABETES>
    <DIABETES id="DOC16" time="after DCT" indicator="mention">
      <DIABETES id="D8" start="862" end="870" text="Diabetes" time="after DCT" indicator="mention" comment=""/>
      <DIABETES id="D9" start="877" end="885" text="Diabetes" time="after DCT" indicator="mention" comment=""/>
      <DIABETES id="D10" start="862" end="902" text="Diabetes type: Diabetes Mellitus Type II" time="after DCT" indicator="mention" comment=""/>
      <DIABETES id="D11" start="4930" end="4956" text="Diabetes Mellitus Type II " time="after DCT" indicator="mention" comment=""/>
    </DIABETES>
  </TAGS>
</root>
