<?xml version='1.0' encoding='UTF-8'?>
<root>
  <TEXT><![CDATA[


Record date: 2068-12-05

Narrative History	

 Patient presents for uri.  Walks -in .  Overdue for follow-up by 3 months.



Started last week.   Sinus pressure, post nasal drip , headache , ears blocked.  

No fevers.

Slight white nasal cdischarge.



Taking advil sinus only helps transiently.

Not getting better or worse.

No chest symptoms - coughing etc..



Got flu shot already.





Problems

FH breast cancer : 37 yo s

FH myocardial infarction : mother died 66 yo

Hypertension 

Uterine fibroids : u/s 2062

Smoking : quit 2/67 s/p MI

Hyperlipidemia : CRF mild chol, cigs, HTN, Fhx and known hx CAD in pt.

borderline diabetes mellitus : 4/63 125 , follow hgbaic

VPB : 2065 - ETT showed freq PVC's, bigeminy and couplets, nondx for ischemia

Coronary artery disease : s/p ant SEMI + stent LAD 2/67, Dr Oakley, ETT Clarkfield 3/67 - neg scan for ischemia.

Thyroid nodule : 2065, thyroid scan 2066 consistent with hot nodule and toxic multinodular goiter, saw Dr Dolan, follow TSH. 





Medications

Asa (ACETYLSALICYLIC Acid) 325MG, 1 Tablet(s) PO QD

Nitroglycerin 1/150 (0.4 Mg) 1 TAB SL x1 PRN prn CP

Norvasc (AMLODIPINE) 5MG, 1 Tablet(s) PO QD

Plavix (CLOPIDOGREL) 75 MG PO QD

ATENOLOL 50MG, 1 Tablet(s) PO QD

Lipitor (ATORVASTATIN) 10MG, 1 Tablet(s) PO QD

Hctz (HYDROCHLOROTHIAZIDE) 25MG, 1 Tablet(s) PO QD

Zestril (LISINOPRIL) 40MG, 1 Tablet(s) PO QD 





Allergies

Ceclor (CEFACLOR) - Rash 





Physical Exam	 

	

Vital signs  140/82  98.2

Looks well,  nontoxic

Sinuses - nontender

TM's clear

OP - negative without exudates

neck- supple without increased nodes

lungs - clear without wheezing on forced exp 

CVS - rrrs2s2

 





Assessment and Plan	

1. URI - no evidence of bact sinus infection.  Needs decongestion but would like to avoid decong systemically given history CAD and ectopy in past. Will use steam, humidity, nasal decong spray for 3 days.  Call if fevers, worsens or persists.

2. Hot thyroid nodule - was slightly higher last visit - will refer to Dr Dolan for discussion re treating this now especially given her history of cardiac ds in the last couple of years.

3. blood pressure - slightly elevated above what would want it. Will recheck on follow-up which will be soon

4. Chol- will check fastings next visit. Lfts okay in June



Due for annual - will schedule next avail.



Beverly Thiel MD



]]></TEXT>
  <TAGS>
    <MEDICATION id="DOC0" time="during DCT" type1="ACE inhibitor" type2="">
      <MEDICATION id="M0" start="1336" end="1343" text="Zestril" time="during DCT" type1="ACE inhibitor" type2="" comment=""/>
      <MEDICATION id="M1" start="1336" end="1356" text="Zestril (LISINOPRIL)" time="during DCT" type1="ACE inhibitor" type2="" comment=""/>
      <MEDICATION id="M2" start="1335" end="1344" text=" Zestril " time="during DCT" type1="ACE inhibitor" type2="" comment=""/>
    </MEDICATION>
    <MEDICATION id="DOC1" time="after DCT" type1="statin" type2="">
      <MEDICATION id="M3" start="1236" end="1243" text="Lipitor" time="after DCT" type1="statin" type2="" comment=""/>
      <MEDICATION id="M4" start="1236" end="1258" text="Lipitor (ATORVASTATIN)" time="after DCT" type1="statin" type2="" comment=""/>
      <MEDICATION id="M5" start="1236" end="1243" text="Lipitor" time="after DCT" type1="statin" type2="" comment=""/>
    </MEDICATION>
    <MEDICATION id="DOC2" time="during DCT" type1="aspirin" type2="">
      <MEDICATION id="M6" start="1017" end="1020" text="Asa" time="during DCT" type1="aspirin" type2="" comment=""/>
      <MEDICATION id="M7" start="1017" end="1043" text="Asa (ACETYLSALICYLIC Acid)" time="during DCT" type1="aspirin" type2="" comment=""/>
      <MEDICATION id="M8" start="1017" end="1020" text="Asa" time="during DCT" type1="aspirin" type2="" comment=""/>
    </MEDICATION>
    <MEDICATION id="DOC3" time="during DCT" type1="thienopyridine" type2="">
      <MEDICATION id="M9" start="1168" end="1174" text="Plavix" time="during DCT" type1="thienopyridine" type2="" comment=""/>
      <MEDICATION id="M10" start="1168" end="1189" text="Plavix (CLOPIDOGREL) " time="during DCT" type1="thienopyridine" type2="" comment=""/>
      <MEDICATION id="M11" start="1168" end="1174" text="Plavix" time="during DCT" type1="thienopyridine" type2="" comment=""/>
    </MEDICATION>
    <MEDICATION id="DOC4" time="after DCT" type1="aspirin" type2="">
      <MEDICATION id="M12" start="1017" end="1020" text="Asa" time="after DCT" type1="aspirin" type2="" comment=""/>
      <MEDICATION id="M13" start="1017" end="1043" text="Asa (ACETYLSALICYLIC Acid)" time="after DCT" type1="aspirin" type2="" comment=""/>
      <MEDICATION id="M14" start="1017" end="1020" text="Asa" time="after DCT" type1="aspirin" type2="" comment=""/>
    </MEDICATION>
    <SMOKER id="DOC5" status="past">
      <SMOKER id="S0" start="523" end="537" text="Smoking : quit" status="past" comment=""/>
      <SMOKER id="S1" start="523" end="542" text="Smoking : quit 2/67" status="past" comment=""/>
      <SMOKER id="S2" start="523" end="538" text="Smoking : quit " status="past" comment=""/>
    </SMOKER>
    <HYPERTENSION id="DOC6" time="during DCT" indicator="mention">
      <HYPERTENSION id="H0" start="479" end="491" text="Hypertension" time="during DCT" indicator="mention" comment=""/>
      <HYPERTENSION id="H1" start="479" end="491" text="Hypertension" time="during DCT" indicator="mention" comment=""/>
      <HYPERTENSION id="H2" start="589" end="592" text="HTN" time="during DCT" indicator="mention" comment=""/>
      <HYPERTENSION id="H3" start="479" end="492" text="Hypertension " time="during DCT" indicator="mention" comment=""/>
    </HYPERTENSION>
    <MEDICATION id="DOC7" time="after DCT" type1="ACE inhibitor" type2="">
      <MEDICATION id="M15" start="1336" end="1343" text="Zestril" time="after DCT" type1="ACE inhibitor" type2="" comment=""/>
      <MEDICATION id="M16" start="1336" end="1356" text="Zestril (LISINOPRIL)" time="after DCT" type1="ACE inhibitor" type2="" comment=""/>
      <MEDICATION id="M17" start="1335" end="1344" text=" Zestril " time="after DCT" type1="ACE inhibitor" type2="" comment=""/>
    </MEDICATION>
    <MEDICATION id="DOC8" time="before DCT" type1="ACE inhibitor" type2="">
      <MEDICATION id="M18" start="1336" end="1343" text="Zestril" time="before DCT" type1="ACE inhibitor" type2="" comment=""/>
      <MEDICATION id="M19" start="1336" end="1356" text="Zestril (LISINOPRIL)" time="before DCT" type1="ACE inhibitor" type2="" comment=""/>
      <MEDICATION id="M20" start="1335" end="1344" text=" Zestril " time="before DCT" type1="ACE inhibitor" type2="" comment=""/>
    </MEDICATION>
    <MEDICATION id="DOC9" time="before DCT" type1="diuretic" type2="">
      <MEDICATION id="M21" start="1284" end="1288" text="Hctz" time="before DCT" type1="diuretic" type2="" comment=""/>
      <MEDICATION id="M22" start="1284" end="1311" text="Hctz (HYDROCHLOROTHIAZIDE) " time="before DCT" type1="diuretic" type2="" comment=""/>
      <MEDICATION id="M23" start="1284" end="1289" text="Hctz " time="before DCT" type1="diuretic" type2="" comment=""/>
    </MEDICATION>
    <MEDICATION id="DOC10" time="after DCT" type1="nitrate" type2="">
      <MEDICATION id="M24" start="1070" end="1083" text="Nitroglycerin" time="after DCT" type1="nitrate" type2="" comment=""/>
      <MEDICATION id="M25" start="1070" end="1089" text="Nitroglycerin 1/150" time="after DCT" type1="nitrate" type2="" comment=""/>
      <MEDICATION id="M26" start="1070" end="1084" text="Nitroglycerin " time="after DCT" type1="nitrate" type2="" comment=""/>
    </MEDICATION>
    <MEDICATION id="DOC11" time="during DCT" type1="nitrate" type2="">
      <MEDICATION id="M27" start="1070" end="1083" text="Nitroglycerin" time="during DCT" type1="nitrate" type2="" comment=""/>
      <MEDICATION id="M28" start="1070" end="1089" text="Nitroglycerin 1/150" time="during DCT" type1="nitrate" type2="" comment=""/>
      <MEDICATION id="M29" start="1070" end="1084" text="Nitroglycerin " time="during DCT" type1="nitrate" type2="" comment=""/>
    </MEDICATION>
    <MEDICATION id="DOC12" time="during DCT" type1="calcium channel blocker" type2="">
      <MEDICATION id="M30" start="1123" end="1130" text="Norvasc" time="during DCT" type1="calcium channel blocker" type2="" comment=""/>
      <MEDICATION id="M31" start="1123" end="1143" text="Norvasc (AMLODIPINE)" time="during DCT" type1="calcium channel blocker" type2="" comment=""/>
      <MEDICATION id="M32" start="1123" end="1130" text="Norvasc" time="during DCT" type1="calcium channel blocker" type2="" comment=""/>
    </MEDICATION>
    <HYPERLIPIDEMIA id="DOC13" time="during DCT" indicator="mention">
      <HYPERLIPIDEMIA id="HY0" start="551" end="565" text="Hyperlipidemia" time="during DCT" indicator="mention" comment=""/>
      <HYPERLIPIDEMIA id="HY1" start="551" end="565" text="Hyperlipidemia" time="during DCT" indicator="mention" comment=""/>
      <HYPERLIPIDEMIA id="HY2" start="551" end="565" text="Hyperlipidemia" time="during DCT" indicator="mention" comment=""/>
    </HYPERLIPIDEMIA>
    <MEDICATION id="DOC14" time="after DCT" type1="calcium channel blocker" type2="">
      <MEDICATION id="M33" start="1123" end="1130" text="Norvasc" time="after DCT" type1="calcium channel blocker" type2="" comment=""/>
      <MEDICATION id="M34" start="1123" end="1143" text="Norvasc (AMLODIPINE)" time="after DCT" type1="calcium channel blocker" type2="" comment=""/>
      <MEDICATION id="M35" start="1123" end="1130" text="Norvasc" time="after DCT" type1="calcium channel blocker" type2="" comment=""/>
    </MEDICATION>
    <MEDICATION id="DOC15" time="before DCT" type1="calcium channel blocker" type2="">
      <MEDICATION id="M36" start="1123" end="1130" text="Norvasc" time="before DCT" type1="calcium channel blocker" type2="" comment=""/>
      <MEDICATION id="M37" start="1123" end="1143" text="Norvasc (AMLODIPINE)" time="before DCT" type1="calcium channel blocker" type2="" comment=""/>
      <MEDICATION id="M38" start="1123" end="1130" text="Norvasc" time="before DCT" type1="calcium channel blocker" type2="" comment=""/>
    </MEDICATION>
    <MEDICATION id="DOC16" time="after DCT" type1="thienopyridine" type2="">
      <MEDICATION id="M39" start="1168" end="1174" text="Plavix" time="after DCT" type1="thienopyridine" type2="" comment=""/>
      <MEDICATION id="M40" start="1168" end="1189" text="Plavix (CLOPIDOGREL) " time="after DCT" type1="thienopyridine" type2="" comment=""/>
      <MEDICATION id="M41" start="1168" end="1174" text="Plavix" time="after DCT" type1="thienopyridine" type2="" comment=""/>
    </MEDICATION>
    <HYPERTENSION id="DOC17" time="after DCT" indicator="mention">
      <HYPERTENSION id="H4" start="479" end="491" text="Hypertension" time="after DCT" indicator="mention" comment=""/>
      <HYPERTENSION id="H5" start="479" end="491" text="Hypertension" time="after DCT" indicator="mention" comment=""/>
      <HYPERTENSION id="H6" start="589" end="592" text="HTN" time="after DCT" indicator="mention" comment=""/>
      <HYPERTENSION id="H7" start="479" end="492" text="Hypertension " time="after DCT" indicator="mention" comment=""/>
    </HYPERTENSION>
    <MEDICATION id="DOC18" time="after DCT" type1="beta blocker" type2="">
      <MEDICATION id="M42" start="1202" end="1210" text="ATENOLOL" time="after DCT" type1="beta blocker" type2="" comment=""/>
      <MEDICATION id="M43" start="1202" end="1210" text="ATENOLOL" time="after DCT" type1="beta blocker" type2="" comment=""/>
      <MEDICATION id="M44" start="1202" end="1210" text="ATENOLOL" time="after DCT" type1="beta blocker" type2="" comment=""/>
    </MEDICATION>
    <CAD id="DOC19" time="after DCT" indicator="mention">
      <CAD id="C0" start="602" end="614" text="known hx CAD" time="after DCT" indicator="mention" comment=""/>
      <CAD id="C1" start="610" end="614" text=" CAD" time="after DCT" indicator="mention" comment=""/>
      <CAD id="C2" start="759" end="782" text="Coronary artery disease" time="after DCT" indicator="mention" comment=""/>
      <CAD id="C3" start="1817" end="1821" text="CAD " time="after DCT" indicator="mention" comment=""/>
      <CAD id="C4" start="759" end="782" text="Coronary artery disease" time="after DCT" indicator="mention" comment=""/>
      <CAD id="C5" start="1168" end="1174" text="Plavix" time="after DCT" indicator="mention" comment=""/>
      <CAD id="C6" start="1070" end="1082" text="Nitroglyceri" time="after DCT" indicator="mention" comment=""/>
    </CAD>
    <MEDICATION id="DOC20" time="before DCT" type1="statin" type2="">
      <MEDICATION id="M45" start="1236" end="1243" text="Lipitor" time="before DCT" type1="statin" type2="" comment=""/>
      <MEDICATION id="M46" start="1236" end="1258" text="Lipitor (ATORVASTATIN)" time="before DCT" type1="statin" type2="" comment=""/>
      <MEDICATION id="M47" start="1236" end="1243" text="Lipitor" time="before DCT" type1="statin" type2="" comment=""/>
    </MEDICATION>
    <MEDICATION id="DOC21" time="during DCT" type1="statin" type2="">
      <MEDICATION id="M48" start="1236" end="1243" text="Lipitor" time="during DCT" type1="statin" type2="" comment=""/>
      <MEDICATION id="M49" start="1236" end="1258" text="Lipitor (ATORVASTATIN)" time="during DCT" type1="statin" type2="" comment=""/>
      <MEDICATION id="M50" start="1236" end="1243" text="Lipitor" time="during DCT" type1="statin" type2="" comment=""/>
    </MEDICATION>
    <MEDICATION id="DOC22" time="during DCT" type1="diuretic" type2="">
      <MEDICATION id="M51" start="1284" end="1288" text="Hctz" time="during DCT" type1="diuretic" type2="" comment=""/>
      <MEDICATION id="M52" start="1284" end="1311" text="Hctz (HYDROCHLOROTHIAZIDE) " time="during DCT" type1="diuretic" type2="" comment=""/>
      <MEDICATION id="M53" start="1284" end="1289" text="Hctz " time="during DCT" type1="diuretic" type2="" comment=""/>
    </MEDICATION>
    <FAMILY_HIST id="DOC23" indicator="not present">
      <FAMILY_HIST id="F0" indicator="not present"/>
      <FAMILY_HIST id="F1" indicator="not present"/>
      <FAMILY_HIST id="F2" indicator="not present"/>
    </FAMILY_HIST>
    <HYPERLIPIDEMIA id="DOC24" time="after DCT" indicator="mention">
      <HYPERLIPIDEMIA id="HY3" start="551" end="565" text="Hyperlipidemia" time="after DCT" indicator="mention" comment=""/>
      <HYPERLIPIDEMIA id="HY4" start="551" end="565" text="Hyperlipidemia" time="after DCT" indicator="mention" comment=""/>
      <HYPERLIPIDEMIA id="HY5" start="551" end="565" text="Hyperlipidemia" time="after DCT" indicator="mention" comment=""/>
    </HYPERLIPIDEMIA>
    <CAD id="DOC25" time="during DCT" indicator="mention">
      <CAD id="C7" start="602" end="614" text="known hx CAD" time="during DCT" indicator="mention" comment=""/>
      <CAD id="C8" start="610" end="614" text=" CAD" time="during DCT" indicator="mention" comment=""/>
      <CAD id="C9" start="759" end="782" text="Coronary artery disease" time="during DCT" indicator="mention" comment=""/>
      <CAD id="C10" start="1817" end="1821" text="CAD " time="during DCT" indicator="mention" comment=""/>
      <CAD id="C11" start="759" end="782" text="Coronary artery disease" time="during DCT" indicator="mention" comment=""/>
      <CAD id="C12" start="1168" end="1174" text="Plavix" time="during DCT" indicator="mention" comment=""/>
      <CAD id="C13" start="1070" end="1082" text="Nitroglyceri" time="during DCT" indicator="mention" comment=""/>
    </CAD>
    <MEDICATION id="DOC26" time="before DCT" type1="aspirin" type2="">
      <MEDICATION id="M54" start="1017" end="1020" text="Asa" time="before DCT" type1="aspirin" type2="" comment=""/>
      <MEDICATION id="M55" start="1017" end="1043" text="Asa (ACETYLSALICYLIC Acid)" time="before DCT" type1="aspirin" type2="" comment=""/>
      <MEDICATION id="M56" start="1017" end="1020" text="Asa" time="before DCT" type1="aspirin" type2="" comment=""/>
    </MEDICATION>
    <MEDICATION id="DOC27" time="before DCT" type1="nitrate" type2="">
      <MEDICATION id="M57" start="1070" end="1083" text="Nitroglycerin" time="before DCT" type1="nitrate" type2="" comment=""/>
      <MEDICATION id="M58" start="1070" end="1089" text="Nitroglycerin 1/150" time="before DCT" type1="nitrate" type2="" comment=""/>
      <MEDICATION id="M59" start="1070" end="1084" text="Nitroglycerin " time="before DCT" type1="nitrate" type2="" comment=""/>
    </MEDICATION>
    <CAD id="DOC28" time="before DCT" indicator="event">
      <CAD id="C14" start="543" end="549" text="s/p MI" time="before DCT" indicator="event" comment=""/>
      <CAD id="C15" start="785" end="826" text="s/p ant SEMI + stent LAD 2/67, Dr Oakley," time="before DCT" indicator="event" comment=""/>
      <CAD id="C16" start="543" end="549" text="s/p MI" time="before DCT" indicator="event" comment=""/>
      <CAD id="C17" start="785" end="809" text="s/p ant SEMI + stent LAD" time="before DCT" indicator="event" comment=""/>
      <CAD id="C18" start="784" end="809" text=" s/p ant SEMI + stent LAD" time="before DCT" indicator="event" comment=""/>
    </CAD>
    <HYPERLIPIDEMIA id="DOC29" time="before DCT" indicator="mention">
      <HYPERLIPIDEMIA id="HY6" start="551" end="565" text="Hyperlipidemia" time="before DCT" indicator="mention" comment=""/>
      <HYPERLIPIDEMIA id="HY7" start="551" end="565" text="Hyperlipidemia" time="before DCT" indicator="mention" comment=""/>
      <HYPERLIPIDEMIA id="HY8" start="551" end="565" text="Hyperlipidemia" time="before DCT" indicator="mention" comment=""/>
    </HYPERLIPIDEMIA>
    <MEDICATION id="DOC30" time="after DCT" type1="diuretic" type2="">
      <MEDICATION id="M60" start="1284" end="1288" text="Hctz" time="after DCT" type1="diuretic" type2="" comment=""/>
      <MEDICATION id="M61" start="1284" end="1311" text="Hctz (HYDROCHLOROTHIAZIDE) " time="after DCT" type1="diuretic" type2="" comment=""/>
      <MEDICATION id="M62" start="1284" end="1289" text="Hctz " time="after DCT" type1="diuretic" type2="" comment=""/>
    </MEDICATION>
    <MEDICATION id="DOC31" time="before DCT" type1="thienopyridine" type2="">
      <MEDICATION id="M63" start="1168" end="1174" text="Plavix" time="before DCT" type1="thienopyridine" type2="" comment=""/>
      <MEDICATION id="M64" start="1168" end="1189" text="Plavix (CLOPIDOGREL) " time="before DCT" type1="thienopyridine" type2="" comment=""/>
      <MEDICATION id="M65" start="1168" end="1174" text="Plavix" time="before DCT" type1="thienopyridine" type2="" comment=""/>
    </MEDICATION>
    <HYPERTENSION id="DOC32" time="before DCT" indicator="mention">
      <HYPERTENSION id="H8" start="479" end="491" text="Hypertension" time="before DCT" indicator="mention" comment=""/>
      <HYPERTENSION id="H9" start="479" end="491" text="Hypertension" time="before DCT" indicator="mention" comment=""/>
      <HYPERTENSION id="H10" start="589" end="592" text="HTN" time="before DCT" indicator="mention" comment=""/>
      <HYPERTENSION id="H11" start="479" end="492" text="Hypertension " time="before DCT" indicator="mention" comment=""/>
    </HYPERTENSION>
    <MEDICATION id="DOC33" time="before DCT" type1="beta blocker" type2="">
      <MEDICATION id="M66" start="1202" end="1210" text="ATENOLOL" time="before DCT" type1="beta blocker" type2="" comment=""/>
      <MEDICATION id="M67" start="1202" end="1210" text="ATENOLOL" time="before DCT" type1="beta blocker" type2="" comment=""/>
      <MEDICATION id="M68" start="1202" end="1210" text="ATENOLOL" time="before DCT" type1="beta blocker" type2="" comment=""/>
    </MEDICATION>
    <MEDICATION id="DOC34" time="during DCT" type1="beta blocker" type2="">
      <MEDICATION id="M69" start="1202" end="1210" text="ATENOLOL" time="during DCT" type1="beta blocker" type2="" comment=""/>
      <MEDICATION id="M70" start="1202" end="1210" text="ATENOLOL" time="during DCT" type1="beta blocker" type2="" comment=""/>
      <MEDICATION id="M71" start="1202" end="1210" text="ATENOLOL" time="during DCT" type1="beta blocker" type2="" comment=""/>
    </MEDICATION>
    <CAD id="DOC35" time="before DCT" indicator="mention">
      <CAD id="C19" start="602" end="614" text="known hx CAD" time="before DCT" indicator="mention" comment=""/>
      <CAD id="C20" start="610" end="614" text=" CAD" time="before DCT" indicator="mention" comment=""/>
      <CAD id="C21" start="759" end="782" text="Coronary artery disease" time="before DCT" indicator="mention" comment=""/>
      <CAD id="C22" start="1817" end="1821" text="CAD " time="before DCT" indicator="mention" comment=""/>
      <CAD id="C23" start="759" end="782" text="Coronary artery disease" time="before DCT" indicator="mention" comment=""/>
      <CAD id="C24" start="1168" end="1174" text="Plavix" time="before DCT" indicator="mention" comment=""/>
      <CAD id="C25" start="1070" end="1082" text="Nitroglyceri" time="before DCT" indicator="mention" comment=""/>
    </CAD>
    <PHI id="P0" start="16" end="26" text="2068-12-05" TYPE="DATE"/>
    <PHI id="P1" start="424" end="426" text="37" TYPE="AGE"/>
    <PHI id="P2" start="472" end="474" text="66" TYPE="AGE"/>
    <PHI id="P3" start="517" end="521" text="2062" TYPE="DATE"/>
    <PHI id="P4" start="538" end="542" text="2/67" TYPE="DATE"/>
    <PHI id="P5" start="654" end="658" text="4/63" TYPE="DATE"/>
    <PHI id="P6" start="686" end="690" text="2065" TYPE="DATE"/>
    <PHI id="P7" start="810" end="814" text="2/67" TYPE="DATE"/>
    <PHI id="P8" start="819" end="825" text="Oakley" TYPE="DOCTOR"/>
    <PHI id="P9" start="831" end="841" text="Clarkfield" TYPE="HOSPITAL"/>
    <PHI id="P10" start="842" end="846" text="3/67" TYPE="DATE"/>
    <PHI id="P11" start="890" end="894" text="2065" TYPE="DATE"/>
    <PHI id="P12" start="909" end="913" text="2066" TYPE="DATE"/>
    <PHI id="P13" start="979" end="984" text="Dolan" TYPE="DOCTOR"/>
    <PHI id="P14" start="2011" end="2016" text="Dolan" TYPE="DOCTOR"/>
    <PHI id="P15" start="2290" end="2294" text="June" TYPE="DATE"/>
    <PHI id="P16" start="2344" end="2357" text="Beverly Thiel" TYPE="DOCTOR"/>
  </TAGS>
</root>
