<?xml version='1.0' encoding='UTF-8'?>
<root>
  <TEXT><![CDATA[


Record date: 2072-07-27

 Narrative History	
 Patient  presents for an annual exam.  
Not seen for almost 2 years.

State she's had a very difficult time with her husband's death 2070.  Angry and sad and guilty feelings.  Had been staying at home a lot, missing a fair amount of work.  Did have a lot of support from her neighbors and coworkers.  Also does live with her son.  Just seems to be coming out of it now.

GYN -  no vaginal bleeding, not sexually active.

Exercise - none,

Problems
FH breast cancer : 37 yo s -died 41
FH myocardial infarction : mother died 66 yo

Hypertension -borderline today - check chem 7, refilled all her medications.  Will start doing some exercise and trying to lose weight.

Uterine fibroids : u/s 2062 -not seen Dr Foust since 2066 when difficult to obtain her Pap smear .

Smoking : quit 2/67 s/p MI - still not smoking! 

borderline diabetes mellitus : 4/63 125 , follow hgbaic - was 6.5/131 in 12/70, gradually rising, recheck glc and a1c today

VPB : 2065 - ETT showed freq PVC's, bigeminy and couplets, nondx for ischemia - denies palp or dizziness.  Does occasionally feel a split second palpitation.  Takes a deep breath and it goes away.  No associated symptoms.  Perhaps feels it twice a month.  Will check electrolytes and TSH.

Coronary artery disease : s/p ant SEMI + stent LAD 2/67, Dr Oakley, ETT Clarkfield 3/67 - neg scan for ischemia. No CP's, palp. Not seen cardiology for two to 3 years. Will make follow-up with cardiology now that Dr Oakley gone

thyroid nodule : 2065, hot, follow TSH. TReated with RAI February 2071.  Last TSH checked 12/71 and was in the normal range.  To see Dr. Dolan q. year.

Hyperlipidemia : CRF mild chol, cigs, HTN, Fhx and known hx CAD in pt. in January 2071 she was written to increase her Lipitor to 40 mg and then to follow-up in March.  She never did increase the dose at that time. Check lfts and cholesterol fasting next week, and then can decide if we need to increase the Lipitor.  Will aim for LDL less than 100


Medications
Asa (ACETYLSALICYLIC ACID) 325MG TABLET take 1 Tablet(s) PO QD 
Nitroglycerin 1/150 (0.4 MG) 1 TAB SL x1 PRN prn CP 
Norvasc (AMLODIPINE) 5MG TABLET take 1 Tablet(s) PO QD 
Triamcinolone CREAM 0.5% (TRIAMCINOLONE ACETONIDE 0.5%) TOP BID PRN 
Lipitor (ATORVASTATIN) 20MG TABLET PO QD 
Zestril (LISINOPRIL) 40MG TABLET take 1 Tablet(s) PO QD 
Atenolol 50MG TABLET take 1 Tablet(s) PO QD 
Hctz (HYDROCHLOROTHIAZIDE) 25MG TABLET take 1 Tablet(s) PO QD 
Ativan (LORAZEPAM) 1 MG (1MG TABLET take 1) PO qhs PRN , dea#pf 0760305 


Allergies
CEFACLOR - Rash, 


Family History	
father -HTN, 85 now
mother-HTN, MI at 58 and 62 - died then
siblings-sister finally died from breast CA after 4 year battle, dx age 37.     7 sisters - one with DM,and 2 brothers - ok
No change since previous annual.

Social History	working for Convergys as Sculptor, widowed 2070, one son - 29 yo who lives with her - Specialized Livestock Worker

Review of Systems	
The following systems were reviewed today and were negative unless indicated otherwise in the history noted above: Constitutional, HEENT, Breast,CVS, GI, GYN, Skin, Musculoskeletal, Neuro, Psych, Respiratory, and Allergic

Physical Exam 

Vital Signs
BLOOD PRESSURE 148/76 
PULSE 60 
HEIGHT 65 in
WEIGHT 217.5 lb BMI 36.3 

up 3 lbs
General:  appears well      
HEENT:  EOMI, PERRL, OP normal  
Skin: no suspicious lesions 
Neck:  no thyromegaly, no bruits
Nodes: no cervical, axillary, or supraclavicular lymphadenopathy
Breasts - no nipple discharge or retraction, no dominant masses
Chest:  clear to auscultation, no rhonchi or wheeze
COR:  regular S1, S2, no murmurs, rubs or gallops   
Abd:  soft, NT, no HSM or masses
Musculoskeletal:  no erythema, swelling, or tenderness
Ext:  no CCE    , 
Neuro:  grossly non-focal


Health Maintenance
Influenza Vaccine 11/29/2067 
Cholesterol 12/16/2070 172 
Mammogram 03/01/64 see report in Results 
Pap Smear 12/16/2070 see report in Results 
UA-Protein 03/12/2066 NEGATIVE 
Colonoscopy 06/04/2071 see report in Results 
Urine Culture 03/12/2066 see report in Results 
Td Booster 12/16/2070 
Triglycerides 12/16/2070 83 
Cholesterol-LDL 12/16/2070 108 
Hct (Hematocrit) 04/27/2072 40.7 
Cholesterol-HDL 12/16/2070 47 
Hgb (Hemoglobin) 04/27/2072 13.1 
HbA1c 12/16/2070 6.50 
Chlamydia 03/09/62 NEGATIVE. 

Assessment and Plan	
1.  Health Maintenance - Pap smear  -will do every two to 3 years. mammo -still very overdue - stressed needs to do this again and promises,  colonoscopy fine  2071. To increase exercise.
2. Menopause - calcium, consider BD when not overwhelmed with everything else
3. Sleep, stress - seems to be doing generally better now.  Discussed this for most of her 45 minute appointment.  Starting to get out now and socialize.  To work quite regularly now.  Not interested in further counseling or medications.
4. sinus congestion states she wakes up and feels her sinuses are clogged her eyes are puffy and sneezing.  No help with Claritin.  Will try Flonase for two to 3 weeks to see if it helps.
  
Rest of issues - see above.

follow-up 3 months

Beverly Thiel 





]]></TEXT>
  <TAGS>
    <MEDICATION id="DOC0" time="during DCT" type1="ACE inhibitor" type2="">
      <MEDICATION id="M0" start="2310" end="2330" text="Zestril (LISINOPRIL)" time="during DCT" type1="ACE inhibitor" type2="" comment=""/>
      <MEDICATION id="M1" start="2310" end="2317" text="Zestril" time="during DCT" type1="ACE inhibitor" type2="" comment=""/>
      <MEDICATION id="M2" start="2310" end="2318" text="Zestril " time="during DCT" type1="ACE inhibitor" type2="" comment=""/>
    </MEDICATION>
    <MEDICATION id="DOC1" time="after DCT" type1="statin" type2="">
      <MEDICATION id="M3" start="1782" end="1789" text="Lipitor" time="after DCT" type1="statin" type2="" comment=""/>
      <MEDICATION id="M4" start="2268" end="2290" text="Lipitor (ATORVASTATIN)" time="after DCT" type1="statin" type2="" comment=""/>
      <MEDICATION id="M5" start="2268" end="2275" text="Lipitor" time="after DCT" type1="statin" type2="" comment=""/>
      <MEDICATION id="M6" start="2268" end="2275" text="Lipitor" time="after DCT" type1="statin" type2="" comment=""/>
    </MEDICATION>
    <MEDICATION id="DOC2" time="during DCT" type1="aspirin" type2="">
      <MEDICATION id="M7" start="2026" end="2052" text="Asa (ACETYLSALICYLIC ACID)" time="during DCT" type1="aspirin" type2="" comment=""/>
      <MEDICATION id="M8" start="2026" end="2029" text="Asa" time="during DCT" type1="aspirin" type2="" comment=""/>
      <MEDICATION id="M9" start="2026" end="2029" text="Asa" time="during DCT" type1="aspirin" type2="" comment=""/>
    </MEDICATION>
    <MEDICATION id="DOC3" time="before DCT" type1="diuretic" type2="">
      <MEDICATION id="M10" start="2412" end="2438" text="Hctz (HYDROCHLOROTHIAZIDE)" time="before DCT" type1="diuretic" type2="" comment=""/>
      <MEDICATION id="M11" start="2412" end="2416" text="Hctz" time="before DCT" type1="diuretic" type2="" comment=""/>
      <MEDICATION id="M12" start="2412" end="2416" text="Hctz" time="before DCT" type1="diuretic" type2="" comment=""/>
    </MEDICATION>
    <SMOKER id="DOC4" status="past">
      <SMOKER id="S0" start="816" end="835" text="Smoking : quit 2/67" status="past" comment=""/>
      <SMOKER id="S1" start="816" end="835" text="Smoking : quit 2/67" status="past" comment=""/>
      <SMOKER id="S2" start="816" end="830" text="Smoking : quit" status="past" comment=""/>
    </SMOKER>
    <HYPERTENSION id="DOC5" time="during DCT" indicator="mention">
      <HYPERTENSION id="H0" start="579" end="591" text="Hypertension" time="during DCT" indicator="mention" comment=""/>
      <HYPERTENSION id="H1" start="1701" end="1704" text="HTN" time="during DCT" indicator="mention" comment=""/>
      <HYPERTENSION id="H2" start="579" end="591" text="Hypertension" time="during DCT" indicator="mention" comment=""/>
      <HYPERTENSION id="H3" start="579" end="592" text="Hypertension " time="during DCT" indicator="mention" comment=""/>
    </HYPERTENSION>
    <MEDICATION id="DOC6" time="after DCT" type1="ACE inhibitor" type2="">
      <MEDICATION id="M13" start="2310" end="2330" text="Zestril (LISINOPRIL)" time="after DCT" type1="ACE inhibitor" type2="" comment=""/>
      <MEDICATION id="M14" start="2310" end="2317" text="Zestril" time="after DCT" type1="ACE inhibitor" type2="" comment=""/>
      <MEDICATION id="M15" start="2310" end="2318" text="Zestril " time="after DCT" type1="ACE inhibitor" type2="" comment=""/>
    </MEDICATION>
    <MEDICATION id="DOC7" time="before DCT" type1="ACE inhibitor" type2="">
      <MEDICATION id="M16" start="2310" end="2330" text="Zestril (LISINOPRIL)" time="before DCT" type1="ACE inhibitor" type2="" comment=""/>
      <MEDICATION id="M17" start="2310" end="2317" text="Zestril" time="before DCT" type1="ACE inhibitor" type2="" comment=""/>
      <MEDICATION id="M18" start="2310" end="2318" text="Zestril " time="before DCT" type1="ACE inhibitor" type2="" comment=""/>
    </MEDICATION>
    <MEDICATION id="DOC8" time="after DCT" type1="aspirin" type2="">
      <MEDICATION id="M19" start="2026" end="2052" text="Asa (ACETYLSALICYLIC ACID)" time="after DCT" type1="aspirin" type2="" comment=""/>
      <MEDICATION id="M20" start="2026" end="2029" text="Asa" time="after DCT" type1="aspirin" type2="" comment=""/>
      <MEDICATION id="M21" start="2026" end="2029" text="Asa" time="after DCT" type1="aspirin" type2="" comment=""/>
    </MEDICATION>
    <MEDICATION id="DOC9" time="after DCT" type1="nitrate" type2="">
      <MEDICATION id="M22" start="2090" end="2109" text="Nitroglycerin 1/150" time="after DCT" type1="nitrate" type2="" comment=""/>
      <MEDICATION id="M23" start="2090" end="2103" text="Nitroglycerin" time="after DCT" type1="nitrate" type2="" comment=""/>
      <MEDICATION id="M24" start="2090" end="2104" text="Nitroglycerin " time="after DCT" type1="nitrate" type2="" comment=""/>
    </MEDICATION>
    <MEDICATION id="DOC10" time="during DCT" type1="nitrate" type2="">
      <MEDICATION id="M25" start="2090" end="2109" text="Nitroglycerin 1/150" time="during DCT" type1="nitrate" type2="" comment=""/>
      <MEDICATION id="M26" start="2090" end="2103" text="Nitroglycerin" time="during DCT" type1="nitrate" type2="" comment=""/>
      <MEDICATION id="M27" start="2090" end="2104" text="Nitroglycerin " time="during DCT" type1="nitrate" type2="" comment=""/>
    </MEDICATION>
    <MEDICATION id="DOC11" time="during DCT" type1="calcium channel blocker" type2="">
      <MEDICATION id="M28" start="2143" end="2163" text="Norvasc (AMLODIPINE)" time="during DCT" type1="calcium channel blocker" type2="" comment=""/>
      <MEDICATION id="M29" start="2143" end="2150" text="Norvasc" time="during DCT" type1="calcium channel blocker" type2="" comment=""/>
      <MEDICATION id="M30" start="2143" end="2151" text="Norvasc " time="during DCT" type1="calcium channel blocker" type2="" comment=""/>
    </MEDICATION>
    <HYPERLIPIDEMIA id="DOC12" time="during DCT" indicator="mention">
      <HYPERLIPIDEMIA id="HY0" start="1663" end="1677" text="Hyperlipidemia" time="during DCT" indicator="mention" comment=""/>
      <HYPERLIPIDEMIA id="HY1" start="1663" end="1677" text="Hyperlipidemia" time="during DCT" indicator="mention" comment=""/>
      <HYPERLIPIDEMIA id="HY2" start="1663" end="1677" text="Hyperlipidemia" time="during DCT" indicator="mention" comment=""/>
    </HYPERLIPIDEMIA>
    <HYPERTENSION id="DOC13" time="during DCT" indicator="high bp">
      <HYPERTENSION id="H4" start="3230" end="3236" text="148/76" time="during DCT" indicator="high bp" comment=""/>
      <HYPERTENSION id="H5" start="3230" end="3237" text="148/76 " time="during DCT" indicator="high bp" comment=""/>
      <HYPERTENSION id="H6" start="3230" end="3236" text="148/76" time="during DCT" indicator="high bp" comment=""/>
    </HYPERTENSION>
    <MEDICATION id="DOC14" time="after DCT" type1="calcium channel blocker" type2="">
      <MEDICATION id="M31" start="2143" end="2163" text="Norvasc (AMLODIPINE)" time="after DCT" type1="calcium channel blocker" type2="" comment=""/>
      <MEDICATION id="M32" start="2143" end="2150" text="Norvasc" time="after DCT" type1="calcium channel blocker" type2="" comment=""/>
      <MEDICATION id="M33" start="2143" end="2151" text="Norvasc " time="after DCT" type1="calcium channel blocker" type2="" comment=""/>
    </MEDICATION>
    <MEDICATION id="DOC15" time="before DCT" type1="calcium channel blocker" type2="">
      <MEDICATION id="M34" start="2143" end="2163" text="Norvasc (AMLODIPINE)" time="before DCT" type1="calcium channel blocker" type2="" comment=""/>
      <MEDICATION id="M35" start="2143" end="2150" text="Norvasc" time="before DCT" type1="calcium channel blocker" type2="" comment=""/>
      <MEDICATION id="M36" start="2143" end="2151" text="Norvasc " time="before DCT" type1="calcium channel blocker" type2="" comment=""/>
    </MEDICATION>
    <HYPERTENSION id="DOC16" time="after DCT" indicator="mention">
      <HYPERTENSION id="H7" start="579" end="591" text="Hypertension" time="after DCT" indicator="mention" comment=""/>
      <HYPERTENSION id="H8" start="1701" end="1704" text="HTN" time="after DCT" indicator="mention" comment=""/>
      <HYPERTENSION id="H9" start="579" end="591" text="Hypertension" time="after DCT" indicator="mention" comment=""/>
      <HYPERTENSION id="H10" start="579" end="592" text="Hypertension " time="after DCT" indicator="mention" comment=""/>
    </HYPERTENSION>
    <MEDICATION id="DOC17" time="after DCT" type1="beta blocker" type2="">
      <MEDICATION id="M37" start="2367" end="2375" text="Atenolol" time="after DCT" type1="beta blocker" type2="" comment=""/>
      <MEDICATION id="M38" start="2367" end="2375" text="Atenolol" time="after DCT" type1="beta blocker" type2="" comment=""/>
      <MEDICATION id="M39" start="2367" end="2376" text="Atenolol " time="after DCT" type1="beta blocker" type2="" comment=""/>
    </MEDICATION>
    <CAD id="DOC18" time="after DCT" indicator="mention">
      <CAD id="C0" start="1281" end="1304" text="Coronary artery disease" time="after DCT" indicator="mention" comment=""/>
      <CAD id="C1" start="1723" end="1726" text="CAD" time="after DCT" indicator="mention" comment=""/>
      <CAD id="C2" start="1281" end="1304" text="Coronary artery disease" time="after DCT" indicator="mention" comment=""/>
      <CAD id="C3" start="1281" end="1304" text="Coronary artery disease" time="after DCT" indicator="mention" comment=""/>
    </CAD>
    <MEDICATION id="DOC19" time="before DCT" type1="statin" type2="">
      <MEDICATION id="M40" start="1782" end="1789" text="Lipitor" time="before DCT" type1="statin" type2="" comment=""/>
      <MEDICATION id="M41" start="2268" end="2290" text="Lipitor (ATORVASTATIN)" time="before DCT" type1="statin" type2="" comment=""/>
      <MEDICATION id="M42" start="2268" end="2275" text="Lipitor" time="before DCT" type1="statin" type2="" comment=""/>
      <MEDICATION id="M43" start="2268" end="2275" text="Lipitor" time="before DCT" type1="statin" type2="" comment=""/>
    </MEDICATION>
    <MEDICATION id="DOC20" time="during DCT" type1="statin" type2="">
      <MEDICATION id="M44" start="1782" end="1789" text="Lipitor" time="during DCT" type1="statin" type2="" comment=""/>
      <MEDICATION id="M45" start="2268" end="2290" text="Lipitor (ATORVASTATIN)" time="during DCT" type1="statin" type2="" comment=""/>
      <MEDICATION id="M46" start="2268" end="2275" text="Lipitor" time="during DCT" type1="statin" type2="" comment=""/>
      <MEDICATION id="M47" start="2268" end="2275" text="Lipitor" time="during DCT" type1="statin" type2="" comment=""/>
    </MEDICATION>
    <MEDICATION id="DOC21" time="during DCT" type1="diuretic" type2="">
      <MEDICATION id="M48" start="2412" end="2438" text="Hctz (HYDROCHLOROTHIAZIDE)" time="during DCT" type1="diuretic" type2="" comment=""/>
      <MEDICATION id="M49" start="2412" end="2416" text="Hctz" time="during DCT" type1="diuretic" type2="" comment=""/>
      <MEDICATION id="M50" start="2412" end="2416" text="Hctz" time="during DCT" type1="diuretic" type2="" comment=""/>
    </MEDICATION>
    <HYPERLIPIDEMIA id="DOC22" time="before DCT" indicator="high LDL">
      <HYPERLIPIDEMIA id="HY3" start="4131" end="4162" text="Cholesterol-LDL 12/16/2070 108 " time="before DCT" indicator="high LDL" comment=""/>
      <HYPERLIPIDEMIA id="HY4" start="4131" end="4162" text="Cholesterol-LDL 12/16/2070 108 " time="before DCT" indicator="high LDL" comment=""/>
    </HYPERLIPIDEMIA>
    <FAMILY_HIST id="DOC23" indicator="not present">
      <FAMILY_HIST id="F0" indicator="not present"/>
      <FAMILY_HIST id="F1" indicator="not present"/>
    </FAMILY_HIST>
    <HYPERLIPIDEMIA id="DOC24" time="after DCT" indicator="mention">
      <HYPERLIPIDEMIA id="HY5" start="1663" end="1677" text="Hyperlipidemia" time="after DCT" indicator="mention" comment=""/>
      <HYPERLIPIDEMIA id="HY6" start="1663" end="1677" text="Hyperlipidemia" time="after DCT" indicator="mention" comment=""/>
      <HYPERLIPIDEMIA id="HY7" start="1663" end="1677" text="Hyperlipidemia" time="after DCT" indicator="mention" comment=""/>
    </HYPERLIPIDEMIA>
    <CAD id="DOC25" time="during DCT" indicator="mention">
      <CAD id="C4" start="1281" end="1304" text="Coronary artery disease" time="during DCT" indicator="mention" comment=""/>
      <CAD id="C5" start="1723" end="1726" text="CAD" time="during DCT" indicator="mention" comment=""/>
      <CAD id="C6" start="1281" end="1304" text="Coronary artery disease" time="during DCT" indicator="mention" comment=""/>
      <CAD id="C7" start="1281" end="1304" text="Coronary artery disease" time="during DCT" indicator="mention" comment=""/>
    </CAD>
    <MEDICATION id="DOC26" time="before DCT" type1="aspirin" type2="">
      <MEDICATION id="M51" start="2026" end="2052" text="Asa (ACETYLSALICYLIC ACID)" time="before DCT" type1="aspirin" type2="" comment=""/>
      <MEDICATION id="M52" start="2026" end="2029" text="Asa" time="before DCT" type1="aspirin" type2="" comment=""/>
      <MEDICATION id="M53" start="2026" end="2029" text="Asa" time="before DCT" type1="aspirin" type2="" comment=""/>
    </MEDICATION>
    <MEDICATION id="DOC27" time="before DCT" type1="nitrate" type2="">
      <MEDICATION id="M54" start="2090" end="2109" text="Nitroglycerin 1/150" time="before DCT" type1="nitrate" type2="" comment=""/>
      <MEDICATION id="M55" start="2090" end="2103" text="Nitroglycerin" time="before DCT" type1="nitrate" type2="" comment=""/>
      <MEDICATION id="M56" start="2090" end="2104" text="Nitroglycerin " time="before DCT" type1="nitrate" type2="" comment=""/>
    </MEDICATION>
    <CAD id="DOC28" time="before DCT" indicator="event">
      <CAD id="C8" start="1307" end="1331" text="s/p ant SEMI + stent LAD" time="before DCT" indicator="event" comment=""/>
      <CAD id="C9" start="835" end="842" text=" s/p MI" time="before DCT" indicator="event" comment=""/>
      <CAD id="C10" start="1306" end="1336" text=" s/p ant SEMI + stent LAD 2/67" time="before DCT" indicator="event" comment=""/>
      <CAD id="C11" start="1310" end="1331" text=" ant SEMI + stent LAD" time="before DCT" indicator="event" comment=""/>
    </CAD>
    <HYPERLIPIDEMIA id="DOC29" time="before DCT" indicator="mention">
      <HYPERLIPIDEMIA id="HY8" start="1663" end="1677" text="Hyperlipidemia" time="before DCT" indicator="mention" comment=""/>
      <HYPERLIPIDEMIA id="HY9" start="1663" end="1677" text="Hyperlipidemia" time="before DCT" indicator="mention" comment=""/>
      <HYPERLIPIDEMIA id="HY10" start="1663" end="1677" text="Hyperlipidemia" time="before DCT" indicator="mention" comment=""/>
    </HYPERLIPIDEMIA>
    <MEDICATION id="DOC30" time="after DCT" type1="diuretic" type2="">
      <MEDICATION id="M57" start="2412" end="2438" text="Hctz (HYDROCHLOROTHIAZIDE)" time="after DCT" type1="diuretic" type2="" comment=""/>
      <MEDICATION id="M58" start="2412" end="2416" text="Hctz" time="after DCT" type1="diuretic" type2="" comment=""/>
      <MEDICATION id="M59" start="2412" end="2416" text="Hctz" time="after DCT" type1="diuretic" type2="" comment=""/>
    </MEDICATION>
    <HYPERTENSION id="DOC31" time="before DCT" indicator="mention">
      <HYPERTENSION id="H11" start="579" end="591" text="Hypertension" time="before DCT" indicator="mention" comment=""/>
      <HYPERTENSION id="H12" start="1701" end="1704" text="HTN" time="before DCT" indicator="mention" comment=""/>
      <HYPERTENSION id="H13" start="579" end="591" text="Hypertension" time="before DCT" indicator="mention" comment=""/>
      <HYPERTENSION id="H14" start="579" end="592" text="Hypertension " time="before DCT" indicator="mention" comment=""/>
    </HYPERTENSION>
    <MEDICATION id="DOC32" time="before DCT" type1="beta blocker" type2="">
      <MEDICATION id="M60" start="2367" end="2375" text="Atenolol" time="before DCT" type1="beta blocker" type2="" comment=""/>
      <MEDICATION id="M61" start="2367" end="2375" text="Atenolol" time="before DCT" type1="beta blocker" type2="" comment=""/>
      <MEDICATION id="M62" start="2367" end="2376" text="Atenolol " time="before DCT" type1="beta blocker" type2="" comment=""/>
    </MEDICATION>
    <OBESE id="DOC33" time="during DCT" indicator="BMI">
      <OBESE id="O0" start="3277" end="3286" text="BMI 36.3 " time="during DCT" indicator="BMI" comment=""/>
      <OBESE id="O1" start="3276" end="3286" text=" BMI 36.3 " time="during DCT" indicator="BMI" comment=""/>
      <OBESE id="O2" start="3277" end="3286" text="BMI 36.3 " time="during DCT" indicator="BMI" comment=""/>
    </OBESE>
    <MEDICATION id="DOC34" time="during DCT" type1="beta blocker" type2="">
      <MEDICATION id="M63" start="2367" end="2375" text="Atenolol" time="during DCT" type1="beta blocker" type2="" comment=""/>
      <MEDICATION id="M64" start="2367" end="2375" text="Atenolol" time="during DCT" type1="beta blocker" type2="" comment=""/>
      <MEDICATION id="M65" start="2367" end="2376" text="Atenolol " time="during DCT" type1="beta blocker" type2="" comment=""/>
    </MEDICATION>
    <CAD id="DOC35" time="before DCT" indicator="mention">
      <CAD id="C12" start="1281" end="1304" text="Coronary artery disease" time="before DCT" indicator="mention" comment=""/>
      <CAD id="C13" start="1723" end="1726" text="CAD" time="before DCT" indicator="mention" comment=""/>
      <CAD id="C14" start="1281" end="1304" text="Coronary artery disease" time="before DCT" indicator="mention" comment=""/>
      <CAD id="C15" start="1281" end="1304" text="Coronary artery disease" time="before DCT" indicator="mention" comment=""/>
    </CAD>
    <PHI id="P0" start="16" end="26" text="2072-07-27" TYPE="DATE"/>
    <PHI id="P1" start="182" end="186" text="2070" TYPE="DATE"/>
    <PHI id="P2" start="516" end="518" text="37" TYPE="AGE"/>
    <PHI id="P3" start="530" end="532" text="41" TYPE="AGE"/>
    <PHI id="P4" start="572" end="574" text="66" TYPE="AGE"/>
    <PHI id="P5" start="739" end="743" text="2062" TYPE="DATE"/>
    <PHI id="P6" start="757" end="762" text="Foust" TYPE="DOCTOR"/>
    <PHI id="P7" start="769" end="773" text="2066" TYPE="DATE"/>
    <PHI id="P8" start="831" end="835" text="2/67" TYPE="DATE"/>
    <PHI id="P9" start="897" end="901" text="4/63" TYPE="DATE"/>
    <PHI id="P10" start="939" end="944" text="12/70" TYPE="DATE"/>
    <PHI id="P11" start="997" end="1001" text="2065" TYPE="DATE"/>
    <PHI id="P12" start="1332" end="1336" text="2/67" TYPE="DATE"/>
    <PHI id="P13" start="1341" end="1347" text="Oakley" TYPE="DOCTOR"/>
    <PHI id="P14" start="1353" end="1363" text="Clarkfield" TYPE="HOSPITAL"/>
    <PHI id="P15" start="1364" end="1368" text="3/67" TYPE="DATE"/>
    <PHI id="P16" start="1497" end="1503" text="Oakley" TYPE="DOCTOR"/>
    <PHI id="P17" start="1527" end="1531" text="2065" TYPE="DATE"/>
    <PHI id="P18" start="1567" end="1580" text="February 2071" TYPE="DATE"/>
    <PHI id="P19" start="1600" end="1605" text="12/71" TYPE="DATE"/>
    <PHI id="P20" start="1647" end="1652" text="Dolan" TYPE="DOCTOR"/>
    <PHI id="P21" start="1737" end="1749" text="January 2071" TYPE="DATE"/>
    <PHI id="P22" start="1824" end="1829" text="March" TYPE="DATE"/>
    <PHI id="P23" start="2536" end="2546" text="pf 0760305" TYPE="IDNUM"/>
    <PHI id="P24" start="2609" end="2611" text="85" TYPE="AGE"/>
    <PHI id="P25" start="2634" end="2636" text="58" TYPE="AGE"/>
    <PHI id="P26" start="2641" end="2643" text="62" TYPE="AGE"/>
    <PHI id="P27" start="2728" end="2730" text="37" TYPE="AGE"/>
    <PHI id="P28" start="2841" end="2850" text="Convergys" TYPE="ORGANIZATION"/>
    <PHI id="P29" start="2854" end="2862" text="Sculptor" TYPE="PROFESSION"/>
    <PHI id="P30" start="2872" end="2876" text="2070" TYPE="DATE"/>
    <PHI id="P31" start="2888" end="2890" text="29" TYPE="AGE"/>
    <PHI id="P32" start="2915" end="2943" text="Specialized Livestock Worker" TYPE="PROFESSION"/>
    <PHI id="P33" start="3827" end="3837" text="11/29/2067" TYPE="DATE"/>
    <PHI id="P34" start="3851" end="3861" text="12/16/2070" TYPE="DATE"/>
    <PHI id="P35" start="3877" end="3885" text="03/01/64" TYPE="DATE"/>
    <PHI id="P36" start="3919" end="3929" text="12/16/2070" TYPE="DATE"/>
    <PHI id="P37" start="3964" end="3974" text="03/12/2066" TYPE="DATE"/>
    <PHI id="P38" start="3997" end="4007" text="06/04/2071" TYPE="DATE"/>
    <PHI id="P39" start="4045" end="4055" text="03/12/2066" TYPE="DATE"/>
    <PHI id="P40" start="4090" end="4100" text="12/16/2070" TYPE="DATE"/>
    <PHI id="P41" start="4116" end="4126" text="12/16/2070" TYPE="DATE"/>
    <PHI id="P42" start="4147" end="4157" text="12/16/2070" TYPE="DATE"/>
    <PHI id="P43" start="4180" end="4190" text="04/27/2072" TYPE="DATE"/>
    <PHI id="P44" start="4213" end="4223" text="12/16/2070" TYPE="DATE"/>
    <PHI id="P45" start="4245" end="4255" text="04/27/2072" TYPE="DATE"/>
    <PHI id="P46" start="4268" end="4278" text="12/16/2070" TYPE="DATE"/>
    <PHI id="P47" start="4295" end="4303" text="03/09/62" TYPE="DATE"/>
    <PHI id="P48" start="4497" end="4501" text="2071" TYPE="DATE"/>
    <PHI id="P49" start="5081" end="5094" text="Beverly Thiel" TYPE="DOCTOR"/>
  </TAGS>
</root>
