<?xml version='1.0' encoding='UTF-8'?>
<root>
  <TEXT><![CDATA[


Record Date: 2070-12-01

Narrative History	

 Patient  presents for an annual exam.  



Seen few weeks ago for hair breaking.



GYN - thinks about 2 years since last period. Having some tolerable hot flashes.  Last saw Dr Foust of gyn in 4/66, Pap smear done then. Diff exam secondary to way uterus tipped.



Exercise - Started walking at work again daily 1 mile. also watching diet now.



Problems

FH breast cancer : 37 yo s -died 41

FH myocardial infarction : mother died 66 yo



Hypertension -excellent today - check chem 7, meds renewed



Uterine fibroids : u/s 2062 - to follow-up with gyn. Still seem unchanged



Smoking : quit 2/67 s/p MI - still not smoking! 



borderline diabetes mellitus : 4/63 125 , follow hgbaic - was 5.7 in 3/67, recheck glc and a1c today



VPB : 2065 - ETT showed freq PVC's, bigeminy and couplets, nondx for ischemia - denies palp or dizziness



Coronary artery disease : s/p ant SEMI + stent LAD 2/67, Dr Oakley, ETT Clarkfield 3/67 - neg scan for ischemia. No CP's, palp.  Saw Dr Oakley today.  Off plavix for the last several months which was what Dr Oakley intended.  She was "pleased" with everything.



thyroid nodule : 2065, hot, follow TSH. Will recheck today.  Has appt with Dr Dolan in April to discuss treatment of the subclinical hyperthyroidism - I would favor this given history of CAD, mild VEA in past.



Hyperlipidemia : CRF mild chol, cigs, HTN, Fhx and known hx CAD in pt. Check lfts and cholesterol today. Went back on lipitor for the last 3 weeks.  Does note a bit of achiness in legs, not sure if related to it or not - will let us know if so.



Medications



Asa (ACETYLSALICYLIC Acid) 325MG, 1 Tablet(s) PO QD

Lipitor (ATORVASTATIN) 10MG, 1 Tablet(s) PO QD

Nitroglycerin 1/150 (0.4 Mg) 1 TAB SL x1 PRN prn CP

Norvasc (AMLODIPINE) 5MG, 1 Tablet(s) PO QD

Zestril (LISINOPRIL) 40MG, 1 Tablet(s) PO QD

ATENOLOL 50MG, 1 Tablet(s) PO QD

Hctz (HYDROCHLOROTHIAZIDE) 25MG, 1 Tablet(s) PO QD 



Allergies

Ceclor (CEFACLOR) - Rash 



Family History	

father -HTN, 78 now

mother-HTN, MI at 58 and 62 - died then

siblings-sister finally died from breast CA after 4 year battle, dx age 37.     7 sisters - one with DM,and 2 brothers - ok

No change since previous annual.



Social History	working for Convergys as Sculptor, married, one son - 26 yo who lives with them.



Review of Systems	

The following systems were reviewed today and were negative unless indicated otherwise in the history noted above: Constitutional, HEENT, Breast,CVS, GI, GYN, Skin, Musculoskeletal, Neuro, Psych, Respiratory, and Allergic



Physical Exam	

	

Vital signs

134/86      65 inches    weight -210 down 2 lbs since last year.

General:  appears well      

HEENT:  EOMI, PERRL, OP normal  

Skin: no suspicious lesions 

Neck:  no thyromegaly, no bruits

Nodes: no cervical, axillary, or supraclavicular lymphadenopathy

Breast - no nipple discharge or retraction, no dominant masses

Chest:  clear to auscultation, no rhonchi or wheeze

COR:  regular S1, S2, no murmurs, rubs or gallops   

Abd:  soft, NT, no HSM or masses

Musculoskeletal:  no erythema, swelling, or tenderness

Ext:  no CCE    , 

Neuro:  grossly non-focal





Health maintenance

Influenza Vaccine 11/29/2067 

Cholesterol 11/29/2067 182 

Mammogram 03/01/64 BilScrMammo(MC) 

Pap Smear 03/12/2066 See report in Results 

UA-Protein 03/12/2066 NEGATIVE 

HBA1C 06/15/2068 5.80 

TD Booster 12/28/59 

Triglycerides 11/29/2067 61 

Cholesterol-LDL 11/29/2067 119 

Hct (Hematocrit) 03/16/2067 40.0 

Cholesterol-HDL 11/29/2067 51 

Hgb (Hemoglobin) 03/16/2067 13.3 







Assessment and Plan	

1.  Health Maintenance - Pap smear with gyn soon, mammo - very overdue - stressed needs to do this again and promises, Stool cards. Declined sig for now but promises to think about it.

2. Menopause - calcium, consider BD when not overwhelmed with everything else - much prefer she concentrate on the appts, Pap smear and mammo.

  

Rest of issues - see above.



follow-up 6 months



Beverly Thiel 







]]></TEXT>
  <TAGS>
    <MEDICATION id="DOC0" time="during DCT" type1="ACE inhibitor" type2="">
      <MEDICATION id="M0" start="1834" end="1841" text="Zestril" time="during DCT" type1="ACE inhibitor" type2="" comment=""/>
      <MEDICATION id="M1" start="1834" end="1842" text="Zestril " time="during DCT" type1="ACE inhibitor" type2="" comment=""/>
      <MEDICATION id="M2" start="1834" end="1854" text="Zestril (LISINOPRIL)" time="during DCT" type1="ACE inhibitor" type2="" comment=""/>
    </MEDICATION>
    <MEDICATION id="DOC1" time="after DCT" type1="statin" type2="">
      <MEDICATION id="M3" start="1688" end="1695" text="Lipitor" time="after DCT" type1="statin" type2="" comment=""/>
      <MEDICATION id="M4" start="1688" end="1695" text="Lipitor" time="after DCT" type1="statin" type2="" comment=""/>
      <MEDICATION id="M5" start="1490" end="1497" text="lipitor" time="after DCT" type1="statin" type2="" comment=""/>
      <MEDICATION id="M6" start="1688" end="1710" text="Lipitor (ATORVASTATIN)" time="after DCT" type1="statin" type2="" comment=""/>
    </MEDICATION>
    <MEDICATION id="DOC2" time="during DCT" type1="aspirin" type2="">
      <MEDICATION id="M7" start="1635" end="1638" text="Asa" time="during DCT" type1="aspirin" type2="" comment=""/>
      <MEDICATION id="M8" start="1635" end="1638" text="Asa" time="during DCT" type1="aspirin" type2="" comment=""/>
      <MEDICATION id="M9" start="1635" end="1661" text="Asa (ACETYLSALICYLIC Acid)" time="during DCT" type1="aspirin" type2="" comment=""/>
    </MEDICATION>
    <MEDICATION id="DOC3" time="before DCT" type1="diuretic" type2="">
      <MEDICATION id="M10" start="1914" end="1918" text="Hctz" time="before DCT" type1="diuretic" type2="" comment=""/>
      <MEDICATION id="M11" start="1914" end="1918" text="Hctz" time="before DCT" type1="diuretic" type2="" comment=""/>
      <MEDICATION id="M12" start="1914" end="1940" text="Hctz (HYDROCHLOROTHIAZIDE)" time="before DCT" type1="diuretic" type2="" comment=""/>
    </MEDICATION>
    <SMOKER id="DOC4" status="past">
      <SMOKER id="S0" start="631" end="651" text="Smoking : quit 2/67 " status="past" comment=""/>
      <SMOKER id="S1" start="631" end="646" text="Smoking : quit " status="past" comment=""/>
      <SMOKER id="S2" start="631" end="678" text="Smoking : quit 2/67 s/p MI - still not smoking!" status="past" comment=""/>
    </SMOKER>
    <HYPERTENSION id="DOC5" time="during DCT" indicator="mention">
      <HYPERTENSION id="H0" start="492" end="504" text="Hypertension" time="during DCT" indicator="mention" comment=""/>
      <HYPERTENSION id="H1" start="492" end="504" text="Hypertension" time="during DCT" indicator="mention" comment=""/>
      <HYPERTENSION id="H2" start="492" end="504" text="Hypertension" time="during DCT" indicator="mention" comment=""/>
      <HYPERTENSION id="H3" start="1410" end="1413" text="HTN" time="during DCT" indicator="mention" comment=""/>
    </HYPERTENSION>
    <MEDICATION id="DOC6" time="after DCT" type1="ACE inhibitor" type2="">
      <MEDICATION id="M13" start="1834" end="1841" text="Zestril" time="after DCT" type1="ACE inhibitor" type2="" comment=""/>
      <MEDICATION id="M14" start="1834" end="1842" text="Zestril " time="after DCT" type1="ACE inhibitor" type2="" comment=""/>
      <MEDICATION id="M15" start="1834" end="1854" text="Zestril (LISINOPRIL)" time="after DCT" type1="ACE inhibitor" type2="" comment=""/>
    </MEDICATION>
    <MEDICATION id="DOC7" time="before DCT" type1="ACE inhibitor" type2="">
      <MEDICATION id="M16" start="1834" end="1841" text="Zestril" time="before DCT" type1="ACE inhibitor" type2="" comment=""/>
      <MEDICATION id="M17" start="1834" end="1842" text="Zestril " time="before DCT" type1="ACE inhibitor" type2="" comment=""/>
      <MEDICATION id="M18" start="1834" end="1854" text="Zestril (LISINOPRIL)" time="before DCT" type1="ACE inhibitor" type2="" comment=""/>
    </MEDICATION>
    <MEDICATION id="DOC8" time="after DCT" type1="aspirin" type2="">
      <MEDICATION id="M19" start="1635" end="1638" text="Asa" time="after DCT" type1="aspirin" type2="" comment=""/>
      <MEDICATION id="M20" start="1635" end="1638" text="Asa" time="after DCT" type1="aspirin" type2="" comment=""/>
      <MEDICATION id="M21" start="1635" end="1661" text="Asa (ACETYLSALICYLIC Acid)" time="after DCT" type1="aspirin" type2="" comment=""/>
    </MEDICATION>
    <MEDICATION id="DOC9" time="after DCT" type1="nitrate" type2="">
      <MEDICATION id="M22" start="1736" end="1749" text="Nitroglycerin" time="after DCT" type1="nitrate" type2="" comment=""/>
      <MEDICATION id="M23" start="1736" end="1749" text="Nitroglycerin" time="after DCT" type1="nitrate" type2="" comment=""/>
      <MEDICATION id="M24" start="1736" end="1755" text="Nitroglycerin 1/150" time="after DCT" type1="nitrate" type2="" comment=""/>
    </MEDICATION>
    <MEDICATION id="DOC10" time="during DCT" type1="nitrate" type2="">
      <MEDICATION id="M25" start="1736" end="1749" text="Nitroglycerin" time="during DCT" type1="nitrate" type2="" comment=""/>
      <MEDICATION id="M26" start="1736" end="1749" text="Nitroglycerin" time="during DCT" type1="nitrate" type2="" comment=""/>
      <MEDICATION id="M27" start="1736" end="1755" text="Nitroglycerin 1/150" time="during DCT" type1="nitrate" type2="" comment=""/>
    </MEDICATION>
    <MEDICATION id="DOC11" time="during DCT" type1="calcium channel blocker" type2="">
      <MEDICATION id="M28" start="1789" end="1796" text="Norvasc" time="during DCT" type1="calcium channel blocker" type2="" comment=""/>
      <MEDICATION id="M29" start="1789" end="1796" text="Norvasc" time="during DCT" type1="calcium channel blocker" type2="" comment=""/>
      <MEDICATION id="M30" start="1789" end="1809" text="Norvasc (AMLODIPINE)" time="during DCT" type1="calcium channel blocker" type2="" comment=""/>
    </MEDICATION>
    <HYPERLIPIDEMIA id="DOC12" time="during DCT" indicator="mention">
      <HYPERLIPIDEMIA id="HY0" start="1372" end="1386" text="Hyperlipidemia" time="during DCT" indicator="mention" comment=""/>
      <HYPERLIPIDEMIA id="HY1" start="1371" end="1386" text=" Hyperlipidemia" time="during DCT" indicator="mention" comment=""/>
      <HYPERLIPIDEMIA id="HY2" start="1372" end="1387" text="Hyperlipidemia " time="during DCT" indicator="mention" comment=""/>
    </HYPERLIPIDEMIA>
    <MEDICATION id="DOC13" time="after DCT" type1="calcium channel blocker" type2="">
      <MEDICATION id="M31" start="1789" end="1796" text="Norvasc" time="after DCT" type1="calcium channel blocker" type2="" comment=""/>
      <MEDICATION id="M32" start="1789" end="1796" text="Norvasc" time="after DCT" type1="calcium channel blocker" type2="" comment=""/>
      <MEDICATION id="M33" start="1789" end="1809" text="Norvasc (AMLODIPINE)" time="after DCT" type1="calcium channel blocker" type2="" comment=""/>
    </MEDICATION>
    <MEDICATION id="DOC14" time="before DCT" type1="calcium channel blocker" type2="">
      <MEDICATION id="M34" start="1789" end="1796" text="Norvasc" time="before DCT" type1="calcium channel blocker" type2="" comment=""/>
      <MEDICATION id="M35" start="1789" end="1796" text="Norvasc" time="before DCT" type1="calcium channel blocker" type2="" comment=""/>
      <MEDICATION id="M36" start="1789" end="1809" text="Norvasc (AMLODIPINE)" time="before DCT" type1="calcium channel blocker" type2="" comment=""/>
    </MEDICATION>
    <HYPERTENSION id="DOC15" time="after DCT" indicator="mention">
      <HYPERTENSION id="H4" start="492" end="504" text="Hypertension" time="after DCT" indicator="mention" comment=""/>
      <HYPERTENSION id="H5" start="492" end="504" text="Hypertension" time="after DCT" indicator="mention" comment=""/>
      <HYPERTENSION id="H6" start="492" end="504" text="Hypertension" time="after DCT" indicator="mention" comment=""/>
      <HYPERTENSION id="H7" start="1410" end="1413" text="HTN" time="after DCT" indicator="mention" comment=""/>
    </HYPERTENSION>
    <MEDICATION id="DOC16" time="after DCT" type1="beta blocker" type2="">
      <MEDICATION id="M37" start="1880" end="1888" text="ATENOLOL" time="after DCT" type1="beta blocker" type2="" comment=""/>
      <MEDICATION id="M38" start="1880" end="1888" text="ATENOLOL" time="after DCT" type1="beta blocker" type2="" comment=""/>
      <MEDICATION id="M39" start="1880" end="1888" text="ATENOLOL" time="after DCT" type1="beta blocker" type2="" comment=""/>
    </MEDICATION>
    <CAD id="DOC17" time="after DCT" indicator="mention">
      <CAD id="C0" start="895" end="918" text="Coronary artery disease" time="after DCT" indicator="mention" comment=""/>
      <CAD id="C1" start="895" end="918" text="Coronary artery disease" time="after DCT" indicator="mention" comment=""/>
      <CAD id="C2" start="895" end="918" text="Coronary artery disease" time="after DCT" indicator="mention" comment=""/>
      <CAD id="C3" start="1432" end="1435" text="CAD" time="after DCT" indicator="mention" comment=""/>
    </CAD>
    <MEDICATION id="DOC18" time="before DCT" type1="statin" type2="">
      <MEDICATION id="M40" start="1688" end="1695" text="Lipitor" time="before DCT" type1="statin" type2="" comment=""/>
      <MEDICATION id="M41" start="1688" end="1695" text="Lipitor" time="before DCT" type1="statin" type2="" comment=""/>
      <MEDICATION id="M42" start="1490" end="1497" text="lipitor" time="before DCT" type1="statin" type2="" comment=""/>
      <MEDICATION id="M43" start="1688" end="1710" text="Lipitor (ATORVASTATIN)" time="before DCT" type1="statin" type2="" comment=""/>
    </MEDICATION>
    <MEDICATION id="DOC19" time="during DCT" type1="statin" type2="">
      <MEDICATION id="M44" start="1688" end="1695" text="Lipitor" time="during DCT" type1="statin" type2="" comment=""/>
      <MEDICATION id="M45" start="1688" end="1695" text="Lipitor" time="during DCT" type1="statin" type2="" comment=""/>
      <MEDICATION id="M46" start="1490" end="1497" text="lipitor" time="during DCT" type1="statin" type2="" comment=""/>
      <MEDICATION id="M47" start="1688" end="1710" text="Lipitor (ATORVASTATIN)" time="during DCT" type1="statin" type2="" comment=""/>
    </MEDICATION>
    <MEDICATION id="DOC20" time="during DCT" type1="diuretic" type2="">
      <MEDICATION id="M48" start="1914" end="1918" text="Hctz" time="during DCT" type1="diuretic" type2="" comment=""/>
      <MEDICATION id="M49" start="1914" end="1918" text="Hctz" time="during DCT" type1="diuretic" type2="" comment=""/>
      <MEDICATION id="M50" start="1914" end="1940" text="Hctz (HYDROCHLOROTHIAZIDE)" time="during DCT" type1="diuretic" type2="" comment=""/>
    </MEDICATION>
    <HYPERLIPIDEMIA id="DOC21" time="before DCT" indicator="high LDL">
      <HYPERLIPIDEMIA id="HY3" start="3468" end="3499" text="Cholesterol-LDL 11/29/2067 119 " time="before DCT" indicator="high LDL" comment=""/>
      <HYPERLIPIDEMIA id="HY4" start="3480" end="3499" text="LDL 11/29/2067 119 " time="before DCT" indicator="high LDL" comment=""/>
    </HYPERLIPIDEMIA>
    <FAMILY_HIST id="DOC22" indicator="not present">
      <FAMILY_HIST id="F0" indicator="not present"/>
      <FAMILY_HIST id="F1" indicator="not present"/>
    </FAMILY_HIST>
    <HYPERLIPIDEMIA id="DOC23" time="after DCT" indicator="mention">
      <HYPERLIPIDEMIA id="HY5" start="1372" end="1386" text="Hyperlipidemia" time="after DCT" indicator="mention" comment=""/>
      <HYPERLIPIDEMIA id="HY6" start="1371" end="1386" text=" Hyperlipidemia" time="after DCT" indicator="mention" comment=""/>
      <HYPERLIPIDEMIA id="HY7" start="1372" end="1387" text="Hyperlipidemia " time="after DCT" indicator="mention" comment=""/>
    </HYPERLIPIDEMIA>
    <CAD id="DOC24" time="during DCT" indicator="mention">
      <CAD id="C4" start="895" end="918" text="Coronary artery disease" time="during DCT" indicator="mention" comment=""/>
      <CAD id="C5" start="895" end="918" text="Coronary artery disease" time="during DCT" indicator="mention" comment=""/>
      <CAD id="C6" start="895" end="918" text="Coronary artery disease" time="during DCT" indicator="mention" comment=""/>
      <CAD id="C7" start="1432" end="1435" text="CAD" time="during DCT" indicator="mention" comment=""/>
    </CAD>
    <MEDICATION id="DOC25" time="before DCT" type1="aspirin" type2="">
      <MEDICATION id="M51" start="1635" end="1638" text="Asa" time="before DCT" type1="aspirin" type2="" comment=""/>
      <MEDICATION id="M52" start="1635" end="1638" text="Asa" time="before DCT" type1="aspirin" type2="" comment=""/>
      <MEDICATION id="M53" start="1635" end="1661" text="Asa (ACETYLSALICYLIC Acid)" time="before DCT" type1="aspirin" type2="" comment=""/>
    </MEDICATION>
    <MEDICATION id="DOC26" time="before DCT" type1="nitrate" type2="">
      <MEDICATION id="M54" start="1736" end="1749" text="Nitroglycerin" time="before DCT" type1="nitrate" type2="" comment=""/>
      <MEDICATION id="M55" start="1736" end="1749" text="Nitroglycerin" time="before DCT" type1="nitrate" type2="" comment=""/>
      <MEDICATION id="M56" start="1736" end="1755" text="Nitroglycerin 1/150" time="before DCT" type1="nitrate" type2="" comment=""/>
    </MEDICATION>
    <CAD id="DOC27" time="before DCT" indicator="event">
      <CAD id="C8" start="651" end="657" text="s/p MI" time="before DCT" indicator="event" comment=""/>
      <CAD id="C9" start="920" end="951" text=" s/p ant SEMI + stent LAD 2/67," time="before DCT" indicator="event" comment=""/>
      <CAD id="C10" start="924" end="945" text=" ant SEMI + stent LAD" time="before DCT" indicator="event" comment=""/>
      <CAD id="C11" start="922" end="945" text="/p ant SEMI + stent LAD" time="before DCT" indicator="event" comment=""/>
    </CAD>
    <HYPERLIPIDEMIA id="DOC28" time="before DCT" indicator="mention">
      <HYPERLIPIDEMIA id="HY8" start="1372" end="1386" text="Hyperlipidemia" time="before DCT" indicator="mention" comment=""/>
      <HYPERLIPIDEMIA id="HY9" start="1371" end="1386" text=" Hyperlipidemia" time="before DCT" indicator="mention" comment=""/>
      <HYPERLIPIDEMIA id="HY10" start="1372" end="1387" text="Hyperlipidemia " time="before DCT" indicator="mention" comment=""/>
    </HYPERLIPIDEMIA>
    <MEDICATION id="DOC29" time="after DCT" type1="diuretic" type2="">
      <MEDICATION id="M57" start="1914" end="1918" text="Hctz" time="after DCT" type1="diuretic" type2="" comment=""/>
      <MEDICATION id="M58" start="1914" end="1918" text="Hctz" time="after DCT" type1="diuretic" type2="" comment=""/>
      <MEDICATION id="M59" start="1914" end="1940" text="Hctz (HYDROCHLOROTHIAZIDE)" time="after DCT" type1="diuretic" type2="" comment=""/>
    </MEDICATION>
    <HYPERTENSION id="DOC30" time="before DCT" indicator="mention">
      <HYPERTENSION id="H8" start="492" end="504" text="Hypertension" time="before DCT" indicator="mention" comment=""/>
      <HYPERTENSION id="H9" start="492" end="504" text="Hypertension" time="before DCT" indicator="mention" comment=""/>
      <HYPERTENSION id="H10" start="492" end="504" text="Hypertension" time="before DCT" indicator="mention" comment=""/>
      <HYPERTENSION id="H11" start="1410" end="1413" text="HTN" time="before DCT" indicator="mention" comment=""/>
    </HYPERTENSION>
    <MEDICATION id="DOC31" time="before DCT" type1="beta blocker" type2="">
      <MEDICATION id="M60" start="1880" end="1888" text="ATENOLOL" time="before DCT" type1="beta blocker" type2="" comment=""/>
      <MEDICATION id="M61" start="1880" end="1888" text="ATENOLOL" time="before DCT" type1="beta blocker" type2="" comment=""/>
      <MEDICATION id="M62" start="1880" end="1888" text="ATENOLOL" time="before DCT" type1="beta blocker" type2="" comment=""/>
    </MEDICATION>
    <MEDICATION id="DOC32" time="during DCT" type1="beta blocker" type2="">
      <MEDICATION id="M63" start="1880" end="1888" text="ATENOLOL" time="during DCT" type1="beta blocker" type2="" comment=""/>
      <MEDICATION id="M64" start="1880" end="1888" text="ATENOLOL" time="during DCT" type1="beta blocker" type2="" comment=""/>
      <MEDICATION id="M65" start="1880" end="1888" text="ATENOLOL" time="during DCT" type1="beta blocker" type2="" comment=""/>
    </MEDICATION>
    <CAD id="DOC33" time="before DCT" indicator="mention">
      <CAD id="C12" start="895" end="918" text="Coronary artery disease" time="before DCT" indicator="mention" comment=""/>
      <CAD id="C13" start="895" end="918" text="Coronary artery disease" time="before DCT" indicator="mention" comment=""/>
      <CAD id="C14" start="895" end="918" text="Coronary artery disease" time="before DCT" indicator="mention" comment=""/>
      <CAD id="C15" start="1432" end="1435" text="CAD" time="before DCT" indicator="mention" comment=""/>
    </CAD>
    <PHI id="P0" start="16" end="26" text="2070-12-01" TYPE="DATE"/>
    <PHI id="P1" start="227" end="232" text="Foust" TYPE="DOCTOR"/>
    <PHI id="P2" start="243" end="247" text="4/66" TYPE="DATE"/>
    <PHI id="P3" start="426" end="428" text="37" TYPE="AGE"/>
    <PHI id="P4" start="440" end="442" text="41" TYPE="AGE"/>
    <PHI id="P5" start="483" end="485" text="66" TYPE="AGE"/>
    <PHI id="P6" start="577" end="581" text="2062" TYPE="DATE"/>
    <PHI id="P7" start="646" end="650" text="2/67" TYPE="DATE"/>
    <PHI id="P8" start="714" end="718" text="4/63" TYPE="DATE"/>
    <PHI id="P9" start="752" end="756" text="3/67" TYPE="DATE"/>
    <PHI id="P10" start="793" end="797" text="2065" TYPE="DATE"/>
    <PHI id="P11" start="946" end="950" text="2/67" TYPE="DATE"/>
    <PHI id="P12" start="955" end="961" text="Oakley" TYPE="DOCTOR"/>
    <PHI id="P13" start="967" end="977" text="Clarkfield" TYPE="HOSPITAL"/>
    <PHI id="P14" start="978" end="982" text="3/67" TYPE="DATE"/>
    <PHI id="P15" start="1031" end="1037" text="Oakley" TYPE="DOCTOR"/>
    <PHI id="P16" start="1103" end="1109" text="Oakley" TYPE="DOCTOR"/>
    <PHI id="P17" start="1176" end="1180" text="2065" TYPE="DATE"/>
    <PHI id="P18" start="1237" end="1242" text="Dolan" TYPE="DOCTOR"/>
    <PHI id="P19" start="1246" end="1251" text="April" TYPE="DATE"/>
    <PHI id="P20" start="2039" end="2041" text="78" TYPE="AGE"/>
    <PHI id="P21" start="2065" end="2067" text="58" TYPE="AGE"/>
    <PHI id="P22" start="2072" end="2074" text="62" TYPE="AGE"/>
    <PHI id="P23" start="2160" end="2162" text="37" TYPE="AGE"/>
    <PHI id="P24" start="2276" end="2285" text="Convergys" TYPE="ORGANIZATION"/>
    <PHI id="P25" start="2289" end="2297" text="Sculptor" TYPE="PROFESSION"/>
    <PHI id="P26" start="2318" end="2320" text="26" TYPE="AGE"/>
    <PHI id="P27" start="3235" end="3245" text="11/29/2067" TYPE="DATE"/>
    <PHI id="P28" start="3260" end="3270" text="11/29/2067" TYPE="DATE"/>
    <PHI id="P29" start="3287" end="3295" text="03/01/64" TYPE="DATE"/>
    <PHI id="P30" start="3324" end="3334" text="03/12/2066" TYPE="DATE"/>
    <PHI id="P31" start="3370" end="3380" text="03/12/2066" TYPE="DATE"/>
    <PHI id="P32" start="3398" end="3408" text="06/15/2068" TYPE="DATE"/>
    <PHI id="P33" start="3427" end="3435" text="12/28/59" TYPE="DATE"/>
    <PHI id="P34" start="3452" end="3462" text="11/29/2067" TYPE="DATE"/>
    <PHI id="P35" start="3484" end="3494" text="11/29/2067" TYPE="DATE"/>
    <PHI id="P36" start="3518" end="3528" text="03/16/2067" TYPE="DATE"/>
    <PHI id="P37" start="3552" end="3562" text="11/29/2067" TYPE="DATE"/>
    <PHI id="P38" start="3585" end="3595" text="03/16/2067" TYPE="DATE"/>
    <PHI id="P39" start="4018" end="4031" text="Beverly Thiel" TYPE="DOCTOR"/>
  </TAGS>
</root>
