<?xml version='1.0' encoding='UTF-8'?>
<root>
  <TEXT><![CDATA[


Record date: 2086-11-07

 

 

November 07, 2086

 

Usha Gibbons, M.D.

Cooley Internal Medicine Associates

Cooley Dickinson Hospital

99 Greenfield Drive

Schuyler, FL  76969

 

Re:  Benitez, Wonda

     MRN: 89276954

 

Dear Usha:

 

I just had the pleasure of seeing Ms. Benitez for a follow up

cardiovascular examination.  She has been reasonably stable since

I saw her last in July.  She has had several episodes of chest

discomfort characterized as a tightness which has been quite

transient.  The frequency has been less than one time per month. 

The last occurred yesterday while she was walking in a shopping

mall.  She continued to walk and her symptom resolved.  She has

not had any associated shortness of breath or diaphoresis.  

 

She has had no symptoms of cardiovascular ischemia, denying

transient hemiparesis, hemiparesthesia, or amaurosis fugax.  She

denies claudication but does admit to back pain, bilateral hip

pain with walking.  She still notes paresthesias of both feet. 

She continues to be bothered by tinnitus as well as headaches.

 

Her current medical regimen includes losartan 75 mg p.o. b.i.d.,

nifedipine XL 60 mg p.o. q.d., aspirin 325 mg p.o. q.d.,

atorvastatin 40 mg p.o. q.d., metoprolol 12.5 mg p.o. b.i.d.,

Synthroid ? 5 mcg five days per week and 10.5 mcg two days per

week, furosemide 20 mg p.o. q.d. p.r.n., quinine sulfate 324 mg

p.o. h.s. (for cramping), nitroglycerin p.r.n., Zoloft 15 mg p.o.

h.s., lorazepam 15 mg p.o. q.h.s., magnesium oxide 250 mg p.o.

q.d. and Ranitidine 150 mg p.o. p.r.n. 

 

On examination she appears well.  Weight is 142 pounds.  Blood

pressure is 140/60.  Heart rate is 50 and regular.  Neck veins

are 6 cm above the mid right atrium.  There are bilateral carotid

bruits.  Lungs are resonant to percussion and clear to

auscultation.  On cardiac exam the PMI is in the fifth

intercostal space at the midclavicular line.  There is a 1+ left

ventricular lift.  The first heart sound is normal.  The second 

 

Benitez, Wonda                                    MRN: 89276954

November 07, 2086              -2-

 

 

is split physiologically.  There is a grade 2/6 mid systolic

murmur at the apex and a grade 2/6 systolic ejection murmur along

the left sternal border.  There is a fourth heart sound at the

apex.  Abdominal examination reveals no masses, no

hepatosplenomegaly.  Extremities are notable for 2+ bilateral

femoral pulses, palpable bilateral tibial artery bypass graft

pulses, absent bilateral popliteal pulses, 1+ right dorsalis

pedis, absent right posterior tibial and absent left pedal

pulses.

 

Her electrocardiogram shows sinus bradycardia with first degree

AV block and findings suggestive of a prior anterolateral

myocardial infarction.  There has been no diagnostic change since

July 18, 2086.

 

Carotid duplex ultrasound examination performed on October 31,

2086 showed a 55% stenosis of the right internal carotid artery

and a 50% stenosis of the left internal carotid artery.  The

velocity of the right internal carotid artery and the subsequent

calculation of stenosis was less than it had been in February

2086.  

 

Graft scans obtained on October 31, 2086 demonstrated patent left

femoral-anterior tibial artery bypass graft with increased

velocities consistent with a greater than 75% stenosis at the mid

thigh level and this was increased from a study of August 06, 2086. 

The right femoral-dorsalis pedis arterial bypass graft was patent

with no evidence of significant stenoses.  

 

In summary, her problems relevant to this visit include:

 

1.  Coronary artery disease.  Status post coronary artery bypass

surgery.  LIMA to the LAD and SVGs to the diagonal and

posterolateral left ventricular branch.  She has occasional and

very transient episodes of angina.  I have suggested continuing

her current medical regimen.  As noted previously, I prefer to

manage her medically unless her symptoms worsen.  

 

2.  Carotid artery disease.  She is asymptomatic.  I recommend

periodic surveillance with carotid ultrasound. 

 

3.  Peripheral arterial disease.  Both grafts are patent but the

left femoral-anterior bypass graft appears by ultrasound to have

a significant stenosis.  I have asked her to discuss this finding

with you further.

 

Benitez, Wonda                                    MRN: 89276954

November 07, 2086              -3-

 

 

4.  Hypercholesterolemia.  A lipid profile will be checked today. 

 

 

5.  Systolic murmur and query antibiotic prophylaxis for dental

procedures.  I am evaluating her murmurs, which were presumably

aortic sclerosis and mitral regurgitation, with an

echocardiogram.  

 

Sincerely,

 

 

 

Thomas Waller, M.D.

 

cc:

Terry W. Neel, M.D.

Vascular Surgery

Cooley Dickinson Hospital

20 Greenfield Drive

Schuyler, FL  76969 

 

TW/sanchez

 

 ******** Not reviewed by Attending Physician ********





]]></TEXT>
  <TAGS>
    <MEDICATION id="DOC0" time="after DCT" type1="statin" type2="">
      <MEDICATION id="M0" start="1209" end="1221" text="atorvastatin" time="after DCT" type1="statin" type2="" comment=""/>
      <MEDICATION id="M1" start="1209" end="1221" text="atorvastatin" time="after DCT" type1="statin" type2="" comment=""/>
      <MEDICATION id="M2" start="1209" end="1221" text="atorvastatin" time="after DCT" type1="statin" type2="" comment=""/>
    </MEDICATION>
    <MEDICATION id="DOC1" time="during DCT" type1="aspirin" type2="">
      <MEDICATION id="M3" start="1182" end="1189" text="aspirin" time="during DCT" type1="aspirin" type2="" comment=""/>
      <MEDICATION id="M4" start="1182" end="1190" text="aspirin " time="during DCT" type1="aspirin" type2="" comment=""/>
    </MEDICATION>
    <HYPERLIPIDEMIA id="DOC2" time="before DCT" indicator="mention">
      <HYPERLIPIDEMIA id="HY0" start="4431" end="4451" text="Hypercholesterolemia" time="before DCT" indicator="mention" comment=""/>
      <HYPERLIPIDEMIA id="HY1" start="1209" end="1221" text="atorvastatin" time="before DCT" indicator="mention" comment=""/>
      <HYPERLIPIDEMIA id="HY2" start="4431" end="4451" text="Hypercholesterolemia" time="before DCT" indicator="mention" comment=""/>
      <HYPERLIPIDEMIA id="HY3" start="4431" end="4451" text="Hypercholesterolemia" time="before DCT" indicator="mention" comment=""/>
    </HYPERLIPIDEMIA>
    <MEDICATION id="DOC3" time="after DCT" type1="aspirin" type2="">
      <MEDICATION id="M5" start="1182" end="1189" text="aspirin" time="after DCT" type1="aspirin" type2="" comment=""/>
      <MEDICATION id="M6" start="1182" end="1190" text="aspirin " time="after DCT" type1="aspirin" type2="" comment=""/>
    </MEDICATION>
    <MEDICATION id="DOC4" time="after DCT" type1="nitrate" type2="">
      <MEDICATION id="M7" start="1427" end="1440" text="nitroglycerin" time="after DCT" type1="nitrate" type2="" comment=""/>
      <MEDICATION id="M8" start="1427" end="1441" text="nitroglycerin " time="after DCT" type1="nitrate" type2="" comment=""/>
    </MEDICATION>
    <MEDICATION id="DOC5" time="during DCT" type1="nitrate" type2="">
      <MEDICATION id="M9" start="1427" end="1440" text="nitroglycerin" time="during DCT" type1="nitrate" type2="" comment=""/>
      <MEDICATION id="M10" start="1427" end="1441" text="nitroglycerin " time="during DCT" type1="nitrate" type2="" comment=""/>
    </MEDICATION>
    <MEDICATION id="DOC6" time="during DCT" type1="calcium channel blocker" type2="">
      <MEDICATION id="M11" start="1151" end="1164" text="nifedipine XL" time="during DCT" type1="calcium channel blocker" type2="" comment=""/>
      <MEDICATION id="M12" start="1151" end="1161" text="nifedipine" time="during DCT" type1="calcium channel blocker" type2="" comment=""/>
      <MEDICATION id="M13" start="1151" end="1161" text="nifedipine" time="during DCT" type1="calcium channel blocker" type2="" comment=""/>
    </MEDICATION>
    <HYPERLIPIDEMIA id="DOC7" time="during DCT" indicator="mention">
      <HYPERLIPIDEMIA id="HY4" start="4431" end="4451" text="Hypercholesterolemia" time="during DCT" indicator="mention" comment=""/>
      <HYPERLIPIDEMIA id="HY5" start="1209" end="1221" text="atorvastatin" time="during DCT" indicator="mention" comment=""/>
      <HYPERLIPIDEMIA id="HY6" start="4431" end="4451" text="Hypercholesterolemia" time="during DCT" indicator="mention" comment=""/>
      <HYPERLIPIDEMIA id="HY7" start="4431" end="4451" text="Hypercholesterolemia" time="during DCT" indicator="mention" comment=""/>
    </HYPERLIPIDEMIA>
    <MEDICATION id="DOC8" time="before DCT" type1="calcium channel blocker" type2="">
      <MEDICATION id="M14" start="1151" end="1164" text="nifedipine XL" time="before DCT" type1="calcium channel blocker" type2="" comment=""/>
      <MEDICATION id="M15" start="1151" end="1161" text="nifedipine" time="before DCT" type1="calcium channel blocker" type2="" comment=""/>
      <MEDICATION id="M16" start="1151" end="1161" text="nifedipine" time="before DCT" type1="calcium channel blocker" type2="" comment=""/>
    </MEDICATION>
    <MEDICATION id="DOC9" time="after DCT" type1="beta blocker" type2="">
      <MEDICATION id="M17" start="1239" end="1249" text="metoprolol" time="after DCT" type1="beta blocker" type2="" comment=""/>
      <MEDICATION id="M18" start="1239" end="1250" text="metoprolol " time="after DCT" type1="beta blocker" type2="" comment=""/>
      <MEDICATION id="M19" start="1239" end="1249" text="metoprolol" time="after DCT" type1="beta blocker" type2="" comment=""/>
    </MEDICATION>
    <SMOKER id="DOC10" status="unknown">
      <SMOKER id="S0" status="unknown"/>
      <SMOKER id="S1" start="3" end="10" text="Record " status="unknown" comment=""/>
      <SMOKER id="S2" status="unknown"/>
    </SMOKER>
    <CAD id="DOC11" time="after DCT" indicator="mention">
      <CAD id="C0" start="3615" end="3639" text=" Coronary artery disease" time="after DCT" indicator="mention" comment=""/>
      <CAD id="C1" start="3615" end="3639" text=" Coronary artery disease" time="after DCT" indicator="mention" comment=""/>
      <CAD id="C2" start="3616" end="3639" text="Coronary artery disease" time="after DCT" indicator="mention" comment=""/>
    </CAD>
    <MEDICATION id="DOC12" time="after DCT" type1="ARB" type2="">
      <MEDICATION id="M20" start="1122" end="1130" text="losartan" time="after DCT" type1="ARB" type2="" comment=""/>
      <MEDICATION id="M21" start="1121" end="1130" text=" losartan" time="after DCT" type1="ARB" type2="" comment=""/>
      <MEDICATION id="M22" start="1122" end="1130" text="losartan" time="after DCT" type1="ARB" type2="" comment=""/>
    </MEDICATION>
    <MEDICATION id="DOC13" time="before DCT" type1="statin" type2="">
      <MEDICATION id="M23" start="1209" end="1221" text="atorvastatin" time="before DCT" type1="statin" type2="" comment=""/>
      <MEDICATION id="M24" start="1209" end="1221" text="atorvastatin" time="before DCT" type1="statin" type2="" comment=""/>
      <MEDICATION id="M25" start="1209" end="1221" text="atorvastatin" time="before DCT" type1="statin" type2="" comment=""/>
    </MEDICATION>
    <MEDICATION id="DOC14" time="during DCT" type1="statin" type2="">
      <MEDICATION id="M26" start="1209" end="1221" text="atorvastatin" time="during DCT" type1="statin" type2="" comment=""/>
      <MEDICATION id="M27" start="1209" end="1221" text="atorvastatin" time="during DCT" type1="statin" type2="" comment=""/>
      <MEDICATION id="M28" start="1209" end="1221" text="atorvastatin" time="during DCT" type1="statin" type2="" comment=""/>
    </MEDICATION>
    <FAMILY_HIST id="DOC15" indicator="not present">
      <FAMILY_HIST id="F0" indicator="not present"/>
      <FAMILY_HIST id="F1" indicator="not present"/>
      <FAMILY_HIST id="F2" indicator="not present"/>
    </FAMILY_HIST>
    <HYPERLIPIDEMIA id="DOC16" time="after DCT" indicator="mention">
      <HYPERLIPIDEMIA id="HY8" start="4431" end="4451" text="Hypercholesterolemia" time="after DCT" indicator="mention" comment=""/>
      <HYPERLIPIDEMIA id="HY9" start="1209" end="1221" text="atorvastatin" time="after DCT" indicator="mention" comment=""/>
      <HYPERLIPIDEMIA id="HY10" start="4431" end="4451" text="Hypercholesterolemia" time="after DCT" indicator="mention" comment=""/>
      <HYPERLIPIDEMIA id="HY11" start="4431" end="4451" text="Hypercholesterolemia" time="after DCT" indicator="mention" comment=""/>
    </HYPERLIPIDEMIA>
    <CAD id="DOC17" time="during DCT" indicator="mention">
      <CAD id="C3" start="3615" end="3639" text=" Coronary artery disease" time="during DCT" indicator="mention" comment=""/>
      <CAD id="C4" start="3615" end="3639" text=" Coronary artery disease" time="during DCT" indicator="mention" comment=""/>
      <CAD id="C5" start="3616" end="3639" text="Coronary artery disease" time="during DCT" indicator="mention" comment=""/>
    </CAD>
    <MEDICATION id="DOC18" time="before DCT" type1="aspirin" type2="">
      <MEDICATION id="M29" start="1182" end="1189" text="aspirin" time="before DCT" type1="aspirin" type2="" comment=""/>
      <MEDICATION id="M30" start="1182" end="1190" text="aspirin " time="before DCT" type1="aspirin" type2="" comment=""/>
    </MEDICATION>
    <MEDICATION id="DOC19" time="before DCT" type1="nitrate" type2="">
      <MEDICATION id="M31" start="1427" end="1440" text="nitroglycerin" time="before DCT" type1="nitrate" type2="" comment=""/>
      <MEDICATION id="M32" start="1427" end="1441" text="nitroglycerin " time="before DCT" type1="nitrate" type2="" comment=""/>
    </MEDICATION>
    <CAD id="DOC20" time="before DCT" indicator="event">
      <CAD id="C6" start="2732" end="2775" text=" prior anterolateral  myocardial infarction" time="before DCT" indicator="event" comment=""/>
      <CAD id="C7" start="3654" end="3685" text="coronary artery bypass  surgery" time="before DCT" indicator="event" comment=""/>
      <CAD id="C8" start="2732" end="2775" text=" prior anterolateral  myocardial infarction" time="before DCT" indicator="event" comment=""/>
      <CAD id="C9" start="3654" end="3677" text="coronary artery bypass " time="before DCT" indicator="event" comment=""/>
      <CAD id="C10" start="2733" end="2775" text="prior anterolateral  myocardial infarction" time="before DCT" indicator="event" comment=""/>
      <CAD id="C11" start="3642" end="3685" text="Status post coronary artery bypass  surgery" time="before DCT" indicator="event" comment=""/>
    </CAD>
    <CAD id="DOC21" time="before DCT" indicator="symptom">
      <CAD id="C12" start="3826" end="3832" text="angina" time="before DCT" indicator="symptom" comment=""/>
      <CAD id="C13" start="3783" end="3832" text="occasional and  very transient episodes of angina" time="before DCT" indicator="symptom" comment=""/>
    </CAD>
    <MEDICATION id="DOC22" time="after DCT" type1="calcium channel blocker" type2="">
      <MEDICATION id="M33" start="1151" end="1164" text="nifedipine XL" time="after DCT" type1="calcium channel blocker" type2="" comment=""/>
      <MEDICATION id="M34" start="1151" end="1161" text="nifedipine" time="after DCT" type1="calcium channel blocker" type2="" comment=""/>
      <MEDICATION id="M35" start="1151" end="1161" text="nifedipine" time="after DCT" type1="calcium channel blocker" type2="" comment=""/>
    </MEDICATION>
    <MEDICATION id="DOC23" time="before DCT" type1="beta blocker" type2="">
      <MEDICATION id="M36" start="1239" end="1249" text="metoprolol" time="before DCT" type1="beta blocker" type2="" comment=""/>
      <MEDICATION id="M37" start="1239" end="1250" text="metoprolol " time="before DCT" type1="beta blocker" type2="" comment=""/>
      <MEDICATION id="M38" start="1239" end="1249" text="metoprolol" time="before DCT" type1="beta blocker" type2="" comment=""/>
    </MEDICATION>
    <MEDICATION id="DOC24" time="during DCT" type1="beta blocker" type2="">
      <MEDICATION id="M39" start="1239" end="1249" text="metoprolol" time="during DCT" type1="beta blocker" type2="" comment=""/>
      <MEDICATION id="M40" start="1239" end="1250" text="metoprolol " time="during DCT" type1="beta blocker" type2="" comment=""/>
      <MEDICATION id="M41" start="1239" end="1249" text="metoprolol" time="during DCT" type1="beta blocker" type2="" comment=""/>
    </MEDICATION>
    <CAD id="DOC25" time="before DCT" indicator="mention">
      <CAD id="C14" start="3615" end="3639" text=" Coronary artery disease" time="before DCT" indicator="mention" comment=""/>
      <CAD id="C15" start="3615" end="3639" text=" Coronary artery disease" time="before DCT" indicator="mention" comment=""/>
      <CAD id="C16" start="3616" end="3639" text="Coronary artery disease" time="before DCT" indicator="mention" comment=""/>
    </CAD>
    <MEDICATION id="DOC26" time="during DCT" type1="ARB" type2="">
      <MEDICATION id="M42" start="1122" end="1130" text="losartan" time="during DCT" type1="ARB" type2="" comment=""/>
      <MEDICATION id="M43" start="1121" end="1130" text=" losartan" time="during DCT" type1="ARB" type2="" comment=""/>
      <MEDICATION id="M44" start="1122" end="1130" text="losartan" time="during DCT" type1="ARB" type2="" comment=""/>
    </MEDICATION>
    <MEDICATION id="DOC27" time="before DCT" type1="ARB" type2="">
      <MEDICATION id="M45" start="1122" end="1130" text="losartan" time="before DCT" type1="ARB" type2="" comment=""/>
      <MEDICATION id="M46" start="1121" end="1130" text=" losartan" time="before DCT" type1="ARB" type2="" comment=""/>
      <MEDICATION id="M47" start="1122" end="1130" text="losartan" time="before DCT" type1="ARB" type2="" comment=""/>
    </MEDICATION>
    <PHI id="P0" start="16" end="26" text="2086-11-07" TYPE="DATE"/>
    <PHI id="P1" start="34" end="51" text="November 07, 2086" TYPE="DATE"/>
    <PHI id="P2" start="56" end="68" text="Usha Gibbons" TYPE="DOCTOR"/>
    <PHI id="P3" start="76" end="82" text="Cooley" TYPE="HOSPITAL"/>
    <PHI id="P4" start="113" end="138" text="Cooley Dickinson Hospital" TYPE="HOSPITAL"/>
    <PHI id="P5" start="140" end="159" text="99 Greenfield Drive" TYPE="STREET"/>
    <PHI id="P6" start="161" end="169" text="Schuyler" TYPE="CITY"/>
    <PHI id="P7" start="171" end="173" text="FL" TYPE="STATE"/>
    <PHI id="P8" start="175" end="180" text="76969" TYPE="ZIP"/>
    <PHI id="P9" start="190" end="204" text="Benitez, Wonda" TYPE="PATIENT"/>
    <PHI id="P10" start="216" end="224" text="89276954" TYPE="MEDICALRECORD"/>
    <PHI id="P11" start="234" end="238" text="Usha" TYPE="DOCTOR"/>
    <PHI id="P12" start="282" end="289" text="Benitez" TYPE="PATIENT"/>
    <PHI id="P13" start="392" end="396" text="July" TYPE="DATE"/>
    <PHI id="P14" start="2018" end="2032" text="Benitez, Wonda" TYPE="PATIENT"/>
    <PHI id="P15" start="2073" end="2081" text="89276954" TYPE="MEDICALRECORD"/>
    <PHI id="P16" start="2083" end="2100" text="November 07, 2086" TYPE="DATE"/>
    <PHI id="P17" start="2821" end="2834" text="July 18, 2086" TYPE="DATE"/>
    <PHI id="P18" start="2891" end="2908" text="October 31,  2086" TYPE="DATE"/>
    <PHI id="P19" start="3150" end="3164" text="February  2086" TYPE="DATE"/>
    <PHI id="P20" start="3196" end="3212" text="October 31, 2086" TYPE="DATE"/>
    <PHI id="P21" start="3417" end="3432" text="August 06, 2086" TYPE="DATE"/>
    <PHI id="P22" start="4320" end="4334" text="Benitez, Wonda" TYPE="PATIENT"/>
    <PHI id="P23" start="4375" end="4383" text="89276954" TYPE="MEDICALRECORD"/>
    <PHI id="P24" start="4385" end="4402" text="November 07, 2086" TYPE="DATE"/>
    <PHI id="P25" start="4726" end="4739" text="Thomas Waller" TYPE="DOCTOR"/>
    <PHI id="P26" start="4755" end="4768" text="Terry W. Neel" TYPE="DOCTOR"/>
    <PHI id="P27" start="4776" end="4792" text="Vascular Surgery" TYPE="DEPARTMENT"/>
    <PHI id="P28" start="4794" end="4819" text="Cooley Dickinson Hospital" TYPE="HOSPITAL"/>
    <PHI id="P29" start="4821" end="4840" text="20 Greenfield Drive" TYPE="STREET"/>
    <PHI id="P30" start="4842" end="4850" text="Schuyler" TYPE="CITY"/>
    <PHI id="P31" start="4852" end="4854" text="FL" TYPE="STATE"/>
    <PHI id="P32" start="4856" end="4861" text="76969" TYPE="ZIP"/>
    <PHI id="P33" start="4867" end="4869" text="TW" TYPE="DOCTOR"/>
    <PHI id="P34" start="4870" end="4877" text="sanchez" TYPE="DOCTOR"/>
  </TAGS>
</root>
