<?xml version='1.0' encoding='UTF-8'?>
<root>
  <TEXT><![CDATA[


Record date: 2075-07-07





INTERNAL MEDICINE ASSOCIATES

FOLSOM CONVALESCENT HOSPITAL



Reason for visit

			

  Annual Examination



History of present illness

			

  Feeling great. Weight gain. Spinal stenosis still aggravating and limiting. Groin rash.  Recenrt examination by Dr. Delarosa (all well).



Problem List (reviewed)



Hyperlipidemia MAJOR 

Anemia MAJOR 

Coronary artery disease MAJOR 

Stroke MAJOR 

Dizziness MAJOR 

Hypertension MAJOR 

Impotence MAJOR 

Benign prostatic hypertrophy MAJOR 

Glucose intolerance MAJOR 

Radiculopathy MAJOR 

Hematuria MAJOR 

Spinal stenosis MAJOR 

Squamous cell carcinoma of skin 

Overweight 

Diabetes mellitus (adult onset) 

Tinea cruris 



Major Problems





Hyperlipidemia

LDL still > 70 may need more statin 10/1/73



Anemia

Dr. Vitale colonoscopy at Parker Hospital 1/2069 results?



Coronary artery disease

s/p bypass 5 vessel 6/16/2069

Dr. Delarosa and Dr. Land



Stroke





Dizziness

resolved off Altace



Hypertension





Impotence

No erections for two years. Thinking about Viagra. Asked Dr. Delarosa in June 2070 who advised against use.



Benign prostatic hypertrophy

s/p TURP X 2 ( In PH)



Glucose intolerance





Radiculopathy

New symptom. Decreased sensation at finger tips - 2nd,3rd, and 4th digits. Also notes suble weakness with change in handwriting. 8/29/71 Carpal tunnel per EMG/NCS 1/3/72



Hematuria

Negative work up by Dr. Villalobos (cystoscopy , CT) 2073



Spinal stenosis

Feels legs are heavy. No pain. Upright position.



Other Problems





Squamous cell carcinoma of skin





Overweight





Diabetes mellitus (adult onset)





Tinea cruris





Active Medications



calcium supplement 

Ecotrin 325 mg PO QD

Effexor 75 mg PO QD total of 90

erythromycin (ilotycin) ointment 2 tubes apply bid

flaxseed oil 

folic acid 

metformin hydrochloride 850 mg po bid take with meals

Nexium 20 mg PO QD total of 90

Toprol xl 50 mg PO QD total of 90

vitamin c 

vitamin e 

Zocor 40mg po qpm



Family history

			

			



Social history

			

  Still active in business.  He is Treasurer for the Masons.  Does not smoke. Drinks a few glasses of wine or Martini at night.  He has 10 grandchildren.



Habits/Risk Screening

Smoking status: never smoked  

Alcohol use status: moderate  

Activity level: moderate  



Review of systems

			

  Leg cramps. Early fatigue.  No chest pain, SOB, GI or GU issues



Physical examination

Blood pressure 140/80  

Pulse   72 and regular

Respiratory rate 16  

Weight 185  

General appearance   Well developed, well nourished, no acute distress.

Skin   groin rash

Heent   NC/AT, PERRL, EOMI, O/P clear without erythema or exudates.

Neck   Carotids, no bruits.  Thyroid, nonpalpable

Nodes   No cervical, axillary or groin adenopathy appreciated.

Chest   Clear to auscultation bilaterally. scar

Cor   PMI at 5th ICS, MCL. RRR nl s1, s2 without m/r/g.

Abdomen   NT/ND, no HSM. Normal active bowel sounds.

Rectal exam   Guaiac negative.  Prostate, slightly enlarged

Genitalia   Genitalia, within normal

Extrem   Within normal limits.  Pulses intact.  He has fungal infections of his nails on his  feet

Musc skel   Stands, walks , squats w/o difficulty. pulses intact strength intact. DTRs intact



Assessment and plan

			

  Severe spinal stenosis. CAD/CABG stable. Lipid, BS, BP managed. Tinea start ketoconazole. BPH. Weight issues.  H/o SCC.



Disposition

rtc 3 months 



Signed electronically by Mccullough, Stephen N on Jul 07, 2075     



]]></TEXT>
  <TAGS>
    <MEDICATION id="DOC0" time="after DCT" type1="statin" type2="">
      <MEDICATION id="M0" start="1996" end="2001" text="Zocor" time="after DCT" type1="statin" type2="" comment=""/>
      <MEDICATION id="M1" start="1996" end="2001" text="Zocor" time="after DCT" type1="statin" type2="" comment=""/>
      <MEDICATION id="M2" start="1996" end="2001" text="Zocor" time="after DCT" type1="statin" type2="" comment=""/>
    </MEDICATION>
    <MEDICATION id="DOC1" time="during DCT" type1="aspirin" type2="">
      <MEDICATION id="M3" start="1715" end="1722" text="Ecotrin" time="during DCT" type1="aspirin" type2="" comment=""/>
      <MEDICATION id="M4" start="1715" end="1722" text="Ecotrin" time="during DCT" type1="aspirin" type2="" comment=""/>
      <MEDICATION id="M5" start="1715" end="1722" text="Ecotrin" time="during DCT" type1="aspirin" type2="" comment=""/>
    </MEDICATION>
    <MEDICATION id="DOC2" time="after DCT" type1="metformin" type2="">
      <MEDICATION id="M6" start="1850" end="1873" text="metformin hydrochloride" time="after DCT" type1="metformin" type2="" comment=""/>
      <MEDICATION id="M7" start="1850" end="1859" text="metformin" time="after DCT" type1="metformin" type2="" comment=""/>
      <MEDICATION id="M8" start="1850" end="1859" text="metformin" time="after DCT" type1="metformin" type2="" comment=""/>
    </MEDICATION>
    <MEDICATION id="DOC3" time="during DCT" type1="metformin" type2="">
      <MEDICATION id="M9" start="1850" end="1873" text="metformin hydrochloride" time="during DCT" type1="metformin" type2="" comment=""/>
      <MEDICATION id="M10" start="1850" end="1859" text="metformin" time="during DCT" type1="metformin" type2="" comment=""/>
      <MEDICATION id="M11" start="1850" end="1859" text="metformin" time="during DCT" type1="metformin" type2="" comment=""/>
    </MEDICATION>
    <HYPERTENSION id="DOC4" time="during DCT" indicator="mention">
      <HYPERTENSION id="H0" start="446" end="465" text="Hypertension MAJOR " time="during DCT" indicator="mention" comment=""/>
      <HYPERTENSION id="H1" start="446" end="458" text="Hypertension" time="during DCT" indicator="mention" comment=""/>
      <HYPERTENSION id="H2" start="446" end="458" text="Hypertension" time="during DCT" indicator="mention" comment=""/>
      <HYPERTENSION id="H3" start="446" end="458" text="Hypertension" time="during DCT" indicator="mention" comment=""/>
      <HYPERTENSION id="H4" start="995" end="1007" text="Hypertension" time="during DCT" indicator="mention" comment=""/>
    </HYPERTENSION>
    <DIABETES id="DOC5" time="before DCT" indicator="mention">
      <DIABETES id="D0" start="661" end="678" text="Diabetes mellitus" time="before DCT" indicator="mention" comment=""/>
      <DIABETES id="D1" start="661" end="678" text="Diabetes mellitus" time="before DCT" indicator="mention" comment=""/>
      <DIABETES id="D2" start="661" end="693" text="Diabetes mellitus (adult onset) " time="before DCT" indicator="mention" comment=""/>
      <DIABETES id="D3" start="1617" end="1648" text="Diabetes mellitus (adult onset)" time="before DCT" indicator="mention" comment=""/>
    </DIABETES>
    <HYPERLIPIDEMIA id="DOC6" time="before DCT" indicator="mention">
      <HYPERLIPIDEMIA id="HY0" start="343" end="364" text="Hyperlipidemia MAJOR " time="before DCT" indicator="mention" comment=""/>
      <HYPERLIPIDEMIA id="HY1" start="343" end="357" text="Hyperlipidemia" time="before DCT" indicator="mention" comment=""/>
      <HYPERLIPIDEMIA id="HY2" start="343" end="357" text="Hyperlipidemia" time="before DCT" indicator="mention" comment=""/>
      <HYPERLIPIDEMIA id="HY3" start="343" end="357" text="Hyperlipidemia" time="before DCT" indicator="mention" comment=""/>
      <HYPERLIPIDEMIA id="HY4" start="732" end="746" text="Hyperlipidemia" time="before DCT" indicator="mention" comment=""/>
    </HYPERLIPIDEMIA>
    <DIABETES id="DOC7" time="during DCT" indicator="mention">
      <DIABETES id="D4" start="661" end="678" text="Diabetes mellitus" time="during DCT" indicator="mention" comment=""/>
      <DIABETES id="D5" start="661" end="678" text="Diabetes mellitus" time="during DCT" indicator="mention" comment=""/>
      <DIABETES id="D6" start="661" end="693" text="Diabetes mellitus (adult onset) " time="during DCT" indicator="mention" comment=""/>
      <DIABETES id="D7" start="1617" end="1648" text="Diabetes mellitus (adult onset)" time="during DCT" indicator="mention" comment=""/>
    </DIABETES>
    <MEDICATION id="DOC8" time="after DCT" type1="aspirin" type2="">
      <MEDICATION id="M12" start="1715" end="1722" text="Ecotrin" time="after DCT" type1="aspirin" type2="" comment=""/>
      <MEDICATION id="M13" start="1715" end="1722" text="Ecotrin" time="after DCT" type1="aspirin" type2="" comment=""/>
      <MEDICATION id="M14" start="1715" end="1722" text="Ecotrin" time="after DCT" type1="aspirin" type2="" comment=""/>
    </MEDICATION>
    <HYPERLIPIDEMIA id="DOC9" time="during DCT" indicator="mention">
      <HYPERLIPIDEMIA id="HY5" start="343" end="364" text="Hyperlipidemia MAJOR " time="during DCT" indicator="mention" comment=""/>
      <HYPERLIPIDEMIA id="HY6" start="343" end="357" text="Hyperlipidemia" time="during DCT" indicator="mention" comment=""/>
      <HYPERLIPIDEMIA id="HY7" start="343" end="357" text="Hyperlipidemia" time="during DCT" indicator="mention" comment=""/>
      <HYPERLIPIDEMIA id="HY8" start="343" end="357" text="Hyperlipidemia" time="during DCT" indicator="mention" comment=""/>
      <HYPERLIPIDEMIA id="HY9" start="732" end="746" text="Hyperlipidemia" time="during DCT" indicator="mention" comment=""/>
    </HYPERLIPIDEMIA>
    <HYPERTENSION id="DOC10" time="during DCT" indicator="high bp">
      <HYPERTENSION id="H5" start="2455" end="2478" text="Blood pressure 140/80  " time="during DCT" indicator="high bp" comment=""/>
      <HYPERTENSION id="H6" start="2455" end="2476" text="Blood pressure 140/80" time="during DCT" indicator="high bp" comment=""/>
      <HYPERTENSION id="H7" start="2455" end="2476" text="Blood pressure 140/80" time="during DCT" indicator="high bp" comment=""/>
    </HYPERTENSION>
    <HYPERTENSION id="DOC11" time="after DCT" indicator="mention">
      <HYPERTENSION id="H8" start="446" end="465" text="Hypertension MAJOR " time="after DCT" indicator="mention" comment=""/>
      <HYPERTENSION id="H9" start="446" end="458" text="Hypertension" time="after DCT" indicator="mention" comment=""/>
      <HYPERTENSION id="H10" start="446" end="458" text="Hypertension" time="after DCT" indicator="mention" comment=""/>
      <HYPERTENSION id="H11" start="446" end="458" text="Hypertension" time="after DCT" indicator="mention" comment=""/>
      <HYPERTENSION id="H12" start="995" end="1007" text="Hypertension" time="after DCT" indicator="mention" comment=""/>
    </HYPERTENSION>
    <MEDICATION id="DOC12" time="after DCT" type1="beta blocker" type2="">
      <MEDICATION id="M15" start="1937" end="1946" text="Toprol xl" time="after DCT" type1="beta blocker" type2="" comment=""/>
      <MEDICATION id="M16" start="1937" end="1947" text="Toprol xl " time="after DCT" type1="beta blocker" type2="" comment=""/>
      <MEDICATION id="M17" start="1937" end="1946" text="Toprol xl" time="after DCT" type1="beta blocker" type2="" comment=""/>
    </MEDICATION>
    <CAD id="DOC13" time="after DCT" indicator="mention">
      <CAD id="C0" start="381" end="411" text="Coronary artery disease MAJOR " time="after DCT" indicator="mention" comment=""/>
      <CAD id="C1" start="3325" end="3328" text="CAD" time="after DCT" indicator="mention" comment=""/>
      <CAD id="C2" start="381" end="404" text="Coronary artery disease" time="after DCT" indicator="mention" comment=""/>
      <CAD id="C3" start="381" end="405" text="Coronary artery disease " time="after DCT" indicator="mention" comment=""/>
      <CAD id="C4" start="381" end="404" text="Coronary artery disease" time="after DCT" indicator="mention" comment=""/>
      <CAD id="C5" start="864" end="887" text="Coronary artery disease" time="after DCT" indicator="mention" comment=""/>
      <CAD id="C6" start="3325" end="3328" text="CAD" time="after DCT" indicator="mention" comment=""/>
    </CAD>
    <MEDICATION id="DOC14" time="before DCT" type1="statin" type2="">
      <MEDICATION id="M18" start="1996" end="2001" text="Zocor" time="before DCT" type1="statin" type2="" comment=""/>
      <MEDICATION id="M19" start="1996" end="2001" text="Zocor" time="before DCT" type1="statin" type2="" comment=""/>
      <MEDICATION id="M20" start="1996" end="2001" text="Zocor" time="before DCT" type1="statin" type2="" comment=""/>
    </MEDICATION>
    <MEDICATION id="DOC15" time="during DCT" type1="statin" type2="">
      <MEDICATION id="M21" start="1996" end="2001" text="Zocor" time="during DCT" type1="statin" type2="" comment=""/>
      <MEDICATION id="M22" start="1996" end="2001" text="Zocor" time="during DCT" type1="statin" type2="" comment=""/>
      <MEDICATION id="M23" start="1996" end="2001" text="Zocor" time="during DCT" type1="statin" type2="" comment=""/>
    </MEDICATION>
    <MEDICATION id="DOC16" time="before DCT" type1="metformin" type2="">
      <MEDICATION id="M24" start="1850" end="1873" text="metformin hydrochloride" time="before DCT" type1="metformin" type2="" comment=""/>
      <MEDICATION id="M25" start="1850" end="1859" text="metformin" time="before DCT" type1="metformin" type2="" comment=""/>
      <MEDICATION id="M26" start="1850" end="1859" text="metformin" time="before DCT" type1="metformin" type2="" comment=""/>
    </MEDICATION>
    <MEDICATION id="DOC17" time="before DCT" type1="beta blocker" type2="">
      <MEDICATION id="M27" start="1937" end="1946" text="Toprol xl" time="before DCT" type1="beta blocker" type2="" comment=""/>
      <MEDICATION id="M28" start="1937" end="1947" text="Toprol xl " time="before DCT" type1="beta blocker" type2="" comment=""/>
      <MEDICATION id="M29" start="1937" end="1946" text="Toprol xl" time="before DCT" type1="beta blocker" type2="" comment=""/>
    </MEDICATION>
    <HYPERLIPIDEMIA id="DOC18" time="after DCT" indicator="mention">
      <HYPERLIPIDEMIA id="HY10" start="343" end="364" text="Hyperlipidemia MAJOR " time="after DCT" indicator="mention" comment=""/>
      <HYPERLIPIDEMIA id="HY11" start="343" end="357" text="Hyperlipidemia" time="after DCT" indicator="mention" comment=""/>
      <HYPERLIPIDEMIA id="HY12" start="343" end="357" text="Hyperlipidemia" time="after DCT" indicator="mention" comment=""/>
      <HYPERLIPIDEMIA id="HY13" start="343" end="357" text="Hyperlipidemia" time="after DCT" indicator="mention" comment=""/>
      <HYPERLIPIDEMIA id="HY14" start="732" end="746" text="Hyperlipidemia" time="after DCT" indicator="mention" comment=""/>
    </HYPERLIPIDEMIA>
    <CAD id="DOC19" time="during DCT" indicator="mention">
      <CAD id="C7" start="381" end="411" text="Coronary artery disease MAJOR " time="during DCT" indicator="mention" comment=""/>
      <CAD id="C8" start="3325" end="3328" text="CAD" time="during DCT" indicator="mention" comment=""/>
      <CAD id="C9" start="381" end="404" text="Coronary artery disease" time="during DCT" indicator="mention" comment=""/>
      <CAD id="C10" start="381" end="405" text="Coronary artery disease " time="during DCT" indicator="mention" comment=""/>
      <CAD id="C11" start="381" end="404" text="Coronary artery disease" time="during DCT" indicator="mention" comment=""/>
      <CAD id="C12" start="864" end="887" text="Coronary artery disease" time="during DCT" indicator="mention" comment=""/>
      <CAD id="C13" start="3325" end="3328" text="CAD" time="during DCT" indicator="mention" comment=""/>
    </CAD>
    <MEDICATION id="DOC20" time="before DCT" type1="aspirin" type2="">
      <MEDICATION id="M30" start="1715" end="1722" text="Ecotrin" time="before DCT" type1="aspirin" type2="" comment=""/>
      <MEDICATION id="M31" start="1715" end="1722" text="Ecotrin" time="before DCT" type1="aspirin" type2="" comment=""/>
      <MEDICATION id="M32" start="1715" end="1722" text="Ecotrin" time="before DCT" type1="aspirin" type2="" comment=""/>
    </MEDICATION>
    <SMOKER id="DOC21" status="never">
      <SMOKER id="S0" start="2128" end="2142" text="Does not smoke" status="never" comment=""/>
      <SMOKER id="S1" start="2246" end="2274" text="Smoking status: never smoked" status="never" comment=""/>
      <SMOKER id="S2" start="2261" end="2274" text=" never smoked" status="never" comment=""/>
      <SMOKER id="S3" start="2128" end="2142" text="Does not smoke" status="never" comment=""/>
      <SMOKER id="S4" start="2246" end="2276" text="Smoking status: never smoked  " status="never" comment=""/>
    </SMOKER>
    <DIABETES id="DOC22" time="after DCT" indicator="mention">
      <DIABETES id="D8" start="661" end="678" text="Diabetes mellitus" time="after DCT" indicator="mention" comment=""/>
      <DIABETES id="D9" start="661" end="678" text="Diabetes mellitus" time="after DCT" indicator="mention" comment=""/>
      <DIABETES id="D10" start="661" end="693" text="Diabetes mellitus (adult onset) " time="after DCT" indicator="mention" comment=""/>
      <DIABETES id="D11" start="1617" end="1648" text="Diabetes mellitus (adult onset)" time="after DCT" indicator="mention" comment=""/>
    </DIABETES>
    <CAD id="DOC23" time="before DCT" indicator="event">
      <CAD id="C14" start="889" end="918" text="s/p bypass 5 vessel 6/16/2069" time="before DCT" indicator="event" comment=""/>
      <CAD id="C15" start="889" end="919" text="s/p bypass 5 vessel 6/16/2069 " time="before DCT" indicator="event" comment=""/>
      <CAD id="C16" start="893" end="909" text="bypass 5 vessel " time="before DCT" indicator="event" comment=""/>
      <CAD id="C17" start="889" end="908" text="s/p bypass 5 vessel" time="before DCT" indicator="event" comment=""/>
      <CAD id="C18" start="3329" end="3333" text="CABG" time="before DCT" indicator="event" comment=""/>
    </CAD>
    <HYPERTENSION id="DOC24" time="before DCT" indicator="mention">
      <HYPERTENSION id="H13" start="446" end="465" text="Hypertension MAJOR " time="before DCT" indicator="mention" comment=""/>
      <HYPERTENSION id="H14" start="446" end="458" text="Hypertension" time="before DCT" indicator="mention" comment=""/>
      <HYPERTENSION id="H15" start="446" end="458" text="Hypertension" time="before DCT" indicator="mention" comment=""/>
      <HYPERTENSION id="H16" start="446" end="458" text="Hypertension" time="before DCT" indicator="mention" comment=""/>
      <HYPERTENSION id="H17" start="995" end="1007" text="Hypertension" time="before DCT" indicator="mention" comment=""/>
    </HYPERTENSION>
    <FAMILY_HIST id="DOC25" indicator="not present">
      <FAMILY_HIST id="F0" indicator="not present"/>
      <FAMILY_HIST id="F1" indicator="not present"/>
      <FAMILY_HIST id="F2" indicator="not present"/>
      <FAMILY_HIST id="F3" indicator="not present"/>
    </FAMILY_HIST>
    <MEDICATION id="DOC26" time="during DCT" type1="beta blocker" type2="">
      <MEDICATION id="M33" start="1937" end="1946" text="Toprol xl" time="during DCT" type1="beta blocker" type2="" comment=""/>
      <MEDICATION id="M34" start="1937" end="1947" text="Toprol xl " time="during DCT" type1="beta blocker" type2="" comment=""/>
      <MEDICATION id="M35" start="1937" end="1946" text="Toprol xl" time="during DCT" type1="beta blocker" type2="" comment=""/>
    </MEDICATION>
    <CAD id="DOC27" time="before DCT" indicator="mention">
      <CAD id="C19" start="381" end="411" text="Coronary artery disease MAJOR " time="before DCT" indicator="mention" comment=""/>
      <CAD id="C20" start="3325" end="3328" text="CAD" time="before DCT" indicator="mention" comment=""/>
      <CAD id="C21" start="381" end="404" text="Coronary artery disease" time="before DCT" indicator="mention" comment=""/>
      <CAD id="C22" start="381" end="405" text="Coronary artery disease " time="before DCT" indicator="mention" comment=""/>
      <CAD id="C23" start="381" end="404" text="Coronary artery disease" time="before DCT" indicator="mention" comment=""/>
      <CAD id="C24" start="864" end="887" text="Coronary artery disease" time="before DCT" indicator="mention" comment=""/>
      <CAD id="C25" start="3325" end="3328" text="CAD" time="before DCT" indicator="mention" comment=""/>
    </CAD>
    <PHI id="P0" start="16" end="26" text="2075-07-07" TYPE="DATE"/>
    <PHI id="P1" start="62" end="90" text="FOLSOM CONVALESCENT HOSPITAL" TYPE="HOSPITAL"/>
    <PHI id="P2" start="292" end="300" text="Delarosa" TYPE="DOCTOR"/>
    <PHI id="P3" start="784" end="791" text="10/1/73" TYPE="DATE"/>
    <PHI id="P4" start="807" end="813" text="Vitale" TYPE="DOCTOR"/>
    <PHI id="P5" start="829" end="844" text="Parker Hospital" TYPE="HOSPITAL"/>
    <PHI id="P6" start="845" end="851" text="1/2069" TYPE="DATE"/>
    <PHI id="P7" start="909" end="918" text="6/16/2069" TYPE="DATE"/>
    <PHI id="P8" start="924" end="932" text="Delarosa" TYPE="DOCTOR"/>
    <PHI id="P9" start="941" end="945" text="Land" TYPE="DOCTOR"/>
    <PHI id="P10" start="1085" end="1093" text="Delarosa" TYPE="DOCTOR"/>
    <PHI id="P11" start="1097" end="1106" text="June 2070" TYPE="DATE"/>
    <PHI id="P12" start="1183" end="1185" text="PH" TYPE="HOSPITAL"/>
    <PHI id="P13" start="1359" end="1366" text="8/29/71" TYPE="DATE"/>
    <PHI id="P14" start="1393" end="1399" text="1/3/72" TYPE="DATE"/>
    <PHI id="P15" start="1438" end="1448" text="Villalobos" TYPE="DOCTOR"/>
    <PHI id="P16" start="1467" end="1471" text="2073" TYPE="DATE"/>
    <PHI id="P17" start="2101" end="2110" text="Treasurer" TYPE="PROFESSION"/>
    <PHI id="P18" start="2115" end="2125" text="the Masons" TYPE="ORGANIZATION"/>
    <PHI id="P19" start="3479" end="3500" text="Mccullough, Stephen N" TYPE="DOCTOR"/>
    <PHI id="P20" start="3504" end="3516" text="Jul 07, 2075" TYPE="DATE"/>
  </TAGS>
</root>
