<?xml version='1.0' encoding='UTF-8'?>
<root>
  <TEXT><![CDATA[


Record date: 2084-01-07









 





Fellow/NP

Xiang





Reason for Visit:  

taxotere weekly chemo



Diagnosis/Treatment Summary: 

Stage IVB (axillary and retroperitoneal LN and very large celiac axis LN mass) 

s/p XRT to esophagus

Renal vein thrombus on Coumadin 



History:  Patient is a 72 year old man who began having dysphagia 6/83.  On 8/01/83 he was scheduled for a Colonoscopy, so his PCP suggested he have an UGI Endoscopy at the same time.  The Colonoscopy demonstrated Diverticulosis and the UGI Endoscopy demonstrated a partially obstructing esophageal/gastric cardia tumor which was biopsied.  Pathology revealed moderately to poorly differentiated adenocarcinoma.  On 8/10/83 an Abd and Pelvic CT were done showing:  marked thickening of the wall of the distal esophagus (35-40cm by endoscopy - partial obstruction and circumferential) extending into the gastric cardia, consistent with biopsy proven adenocarcinoma. Also felt to be bleeding silently so placed on Fe replacement. Also, enlarged gastroepiploic, celiac and aortocaval lymph nodes consistent with metastatic disease.  On 8/10/83 a Chest CT revealed thickening of the lower esophagus extending into the chest esophageal junction.  This is associated with lymphadenopathy in the (L) axilla, gastrohepatic ligament, celiac axis and retrocrural space.  The appearance is highly suspicious for esophageal cancer and nodal spread.  There is a 3mm nodule adjacent to the (R) major fissure in the lung. PET scan confirmed axillary and abdominal involvement with cancer. The lung nodule was too small for PET to evaluate. 



He remains quite asymptomatic with no weight loss or dysphagia.  He denies nausea, vomiting, diarrhea, or constipation.  He has mild intermittant esophageal pain, usually after eating.  No bleeding. He does complain of baseline DOE, although no SOB at rest. He is fatigued.  Dizziness is improved with decrease in hypertension meds



Problems/PMH:

Repair of Zenker's diverticulum in 2080

Aterial stent was placed in the mid LAD in 4/80

Hypercholesteremia

Arthritis

Borderline Diabetic

Heart murmur for 50 years



FH/SH:

Never married

No children

Never smoked

Rare ETOH- 6 beers per year

Aerospace engineer for 40 years

No family history of cancer

Here with sister.





Review of Systems: 



General: 20 lb weight loss weight stabilized, moderate fatigue, no fevers, no chills.

Respiratory: No cough, no SOB, baseline DOE, no hemoptysis, no wheezing

HEENT: No neck swelling, no hoarseness, no hearing loss

Cardiac: No chest pain, no palpitations (heart murmur for 50 yrs.) arrythmias, no valve disease

Gastrointestinal: No nausea, no vomiting, no diarrhea, no constipation, no bleeding

Neurologic: No seizures, no headache, no weakness, no numbness/tingling

Lymph nodes: No enlarged lymph nodes

Musculoskeletal: No back pain, no neck pain, no leg pain, no arm pain

Urologic: No hematuria, no dysuria, or no obstruction

Endocrine: No adrenal, no thyroid or  no parathyroid disease

Hematologic: No bruising, no clotting, no bleeding



Medications:

Atenolol 25 mg QD

Triamterene/HCTZ 50/25 QD Three times a week

Vitamin B Complex 100 u QD

Folic Acid 1 mg QD

Iron Sulfate 1 tab BID

Lipitor 10 mg QHS

Terazosin 5 mg QD

Lisinopril 2.5 mg QHS

Ducolax 2 tabs QD



Allergies:

Codeine-dizzy



Physical Examination: 



Vital Signs

BP 116/58, P 60, RR 20, Temp 96.6 F, Ht 67 in, Wt 231 lb



PS=1

Neck: no nodes palpable

HEENT: No thrush or mucositis; EOMI; PERRL

Skin: no rash

Ext: without edema, clubbing

Cor: S1 S2

Chest: clear lungs without wheezing or crackles

Abdomen: soft, NT no HSM

Nodes: neg cerv, sc

Neuro: grossly non-focal



Data (laboratory and radiographs) 

Results



01/07/2084 BUN 14,  CRE 1.3



01/07/2084 WBC 4.5,  RBC 4.72,  HGB 10.7 (L),  HCT 34.0 (L),  MCV 72 (L),  MCH 22.7 (L),  MCHC 31.5,  PLT 131 (L)



01/07/2084 ANEUT 3.52,  ALYMP 0.57 (L),  AMONS 0.31,  AEOSN 0.05 (L),  ABASOP 0.01







Assessment and Plan:



72 year old man with Stage IVB metastatic esophageal cancer s/p XRT with growing LN outside the field of radiation. Doing great.

Renal vein thrombosis- continue same coumadin regimen

Anemia, and DOE- continue procrit

Consider head MRI if dizziness continues after hypotension and anemia are resolved

Cycle 3, Week 3 of taxotere chemotherapy today. Scans this week

RTC in one week for results and plan











_____________________________________________

Jayda Una Xiang,NP















cc: 



Dr. Geno Guidry

Dr. Gregory Mcguire







]]></TEXT>
  <TAGS>
    <MEDICATION id="DOC0" time="during DCT" type1="ACE inhibitor" type2="">
      <MEDICATION id="M0" start="3259" end="3269" text="Lisinopril" time="during DCT" type1="ACE inhibitor" type2="" comment=""/>
      <MEDICATION id="M1" start="3259" end="3269" text="Lisinopril" time="during DCT" type1="ACE inhibitor" type2="" comment=""/>
      <MEDICATION id="M2" start="3259" end="3269" text="Lisinopril" time="during DCT" type1="ACE inhibitor" type2="" comment=""/>
    </MEDICATION>
    <MEDICATION id="DOC1" time="before DCT" type1="statin" type2="">
      <MEDICATION id="M3" start="3221" end="3228" text="Lipitor" time="before DCT" type1="statin" type2="" comment=""/>
      <MEDICATION id="M4" start="3221" end="3228" text="Lipitor" time="before DCT" type1="statin" type2="" comment=""/>
      <MEDICATION id="M5" start="3221" end="3228" text="Lipitor" time="before DCT" type1="statin" type2="" comment=""/>
    </MEDICATION>
    <MEDICATION id="DOC2" time="during DCT" type1="statin" type2="">
      <MEDICATION id="M6" start="3221" end="3228" text="Lipitor" time="during DCT" type1="statin" type2="" comment=""/>
      <MEDICATION id="M7" start="3221" end="3228" text="Lipitor" time="during DCT" type1="statin" type2="" comment=""/>
      <MEDICATION id="M8" start="3221" end="3228" text="Lipitor" time="during DCT" type1="statin" type2="" comment=""/>
    </MEDICATION>
    <MEDICATION id="DOC3" time="after DCT" type1="ACE inhibitor" type2="">
      <MEDICATION id="M9" start="3259" end="3269" text="Lisinopril" time="after DCT" type1="ACE inhibitor" type2="" comment=""/>
      <MEDICATION id="M10" start="3259" end="3269" text="Lisinopril" time="after DCT" type1="ACE inhibitor" type2="" comment=""/>
      <MEDICATION id="M11" start="3259" end="3269" text="Lisinopril" time="after DCT" type1="ACE inhibitor" type2="" comment=""/>
    </MEDICATION>
    <MEDICATION id="DOC4" time="after DCT" type1="statin" type2="">
      <MEDICATION id="M12" start="3221" end="3228" text="Lipitor" time="after DCT" type1="statin" type2="" comment=""/>
      <MEDICATION id="M13" start="3221" end="3228" text="Lipitor" time="after DCT" type1="statin" type2="" comment=""/>
      <MEDICATION id="M14" start="3221" end="3228" text="Lipitor" time="after DCT" type1="statin" type2="" comment=""/>
    </MEDICATION>
    <CAD id="DOC5" time="before DCT" indicator="event">
      <CAD id="C0" start="2001" end="2040" text="Aterial stent was placed in the mid LAD" time="before DCT" indicator="event" comment=""/>
      <CAD id="C1" start="2001" end="2048" text="Aterial stent was placed in the mid LAD in 4/80" time="before DCT" indicator="event" comment=""/>
    </CAD>
    <HYPERLIPIDEMIA id="DOC6" time="before DCT" indicator="mention">
      <HYPERLIPIDEMIA id="HY0" start="2050" end="2068" text="Hypercholesteremia" time="before DCT" indicator="mention" comment=""/>
      <HYPERLIPIDEMIA id="HY1" start="2050" end="2068" text="Hypercholesteremia" time="before DCT" indicator="mention" comment=""/>
      <HYPERLIPIDEMIA id="HY2" start="2050" end="2068" text="Hypercholesteremia" time="before DCT" indicator="mention" comment=""/>
    </HYPERLIPIDEMIA>
    <MEDICATION id="DOC7" time="before DCT" type1="beta blocker" type2="">
      <MEDICATION id="M15" start="3084" end="3092" text="Atenolol" time="before DCT" type1="beta blocker" type2="" comment=""/>
      <MEDICATION id="M16" start="3084" end="3092" text="Atenolol" time="before DCT" type1="beta blocker" type2="" comment=""/>
    </MEDICATION>
    <HYPERLIPIDEMIA id="DOC8" time="after DCT" indicator="mention">
      <HYPERLIPIDEMIA id="HY3" start="2050" end="2068" text="Hypercholesteremia" time="after DCT" indicator="mention" comment=""/>
      <HYPERLIPIDEMIA id="HY4" start="2050" end="2068" text="Hypercholesteremia" time="after DCT" indicator="mention" comment=""/>
      <HYPERLIPIDEMIA id="HY5" start="2050" end="2068" text="Hypercholesteremia" time="after DCT" indicator="mention" comment=""/>
    </HYPERLIPIDEMIA>
    <MEDICATION id="DOC9" time="before DCT" type1="ACE inhibitor" type2="">
      <MEDICATION id="M17" start="3259" end="3269" text="Lisinopril" time="before DCT" type1="ACE inhibitor" type2="" comment=""/>
      <MEDICATION id="M18" start="3259" end="3269" text="Lisinopril" time="before DCT" type1="ACE inhibitor" type2="" comment=""/>
      <MEDICATION id="M19" start="3259" end="3269" text="Lisinopril" time="before DCT" type1="ACE inhibitor" type2="" comment=""/>
    </MEDICATION>
    <MEDICATION id="DOC10" time="after DCT" type1="beta blocker" type2="">
      <MEDICATION id="M20" start="3084" end="3092" text="Atenolol" time="after DCT" type1="beta blocker" type2="" comment=""/>
      <MEDICATION id="M21" start="3084" end="3092" text="Atenolol" time="after DCT" type1="beta blocker" type2="" comment=""/>
    </MEDICATION>
    <MEDICATION id="DOC11" time="during DCT" type1="beta blocker" type2="">
      <MEDICATION id="M22" start="3084" end="3092" text="Atenolol" time="during DCT" type1="beta blocker" type2="" comment=""/>
      <MEDICATION id="M23" start="3084" end="3092" text="Atenolol" time="during DCT" type1="beta blocker" type2="" comment=""/>
    </MEDICATION>
    <HYPERLIPIDEMIA id="DOC12" time="during DCT" indicator="mention">
      <HYPERLIPIDEMIA id="HY6" start="2050" end="2068" text="Hypercholesteremia" time="during DCT" indicator="mention" comment=""/>
      <HYPERLIPIDEMIA id="HY7" start="2050" end="2068" text="Hypercholesteremia" time="during DCT" indicator="mention" comment=""/>
      <HYPERLIPIDEMIA id="HY8" start="2050" end="2068" text="Hypercholesteremia" time="during DCT" indicator="mention" comment=""/>
    </HYPERLIPIDEMIA>
    <FAMILY_HIST id="DOC13" indicator="not present">
      <FAMILY_HIST id="F0" indicator="not present"/>
      <FAMILY_HIST id="F1" indicator="not present"/>
      <FAMILY_HIST id="F2" indicator="not present"/>
    </FAMILY_HIST>
    <SMOKER id="DOC14" status="never">
      <SMOKER id="S0" start="2167" end="2179" text="Never smoked" status="never" comment=""/>
      <SMOKER id="S1" start="2167" end="2179" text="Never smoked" status="never" comment=""/>
      <SMOKER id="S2" start="2167" end="2179" text="Never smoked" status="never" comment=""/>
    </SMOKER>
    <PHI id="P0" start="16" end="26" text="2084-01-07" TYPE="DATE"/>
    <PHI id="P1" start="54" end="59" text="Xiang" TYPE="DOCTOR"/>
    <PHI id="P2" start="304" end="306" text="72" TYPE="AGE"/>
    <PHI id="P3" start="347" end="351" text="6/83" TYPE="DATE"/>
    <PHI id="P4" start="357" end="364" text="8/01/83" TYPE="DATE"/>
    <PHI id="P5" start="697" end="704" text="8/10/83" TYPE="DATE"/>
    <PHI id="P6" start="1114" end="1121" text="8/10/83" TYPE="DATE"/>
    <PHI id="P7" start="1995" end="1999" text="2080" TYPE="DATE"/>
    <PHI id="P8" start="2044" end="2048" text="4/80" TYPE="DATE"/>
    <PHI id="P9" start="2210" end="2228" text="Aerospace engineer" TYPE="PROFESSION"/>
    <PHI id="P10" start="3734" end="3744" text="01/07/2084" TYPE="DATE"/>
    <PHI id="P11" start="3765" end="3775" text="01/07/2084" TYPE="DATE"/>
    <PHI id="P12" start="3882" end="3892" text="01/07/2084" TYPE="DATE"/>
    <PHI id="P13" start="3996" end="3998" text="72" TYPE="AGE"/>
    <PHI id="P14" start="4460" end="4475" text="Jayda Una Xiang" TYPE="DOCTOR"/>
    <PHI id="P15" start="4506" end="4517" text="Geno Guidry" TYPE="DOCTOR"/>
    <PHI id="P16" start="4523" end="4538" text="Gregory Mcguire" TYPE="DOCTOR"/>
  </TAGS>
</root>
