<?xml version='1.0' encoding='UTF-8'?>
<root>
  <TEXT><![CDATA[


Record date: 2097-05-30

CARDIAC SURGERY
ELIZABETHTOWN STATE HOSPITAL

Narrative Note:
   May 30, 2097


Re:  Verna Cantu
ESH #:033-98-74


I had the pleasure of seeing Verna and her daughter in my office today after her aortic valve replacement with a 19 mm Magna Ease, aortic root enlargement, and two-vessel coronary bypass grafting with a LIMA to the LAD and a saphenous vein to the posterior left ventricular branch.  

As you know, she is a 60-year-old woman with a history of peripheral arterial disease, aortic stenosis, diabetes, hypertension, hyperlipidemia, and coronary artery disease who has had progressive dyspnea on exertion especially with walking up into her house which is 25 stairs.  We did her surgery, and she had a very uneventful postoperative course.  

She was discharged home on postoperative day seven and has continued to make progress.  She is walking each day.  Her medications include 5 mg of Norvasc, 25 mg of Toprol-XL, 20 mg of simvastatin and an aspirin and her Plaquenil.  She has no complaints of pain.  She is eating well.  She is sleeping well.  Her incisions have healed nicely.  Her sternum is stable, and she has no murmurs.  Overall, I am extremely pleased with her progress.  I told her to suggest to you that she was interested in cardiac rehab which she should be able to start in the next week or two.

Thank you so much for the opportunity of caring for her.


Norma Gonzalez, M.D.


cc:Holly Xavia Avalos, M.D.
Jackson X. Triplett, M.D.



Transcribed by: Julie L Cobb

Signed electronically by  Norma C. Gonzalez, MD
Document Status: Final



]]></TEXT>
  <TAGS>
    <MEDICATION id="DOC0" time="after DCT" type1="statin" type2="">
      <MEDICATION id="M0" start="966" end="977" text="simvastatin" time="after DCT" type1="statin" type2="" comment=""/>
      <MEDICATION id="M1" start="966" end="977" text="simvastatin" time="after DCT" type1="statin" type2="" comment=""/>
    </MEDICATION>
    <MEDICATION id="DOC1" time="during DCT" type1="aspirin" type2="">
      <MEDICATION id="M2" start="985" end="992" text="aspirin" time="during DCT" type1="aspirin" type2="" comment=""/>
      <MEDICATION id="M3" start="985" end="992" text="aspirin" time="during DCT" type1="aspirin" type2="" comment=""/>
    </MEDICATION>
    <HYPERTENSION id="DOC2" time="during DCT" indicator="mention">
      <HYPERTENSION id="H0" start="542" end="554" text="hypertension" time="during DCT" indicator="mention" comment=""/>
      <HYPERTENSION id="H1" start="542" end="554" text="hypertension" time="during DCT" indicator="mention" comment=""/>
      <HYPERTENSION id="H2" start="542" end="554" text="hypertension" time="during DCT" indicator="mention" comment=""/>
    </HYPERTENSION>
    <HYPERLIPIDEMIA id="DOC3" time="before DCT" indicator="mention">
      <HYPERLIPIDEMIA id="HY0" start="556" end="570" text="hyperlipidemia" time="before DCT" indicator="mention" comment=""/>
      <HYPERLIPIDEMIA id="HY1" start="556" end="570" text="hyperlipidemia" time="before DCT" indicator="mention" comment=""/>
      <HYPERLIPIDEMIA id="HY2" start="556" end="570" text="hyperlipidemia" time="before DCT" indicator="mention" comment=""/>
    </HYPERLIPIDEMIA>
    <DIABETES id="DOC4" time="during DCT" indicator="mention">
      <DIABETES id="D0" start="532" end="540" text="diabetes" time="during DCT" indicator="mention" comment=""/>
      <DIABETES id="D1" start="532" end="540" text="diabetes" time="during DCT" indicator="mention" comment=""/>
      <DIABETES id="D2" start="532" end="540" text="diabetes" time="during DCT" indicator="mention" comment=""/>
    </DIABETES>
    <MEDICATION id="DOC5" time="after DCT" type1="aspirin" type2="">
      <MEDICATION id="M4" start="985" end="992" text="aspirin" time="after DCT" type1="aspirin" type2="" comment=""/>
      <MEDICATION id="M5" start="985" end="992" text="aspirin" time="after DCT" type1="aspirin" type2="" comment=""/>
    </MEDICATION>
    <HYPERLIPIDEMIA id="DOC6" time="during DCT" indicator="mention">
      <HYPERLIPIDEMIA id="HY3" start="556" end="570" text="hyperlipidemia" time="during DCT" indicator="mention" comment=""/>
      <HYPERLIPIDEMIA id="HY4" start="556" end="570" text="hyperlipidemia" time="during DCT" indicator="mention" comment=""/>
      <HYPERLIPIDEMIA id="HY5" start="556" end="570" text="hyperlipidemia" time="during DCT" indicator="mention" comment=""/>
    </HYPERLIPIDEMIA>
    <MEDICATION id="DOC7" time="during DCT" type1="calcium channel blocker" type2="">
      <MEDICATION id="M6" start="928" end="935" text="Norvasc" time="during DCT" type1="calcium channel blocker" type2="" comment=""/>
      <MEDICATION id="M7" start="928" end="935" text="Norvasc" time="during DCT" type1="calcium channel blocker" type2="" comment=""/>
      <MEDICATION id="M8" start="928" end="935" text="Norvasc" time="during DCT" type1="calcium channel blocker" type2="" comment=""/>
    </MEDICATION>
    <MEDICATION id="DOC8" time="before DCT" type1="calcium channel blocker" type2="">
      <MEDICATION id="M9" start="928" end="935" text="Norvasc" time="before DCT" type1="calcium channel blocker" type2="" comment=""/>
      <MEDICATION id="M10" start="928" end="935" text="Norvasc" time="before DCT" type1="calcium channel blocker" type2="" comment=""/>
      <MEDICATION id="M11" start="928" end="935" text="Norvasc" time="before DCT" type1="calcium channel blocker" type2="" comment=""/>
    </MEDICATION>
    <HYPERTENSION id="DOC9" time="after DCT" indicator="mention">
      <HYPERTENSION id="H3" start="542" end="554" text="hypertension" time="after DCT" indicator="mention" comment=""/>
      <HYPERTENSION id="H4" start="542" end="554" text="hypertension" time="after DCT" indicator="mention" comment=""/>
      <HYPERTENSION id="H5" start="542" end="554" text="hypertension" time="after DCT" indicator="mention" comment=""/>
    </HYPERTENSION>
    <MEDICATION id="DOC10" time="after DCT" type1="beta blocker" type2="">
      <MEDICATION id="M12" start="946" end="955" text="Toprol-XL" time="after DCT" type1="beta blocker" type2="" comment=""/>
      <MEDICATION id="M13" start="946" end="955" text="Toprol-XL" time="after DCT" type1="beta blocker" type2="" comment=""/>
      <MEDICATION id="M14" start="946" end="956" text="Toprol-XL," time="after DCT" type1="beta blocker" type2="" comment=""/>
    </MEDICATION>
    <SMOKER id="DOC11" status="unknown">
      <SMOKER id="S0" status="unknown"/>
      <SMOKER id="S1" status="unknown"/>
      <SMOKER id="S2" status="unknown"/>
    </SMOKER>
    <DIABETES id="DOC12" time="before DCT" indicator="mention">
      <DIABETES id="D3" start="532" end="540" text="diabetes" time="before DCT" indicator="mention" comment=""/>
      <DIABETES id="D4" start="532" end="540" text="diabetes" time="before DCT" indicator="mention" comment=""/>
      <DIABETES id="D5" start="532" end="540" text="diabetes" time="before DCT" indicator="mention" comment=""/>
    </DIABETES>
    <MEDICATION id="DOC13" time="before DCT" type1="statin" type2="">
      <MEDICATION id="M15" start="966" end="977" text="simvastatin" time="before DCT" type1="statin" type2="" comment=""/>
      <MEDICATION id="M16" start="966" end="977" text="simvastatin" time="before DCT" type1="statin" type2="" comment=""/>
    </MEDICATION>
    <MEDICATION id="DOC14" time="during DCT" type1="statin" type2="">
      <MEDICATION id="M17" start="966" end="977" text="simvastatin" time="during DCT" type1="statin" type2="" comment=""/>
      <MEDICATION id="M18" start="966" end="977" text="simvastatin" time="during DCT" type1="statin" type2="" comment=""/>
    </MEDICATION>
    <CAD id="DOC15" time="after DCT" indicator="mention">
      <CAD id="C0" start="575" end="599" text=" coronary artery disease" time="after DCT" indicator="mention" comment=""/>
      <CAD id="C1" start="576" end="599" text="coronary artery disease" time="after DCT" indicator="mention" comment=""/>
      <CAD id="C2" start="576" end="600" text="coronary artery disease " time="after DCT" indicator="mention" comment=""/>
    </CAD>
    <HYPERLIPIDEMIA id="DOC16" time="after DCT" indicator="mention">
      <HYPERLIPIDEMIA id="HY6" start="556" end="570" text="hyperlipidemia" time="after DCT" indicator="mention" comment=""/>
      <HYPERLIPIDEMIA id="HY7" start="556" end="570" text="hyperlipidemia" time="after DCT" indicator="mention" comment=""/>
      <HYPERLIPIDEMIA id="HY8" start="556" end="570" text="hyperlipidemia" time="after DCT" indicator="mention" comment=""/>
    </HYPERLIPIDEMIA>
    <CAD id="DOC17" time="during DCT" indicator="mention">
      <CAD id="C3" start="575" end="599" text=" coronary artery disease" time="during DCT" indicator="mention" comment=""/>
      <CAD id="C4" start="576" end="599" text="coronary artery disease" time="during DCT" indicator="mention" comment=""/>
      <CAD id="C5" start="576" end="600" text="coronary artery disease " time="during DCT" indicator="mention" comment=""/>
    </CAD>
    <MEDICATION id="DOC18" time="before DCT" type1="aspirin" type2="">
      <MEDICATION id="M19" start="985" end="992" text="aspirin" time="before DCT" type1="aspirin" type2="" comment=""/>
      <MEDICATION id="M20" start="985" end="992" text="aspirin" time="before DCT" type1="aspirin" type2="" comment=""/>
    </MEDICATION>
    <FAMILY_HIST id="DOC19" indicator="not present">
      <FAMILY_HIST id="F0" indicator="not present"/>
      <FAMILY_HIST id="F1" indicator="not present"/>
      <FAMILY_HIST id="F2" indicator="not present"/>
    </FAMILY_HIST>
    <DIABETES id="DOC20" time="after DCT" indicator="mention">
      <DIABETES id="D6" start="532" end="540" text="diabetes" time="after DCT" indicator="mention" comment=""/>
      <DIABETES id="D7" start="532" end="540" text="diabetes" time="after DCT" indicator="mention" comment=""/>
      <DIABETES id="D8" start="532" end="540" text="diabetes" time="after DCT" indicator="mention" comment=""/>
    </DIABETES>
    <CAD id="DOC21" time="before DCT" indicator="event">
      <CAD id="C6" start="223" end="427" text=" aortic valve replacement with a 19 mm Magna Ease, aortic root enlargement, and two-vessel coronary bypass grafting with a LIMA to the LAD and a saphenous vein to the posterior left ventricular branch.   " time="before DCT" indicator="event" comment=""/>
      <CAD id="C7" start="303" end="338" text="two-vessel coronary bypass grafting" time="before DCT" indicator="event" comment=""/>
      <CAD id="C8" start="303" end="339" text="two-vessel coronary bypass grafting " time="before DCT" indicator="event" comment=""/>
    </CAD>
    <MEDICATION id="DOC22" time="after DCT" type1="calcium channel blocker" type2="">
      <MEDICATION id="M21" start="928" end="935" text="Norvasc" time="after DCT" type1="calcium channel blocker" type2="" comment=""/>
      <MEDICATION id="M22" start="928" end="935" text="Norvasc" time="after DCT" type1="calcium channel blocker" type2="" comment=""/>
      <MEDICATION id="M23" start="928" end="935" text="Norvasc" time="after DCT" type1="calcium channel blocker" type2="" comment=""/>
    </MEDICATION>
    <HYPERTENSION id="DOC23" time="before DCT" indicator="mention">
      <HYPERTENSION id="H6" start="542" end="554" text="hypertension" time="before DCT" indicator="mention" comment=""/>
      <HYPERTENSION id="H7" start="542" end="554" text="hypertension" time="before DCT" indicator="mention" comment=""/>
      <HYPERTENSION id="H8" start="542" end="554" text="hypertension" time="before DCT" indicator="mention" comment=""/>
    </HYPERTENSION>
    <MEDICATION id="DOC24" time="before DCT" type1="beta blocker" type2="">
      <MEDICATION id="M24" start="946" end="955" text="Toprol-XL" time="before DCT" type1="beta blocker" type2="" comment=""/>
      <MEDICATION id="M25" start="946" end="955" text="Toprol-XL" time="before DCT" type1="beta blocker" type2="" comment=""/>
      <MEDICATION id="M26" start="946" end="956" text="Toprol-XL," time="before DCT" type1="beta blocker" type2="" comment=""/>
    </MEDICATION>
    <MEDICATION id="DOC25" time="during DCT" type1="beta blocker" type2="">
      <MEDICATION id="M27" start="946" end="955" text="Toprol-XL" time="during DCT" type1="beta blocker" type2="" comment=""/>
      <MEDICATION id="M28" start="946" end="955" text="Toprol-XL" time="during DCT" type1="beta blocker" type2="" comment=""/>
      <MEDICATION id="M29" start="946" end="956" text="Toprol-XL," time="during DCT" type1="beta blocker" type2="" comment=""/>
    </MEDICATION>
    <CAD id="DOC26" time="before DCT" indicator="mention">
      <CAD id="C9" start="575" end="599" text=" coronary artery disease" time="before DCT" indicator="mention" comment=""/>
      <CAD id="C10" start="576" end="599" text="coronary artery disease" time="before DCT" indicator="mention" comment=""/>
      <CAD id="C11" start="576" end="600" text="coronary artery disease " time="before DCT" indicator="mention" comment=""/>
    </CAD>
    <PHI id="P0" start="16" end="26" text="2097-05-30" TYPE="DATE"/>
    <PHI id="P1" start="44" end="72" text="ELIZABETHTOWN STATE HOSPITAL" TYPE="HOSPITAL"/>
    <PHI id="P2" start="93" end="105" text="May 30, 2097" TYPE="DATE"/>
    <PHI id="P3" start="113" end="124" text="Verna Cantu" TYPE="PATIENT"/>
    <PHI id="P4" start="125" end="128" text="ESH" TYPE="HOSPITAL"/>
    <PHI id="P5" start="131" end="140" text="033-98-74" TYPE="MEDICALRECORD"/>
    <PHI id="P6" start="172" end="177" text="Verna" TYPE="PATIENT"/>
    <PHI id="P7" start="450" end="452" text="60" TYPE="AGE"/>
    <PHI id="P8" start="1413" end="1427" text="Norma Gonzalez" TYPE="DOCTOR"/>
    <PHI id="P9" start="1439" end="1457" text="Holly Xavia Avalos" TYPE="DOCTOR"/>
    <PHI id="P10" start="1464" end="1483" text="Jackson X. Triplett" TYPE="DOCTOR"/>
    <PHI id="P11" start="1509" end="1521" text="Julie L Cobb" TYPE="DOCTOR"/>
    <PHI id="P12" start="1549" end="1566" text="Norma C. Gonzalez" TYPE="DOCTOR"/>
  </TAGS>
</root>
