<?xml version='1.0' encoding='UTF-8'?>
<root>
  <TEXT><![CDATA[


Record date: 2075-10-17

					

Novolog 3/4-5/5/6	683-51-28

Lantus 20-21 at hs	Xuan, Wendy

Neoral 100/100 mg bid 

CellCept 1000 mg bid 

Lopressor 12.5 mg bid

Lipitor 10 mg qd

Neurontin 600/600/1200 mg tid

Tums 200 mg ii bid 

Prilosec 20 mg bid

MVI i bid

ASA 325 mg qd

Quinine Sulfate 260 mg at hs

Bilberry to help with night vision - from acupuncturist

Flax Seed Oil ii qd



October 17, 2075



Interim History:	

Comes to review her medical problems.

Has been feeling well. 



Home Blood Tests:  Records downloaded from meter with little detail and somewhat scattered BS.

B 	57-448

L	71-222

S	101-254

HS	163-399

No food records. No severe hypoglycemia. Has had a couple of nocturnal reactions. There are not enough data points to determine whether the Lantus dose is appropriate.



Retinopathy:	Saw Dr. Aragon over the spring. Has had extensive laser in the past, and had some last year OS after her surgery.

Nephropathy:	Her creatinine was stable at 1.3 in July

Neuropathy:	Feet are not bothering her. Sometimes has a peculiar diffuse tingling sensation precipitated by motion. 

Cardiac:	No chest pain. No unusual dyspnea on exertion. Has been able to exercise in the gym twice a week, walking steadily at a pretty fast pace for an hour. 

Vascular:	No claudication



Past Medical History: 

Medications: no significant changes

Immunizations. Has not had flu shot yet this year. Had the second of hepatitis A series in L deltoid today.



Review of Systems: above

Breast: Saw Dr. Bruce a few weeks ago. Ultrasound showed what is being interpreted as a stable slightly enlarge intramammary lymph node. She find the lower part of the sternotomy scar to be very uncomfortable in most bras and wants to consider whether it can be improved.

Gyn: Overdue to see Yareli Kilgore; she will make the appointment.

Skin: Has noted some crusting lesions on her scalp.



Physical Exam:	

Looks well. In very good spirits. Jake is with her.

BP:   134/80		P:   72	Seated

BP:   116/76		P:   76	Standing

Wt:   168 without shoes, stable

HEENT:	Anicteric. 

Carotids:	Normal pulses, without bruits

Chest:	Clear to percussion and auscultation

	There is a small keloid at the inferior portion of the median sternotomy scar

Heart:	Normal S1; physiologic S2.  No gallops.  2/6 systolic ejection murmur

Abdomen:	No hepatosplenomegaly. No masses. No tenderness. No palpable AAA. 

Extremities:	No edema.        DP 1+,=.  PT 1+,=.  No open areas of feet. Has several toe deformities, dystrophic nails and probable onychomycosis.

Skin:	Crusting lesion on scalp



Impressions and Plan:	

Hard to assess control. She is reluctant to keep hand records.

Will try to add an ACE inhibitor again. Start captopril 6.25 mg bid and increase the 12.5 mg bid if tolerated. Check BP at home.

She would like to consider treatment for onychomycosis. Would suggest that Dr. Xie send a paring for fungal culture before we consider it. Also, LFTs were slightly abnormal in July and will need to be repeated. Finally, would have to check medication incompatibilities before proceeding.

Refer to Dr. xia for consideration of modification of her sternotomy scar. Warned her that he may not feel that it is a good idea either on pure surgical grounds on because of her immunosuppression, but it is worth asking his opinion.

Refer to Dr. Keeler for evaluation of scalp lesions.

Flu shot R deltoid with usual preamble. Aventis Fluzone Lot L5317YR. Exp. 7/10/76.

A1c, SGOT, SGPT, alkaline phosphatase, Bili T/D, Electrolytes, BUN/Creatinine 

Electrolytes, BUN/Creatinine again in 1 month if she is taking captopril at that time.



Appointments:	



cc:	Xavier Dotson, M.D.

	Yael Keeler, M.D.

	Ysidro Xia. M.D.

	Transplant Associates





			Yacob T. Kane, M.D., Ph.D.





]]></TEXT>
  <TAGS>
    <MEDICATION id="DOC0" time="after DCT" type1="statin" type2="">
      <MEDICATION id="M0" start="166" end="173" text="Lipitor" time="after DCT" type1="statin" type2="" comment=""/>
      <MEDICATION id="M1" start="166" end="173" text="Lipitor" time="after DCT" type1="statin" type2="" comment=""/>
      <MEDICATION id="M2" start="166" end="173" text="Lipitor" time="after DCT" type1="statin" type2="" comment=""/>
    </MEDICATION>
    <MEDICATION id="DOC1" time="during DCT" type1="aspirin" type2="">
      <MEDICATION id="M3" start="267" end="271" text="ASA " time="during DCT" type1="aspirin" type2="" comment=""/>
      <MEDICATION id="M4" start="267" end="270" text="ASA" time="during DCT" type1="aspirin" type2="" comment=""/>
      <MEDICATION id="M5" start="267" end="270" text="ASA" time="during DCT" type1="aspirin" type2="" comment=""/>
    </MEDICATION>
    <SMOKER id="DOC2" status="unknown">
      <SMOKER id="S0" status="unknown"/>
      <SMOKER id="S1" status="unknown"/>
      <SMOKER id="S2" start="3" end="9" text="Record" status="unknown" comment=""/>
    </SMOKER>
    <MEDICATION id="DOC3" time="after DCT" type1="ACE inhibitor" type2="">
      <MEDICATION id="M6" start="2715" end="2724" text="captopril" time="after DCT" type1="ACE inhibitor" type2="" comment=""/>
      <MEDICATION id="M7" start="2709" end="2724" text="Start captopril" time="after DCT" type1="ACE inhibitor" type2="" comment=""/>
    </MEDICATION>
    <MEDICATION id="DOC4" time="after DCT" type1="aspirin" type2="">
      <MEDICATION id="M8" start="267" end="271" text="ASA " time="after DCT" type1="aspirin" type2="" comment=""/>
      <MEDICATION id="M9" start="267" end="270" text="ASA" time="after DCT" type1="aspirin" type2="" comment=""/>
      <MEDICATION id="M10" start="267" end="270" text="ASA" time="after DCT" type1="aspirin" type2="" comment=""/>
    </MEDICATION>
    <MEDICATION id="DOC5" time="after DCT" type1="insulin" type2="">
      <MEDICATION id="M11" start="35" end="42" text="Novolog" time="after DCT" type1="insulin" type2="" comment=""/>
      <MEDICATION id="M12" start="64" end="71" text="Lantus " time="after DCT" type1="insulin" type2="" comment=""/>
      <MEDICATION id="M13" start="64" end="70" text="Lantus" time="after DCT" type1="insulin" type2="" comment=""/>
      <MEDICATION id="M14" start="35" end="42" text="Novolog" time="after DCT" type1="insulin" type2="" comment=""/>
      <MEDICATION id="M15" start="35" end="43" text="Novolog " time="after DCT" type1="insulin" type2="" comment=""/>
    </MEDICATION>
    <MEDICATION id="DOC6" time="after DCT" type1="beta blocker" type2="">
      <MEDICATION id="M16" start="143" end="153" text="Lopressor " time="after DCT" type1="beta blocker" type2="" comment=""/>
      <MEDICATION id="M17" start="143" end="152" text="Lopressor" time="after DCT" type1="beta blocker" type2="" comment=""/>
      <MEDICATION id="M18" start="143" end="152" text="Lopressor" time="after DCT" type1="beta blocker" type2="" comment=""/>
    </MEDICATION>
    <MEDICATION id="DOC7" time="before DCT" type1="statin" type2="">
      <MEDICATION id="M19" start="166" end="173" text="Lipitor" time="before DCT" type1="statin" type2="" comment=""/>
      <MEDICATION id="M20" start="166" end="173" text="Lipitor" time="before DCT" type1="statin" type2="" comment=""/>
      <MEDICATION id="M21" start="166" end="173" text="Lipitor" time="before DCT" type1="statin" type2="" comment=""/>
    </MEDICATION>
    <MEDICATION id="DOC8" time="during DCT" type1="statin" type2="">
      <MEDICATION id="M22" start="166" end="173" text="Lipitor" time="during DCT" type1="statin" type2="" comment=""/>
      <MEDICATION id="M23" start="166" end="173" text="Lipitor" time="during DCT" type1="statin" type2="" comment=""/>
      <MEDICATION id="M24" start="166" end="173" text="Lipitor" time="during DCT" type1="statin" type2="" comment=""/>
    </MEDICATION>
    <FAMILY_HIST id="DOC9" indicator="not present">
      <FAMILY_HIST id="F0" indicator="not present"/>
      <FAMILY_HIST id="F1" indicator="not present"/>
      <FAMILY_HIST id="F2" indicator="not present"/>
    </FAMILY_HIST>
    <MEDICATION id="DOC10" time="before DCT" type1="aspirin" type2="">
      <MEDICATION id="M25" start="267" end="271" text="ASA " time="before DCT" type1="aspirin" type2="" comment=""/>
      <MEDICATION id="M26" start="267" end="270" text="ASA" time="before DCT" type1="aspirin" type2="" comment=""/>
      <MEDICATION id="M27" start="267" end="270" text="ASA" time="before DCT" type1="aspirin" type2="" comment=""/>
    </MEDICATION>
    <MEDICATION id="DOC11" time="before DCT" type1="insulin" type2="">
      <MEDICATION id="M28" start="35" end="42" text="Novolog" time="before DCT" type1="insulin" type2="" comment=""/>
      <MEDICATION id="M29" start="64" end="71" text="Lantus " time="before DCT" type1="insulin" type2="" comment=""/>
      <MEDICATION id="M30" start="64" end="70" text="Lantus" time="before DCT" type1="insulin" type2="" comment=""/>
      <MEDICATION id="M31" start="35" end="42" text="Novolog" time="before DCT" type1="insulin" type2="" comment=""/>
      <MEDICATION id="M32" start="35" end="43" text="Novolog " time="before DCT" type1="insulin" type2="" comment=""/>
    </MEDICATION>
    <MEDICATION id="DOC12" time="during DCT" type1="insulin" type2="">
      <MEDICATION id="M33" start="35" end="42" text="Novolog" time="during DCT" type1="insulin" type2="" comment=""/>
      <MEDICATION id="M34" start="64" end="71" text="Lantus " time="during DCT" type1="insulin" type2="" comment=""/>
      <MEDICATION id="M35" start="64" end="70" text="Lantus" time="during DCT" type1="insulin" type2="" comment=""/>
      <MEDICATION id="M36" start="35" end="42" text="Novolog" time="during DCT" type1="insulin" type2="" comment=""/>
      <MEDICATION id="M37" start="35" end="43" text="Novolog " time="during DCT" type1="insulin" type2="" comment=""/>
    </MEDICATION>
    <MEDICATION id="DOC13" time="before DCT" type1="beta blocker" type2="">
      <MEDICATION id="M38" start="143" end="153" text="Lopressor " time="before DCT" type1="beta blocker" type2="" comment=""/>
      <MEDICATION id="M39" start="143" end="152" text="Lopressor" time="before DCT" type1="beta blocker" type2="" comment=""/>
      <MEDICATION id="M40" start="143" end="152" text="Lopressor" time="before DCT" type1="beta blocker" type2="" comment=""/>
    </MEDICATION>
    <MEDICATION id="DOC14" time="during DCT" type1="beta blocker" type2="">
      <MEDICATION id="M41" start="143" end="153" text="Lopressor " time="during DCT" type1="beta blocker" type2="" comment=""/>
      <MEDICATION id="M42" start="143" end="152" text="Lopressor" time="during DCT" type1="beta blocker" type2="" comment=""/>
      <MEDICATION id="M43" start="143" end="152" text="Lopressor" time="during DCT" type1="beta blocker" type2="" comment=""/>
    </MEDICATION>
    <PHI id="P0" start="16" end="26" text="2075-10-17" TYPE="DATE"/>
    <PHI id="P1" start="53" end="62" text="683-51-28" TYPE="MEDICALRECORD"/>
    <PHI id="P2" start="83" end="94" text="Xuan, Wendy" TYPE="PATIENT"/>
    <PHI id="P3" start="392" end="408" text="October 17, 2075" TYPE="DATE"/>
    <PHI id="P4" start="829" end="835" text="Aragon" TYPE="DOCTOR"/>
    <PHI id="P5" start="845" end="851" text="spring" TYPE="DATE"/>
    <PHI id="P6" start="985" end="989" text="July" TYPE="DATE"/>
    <PHI id="P7" start="1513" end="1518" text="Bruce" TYPE="DOCTOR"/>
    <PHI id="P8" start="1790" end="1804" text="Yareli Kilgore" TYPE="DOCTOR"/>
    <PHI id="P9" start="1944" end="1948" text="Jake" TYPE="PATIENT"/>
    <PHI id="P10" start="2878" end="2881" text="Xie" TYPE="DOCTOR"/>
    <PHI id="P11" start="2975" end="2979" text="July" TYPE="DATE"/>
    <PHI id="P12" start="3101" end="3104" text="xia" TYPE="DOCTOR"/>
    <PHI id="P13" start="3337" end="3343" text="Keeler" TYPE="DOCTOR"/>
    <PHI id="P14" start="3438" end="3445" text="L5317YR" TYPE="BIOID"/>
    <PHI id="P15" start="3452" end="3459" text="7/10/76" TYPE="DATE"/>
    <PHI id="P16" start="3654" end="3667" text="Xavier Dotson" TYPE="DOCTOR"/>
    <PHI id="P17" start="3676" end="3687" text="Yael Keeler" TYPE="DOCTOR"/>
    <PHI id="P18" start="3696" end="3706" text="Ysidro Xia" TYPE="DOCTOR"/>
    <PHI id="P19" start="3745" end="3758" text="Yacob T. Kane" TYPE="DOCTOR"/>
  </TAGS>
</root>
