<?xml version='1.0' encoding='UTF-8'?>
<root>
  <TEXT><![CDATA[


Record date: 2076-11-21

					

Novolog 3-7 tid	683-51-28

Lantus 19-20 at hs	Xuan, Wendy

Neoral 100/100 mg bid 

CellCept 1000 mg bid 

Lopressor 12.5 mg bid

Captopril 12.5 mg bid

Lipitor 10 mg qd

Neurontin 600/1200 mg bid

Tums 200 mg ii bid (often forgets)

Prilosec 20 mg bid

MVI i bid

ASA 325 mg qd

Quinine Sulfate 260 mg at hs



November 21, 2076



Interim History:	

Comes to review his medical problems.



Hip X-Rays may have shown early degenerative changes. Still has pain from them on a daily basis but it is minor. Has not tried any analgesics, even acetaminophen. 

Shoulders have bothered her for years and she has seen Dr. Baird with diagnosis of adhesive capsulitis. Hands have bothered her in the past but do not currently. 



A1c has been over 9 % and she says that control has not changed. Does not have records but says that she tests about tid.

Retinopathy:	Saw Dr. Aragon a few weeks ago. Now going only yearly. Last laser was about 2.5 years ago. Reports that vision was 20/20 in one eye and 20/25 in the other.

Nephropathy:	Cr was 1.4 in July. Says that transplant clinic wanted her to return a month after the last visit but she did not want to do so. She thinks that it was for follow-up of an elevated WBC. However, her WBC has been normal over the last several visits. 

Neuropathy:	Not consistent with taking the Neurontin, and notes it she misses it.

Cardiac:	No chest pain or unusual dyspnea on exertion. Does feel out of shape if she climbs    100 stairs   .  She is seeing Dr. Dotson in two weeks.  

Vascular:	No claudication



Past Medical History: 

Medications: no changes



Social History: 

Jack has had a UC flair and several other problems recently. Both of his parents have cancer. 

They is thinking of going on a vacation to (high altitude) in Argentina if he is well enough. 



Review of Systems: above





Physical Exam:	

Looks well.

BP:   114/82		P:   72, regular	

Wt:   163 without shoes, down 0.5

HEENT:	Anicteric. 

Carotids:	Normal pulses, without bruits

Chest:	Clear to auscultation

Heart:	Normal S1; paradoxical S2.  .  No gallops.  No murmurs

Abdomen:	No hepatosplenomegaly. No masses. No tenderness. No palpable AAA. 

Extremities:	No edema.        DP 1-2+,=.  PT 2+,=.  No active foot lesions.



Impressions and Plan:	

Hard to refine her diabetes control without more data.

No specific indication of recurrent problems with coronary artery disease, but she seems worried about the dyspnea on exertion which she experiences and so will try to clear the air with ETT. ETT with sestamibi.

Try to get flu shot locally.  If unsuccessful, call here every few weeks to see whether we have them. 

Mammograms

A1c, TSH, Electrolytes, BUN/Creatinine



Appointments:	4 months



cc:	Xavier Dotson, M.D.

	Transplant Clinic





			Yacob T. Kane, M.D., Ph.D.

      



]]></TEXT>
  <TAGS>
    <MEDICATION id="DOC0" time="during DCT" type1="ACE inhibitor" type2="">
      <MEDICATION id="M0" start="164" end="173" text="Captopril" time="during DCT" type1="ACE inhibitor" type2="" comment=""/>
      <MEDICATION id="M1" start="164" end="173" text="Captopril" time="during DCT" type1="ACE inhibitor" type2="" comment=""/>
      <MEDICATION id="M2" start="164" end="174" text="Captopril " time="during DCT" type1="ACE inhibitor" type2="" comment=""/>
    </MEDICATION>
    <MEDICATION id="DOC1" time="after DCT" type1="statin" type2="">
      <MEDICATION id="M3" start="187" end="194" text="Lipitor" time="after DCT" type1="statin" type2="" comment=""/>
      <MEDICATION id="M4" start="187" end="194" text="Lipitor" time="after DCT" type1="statin" type2="" comment=""/>
      <MEDICATION id="M5" start="187" end="194" text="Lipitor" time="after DCT" type1="statin" type2="" comment=""/>
    </MEDICATION>
    <MEDICATION id="DOC2" time="during DCT" type1="aspirin" type2="">
      <MEDICATION id="M6" start="299" end="303" text="ASA " time="during DCT" type1="aspirin" type2="" comment=""/>
      <MEDICATION id="M7" start="299" end="302" text="ASA" time="during DCT" type1="aspirin" type2="" comment=""/>
      <MEDICATION id="M8" start="299" end="302" text="ASA" time="during DCT" type1="aspirin" type2="" comment=""/>
    </MEDICATION>
    <DIABETES id="DOC3" time="before DCT" indicator="A1C">
      <DIABETES id="D0" start="758" end="779" text="A1c has been over 9 %" time="before DCT" indicator="A1C" comment=""/>
      <DIABETES id="D1" start="758" end="779" text="A1c has been over 9 %" time="before DCT" indicator="A1C" comment=""/>
      <DIABETES id="D2" start="757" end="779" text=" A1c has been over 9 %" time="before DCT" indicator="A1C" comment=""/>
    </DIABETES>
    <MEDICATION id="DOC4" time="after DCT" type1="ACE inhibitor" type2="">
      <MEDICATION id="M9" start="164" end="173" text="Captopril" time="after DCT" type1="ACE inhibitor" type2="" comment=""/>
      <MEDICATION id="M10" start="164" end="173" text="Captopril" time="after DCT" type1="ACE inhibitor" type2="" comment=""/>
      <MEDICATION id="M11" start="164" end="174" text="Captopril " time="after DCT" type1="ACE inhibitor" type2="" comment=""/>
    </MEDICATION>
    <DIABETES id="DOC5" time="during DCT" indicator="mention">
      <DIABETES id="D3" start="2324" end="2332" text="diabetes" time="during DCT" indicator="mention" comment=""/>
      <DIABETES id="D4" start="35" end="42" text="Novolog" time="during DCT" indicator="mention" comment=""/>
    </DIABETES>
    <MEDICATION id="DOC6" time="after DCT" type1="aspirin" type2="">
      <MEDICATION id="M12" start="299" end="303" text="ASA " time="after DCT" type1="aspirin" type2="" comment=""/>
      <MEDICATION id="M13" start="299" end="302" text="ASA" time="after DCT" type1="aspirin" type2="" comment=""/>
      <MEDICATION id="M14" start="299" end="302" text="ASA" time="after DCT" type1="aspirin" type2="" comment=""/>
    </MEDICATION>
    <MEDICATION id="DOC7" time="after DCT" type1="insulin" type2="">
      <MEDICATION id="M15" start="35" end="42" text="Novolog" time="after DCT" type1="insulin" type2="" comment=""/>
      <MEDICATION id="M16" start="62" end="68" text="Lantus" time="after DCT" type1="insulin" type2="" comment=""/>
      <MEDICATION id="M17" start="35" end="42" text="Novolog" time="after DCT" type1="insulin" type2="" comment=""/>
      <MEDICATION id="M18" start="62" end="68" text="Lantus" time="after DCT" type1="insulin" type2="" comment=""/>
      <MEDICATION id="M19" start="35" end="42" text="Novolog" time="after DCT" type1="insulin" type2="" comment=""/>
    </MEDICATION>
    <MEDICATION id="DOC8" time="after DCT" type1="beta blocker" type2="">
      <MEDICATION id="M20" start="141" end="150" text="Lopressor" time="after DCT" type1="beta blocker" type2="" comment=""/>
      <MEDICATION id="M21" start="141" end="150" text="Lopressor" time="after DCT" type1="beta blocker" type2="" comment=""/>
      <MEDICATION id="M22" start="141" end="150" text="Lopressor" time="after DCT" type1="beta blocker" type2="" comment=""/>
    </MEDICATION>
    <SMOKER id="DOC9" status="unknown">
      <SMOKER id="S0" status="unknown"/>
      <SMOKER id="S1" status="unknown"/>
      <SMOKER id="S2" start="1631" end="1637" text="Social" status="unknown" comment=""/>
    </SMOKER>
    <DIABETES id="DOC10" time="before DCT" indicator="mention">
      <DIABETES id="D5" start="2324" end="2332" text="diabetes" time="before DCT" indicator="mention" comment=""/>
      <DIABETES id="D6" start="35" end="42" text="Novolog" time="before DCT" indicator="mention" comment=""/>
    </DIABETES>
    <MEDICATION id="DOC11" time="before DCT" type1="statin" type2="">
      <MEDICATION id="M23" start="187" end="194" text="Lipitor" time="before DCT" type1="statin" type2="" comment=""/>
      <MEDICATION id="M24" start="187" end="194" text="Lipitor" time="before DCT" type1="statin" type2="" comment=""/>
      <MEDICATION id="M25" start="187" end="194" text="Lipitor" time="before DCT" type1="statin" type2="" comment=""/>
    </MEDICATION>
    <MEDICATION id="DOC12" time="during DCT" type1="statin" type2="">
      <MEDICATION id="M26" start="187" end="194" text="Lipitor" time="during DCT" type1="statin" type2="" comment=""/>
      <MEDICATION id="M27" start="187" end="194" text="Lipitor" time="during DCT" type1="statin" type2="" comment=""/>
      <MEDICATION id="M28" start="187" end="194" text="Lipitor" time="during DCT" type1="statin" type2="" comment=""/>
    </MEDICATION>
    <FAMILY_HIST id="DOC13" indicator="not present">
      <FAMILY_HIST id="F0" indicator="not present"/>
      <FAMILY_HIST id="F1" indicator="not present"/>
      <FAMILY_HIST id="F2" indicator="not present"/>
    </FAMILY_HIST>
    <MEDICATION id="DOC14" time="before DCT" type1="ACE inhibitor" type2="">
      <MEDICATION id="M29" start="164" end="173" text="Captopril" time="before DCT" type1="ACE inhibitor" type2="" comment=""/>
      <MEDICATION id="M30" start="164" end="173" text="Captopril" time="before DCT" type1="ACE inhibitor" type2="" comment=""/>
      <MEDICATION id="M31" start="164" end="174" text="Captopril " time="before DCT" type1="ACE inhibitor" type2="" comment=""/>
    </MEDICATION>
    <MEDICATION id="DOC15" time="before DCT" type1="aspirin" type2="">
      <MEDICATION id="M32" start="299" end="303" text="ASA " time="before DCT" type1="aspirin" type2="" comment=""/>
      <MEDICATION id="M33" start="299" end="302" text="ASA" time="before DCT" type1="aspirin" type2="" comment=""/>
      <MEDICATION id="M34" start="299" end="302" text="ASA" time="before DCT" type1="aspirin" type2="" comment=""/>
    </MEDICATION>
    <MEDICATION id="DOC16" time="before DCT" type1="insulin" type2="">
      <MEDICATION id="M35" start="35" end="42" text="Novolog" time="before DCT" type1="insulin" type2="" comment=""/>
      <MEDICATION id="M36" start="62" end="68" text="Lantus" time="before DCT" type1="insulin" type2="" comment=""/>
      <MEDICATION id="M37" start="35" end="42" text="Novolog" time="before DCT" type1="insulin" type2="" comment=""/>
      <MEDICATION id="M38" start="62" end="68" text="Lantus" time="before DCT" type1="insulin" type2="" comment=""/>
      <MEDICATION id="M39" start="35" end="42" text="Novolog" time="before DCT" type1="insulin" type2="" comment=""/>
    </MEDICATION>
    <MEDICATION id="DOC17" time="during DCT" type1="insulin" type2="">
      <MEDICATION id="M40" start="35" end="42" text="Novolog" time="during DCT" type1="insulin" type2="" comment=""/>
      <MEDICATION id="M41" start="62" end="68" text="Lantus" time="during DCT" type1="insulin" type2="" comment=""/>
      <MEDICATION id="M42" start="35" end="42" text="Novolog" time="during DCT" type1="insulin" type2="" comment=""/>
      <MEDICATION id="M43" start="62" end="68" text="Lantus" time="during DCT" type1="insulin" type2="" comment=""/>
      <MEDICATION id="M44" start="35" end="42" text="Novolog" time="during DCT" type1="insulin" type2="" comment=""/>
    </MEDICATION>
    <MEDICATION id="DOC18" time="before DCT" type1="beta blocker" type2="">
      <MEDICATION id="M45" start="141" end="150" text="Lopressor" time="before DCT" type1="beta blocker" type2="" comment=""/>
      <MEDICATION id="M46" start="141" end="150" text="Lopressor" time="before DCT" type1="beta blocker" type2="" comment=""/>
      <MEDICATION id="M47" start="141" end="150" text="Lopressor" time="before DCT" type1="beta blocker" type2="" comment=""/>
    </MEDICATION>
    <MEDICATION id="DOC19" time="during DCT" type1="beta blocker" type2="">
      <MEDICATION id="M48" start="141" end="150" text="Lopressor" time="during DCT" type1="beta blocker" type2="" comment=""/>
      <MEDICATION id="M49" start="141" end="150" text="Lopressor" time="during DCT" type1="beta blocker" type2="" comment=""/>
      <MEDICATION id="M50" start="141" end="150" text="Lopressor" time="during DCT" type1="beta blocker" type2="" comment=""/>
    </MEDICATION>
    <DIABETES id="DOC20" time="after DCT" indicator="mention">
      <DIABETES id="D7" start="2324" end="2332" text="diabetes" time="after DCT" indicator="mention" comment=""/>
      <DIABETES id="D8" start="35" end="42" text="Novolog" time="after DCT" indicator="mention" comment=""/>
    </DIABETES>
    <PHI id="P0" start="16" end="26" text="2076-11-21" TYPE="DATE"/>
    <PHI id="P1" start="51" end="60" text="683-51-28" TYPE="MEDICALRECORD"/>
    <PHI id="P2" start="81" end="92" text="Xuan, Wendy" TYPE="PATIENT"/>
    <PHI id="P3" start="346" end="363" text="November 21, 2076" TYPE="DATE"/>
    <PHI id="P4" start="651" end="656" text="Baird" TYPE="DOCTOR"/>
    <PHI id="P5" start="902" end="908" text="Aragon" TYPE="DOCTOR"/>
    <PHI id="P6" start="1078" end="1082" text="July" TYPE="DATE"/>
    <PHI id="P7" start="1527" end="1533" text="Dotson" TYPE="DOCTOR"/>
    <PHI id="P8" start="1649" end="1653" text="Jack" TYPE="PATIENT"/>
    <PHI id="P9" start="1807" end="1816" text="Argentina" TYPE="COUNTRY"/>
    <PHI id="P10" start="2762" end="2775" text="Xavier Dotson" TYPE="DOCTOR"/>
    <PHI id="P11" start="2810" end="2823" text="Yacob T. Kane" TYPE="DOCTOR"/>
  </TAGS>
</root>
