<?xml version='1.0' encoding='UTF-8'?>
<root>
  <TEXT><![CDATA[


Record date: 2082-12-02


Quindarrius is a 72 y/o male who c/o chills, hot flashes, night sweats; Better with ASA(?). x 3-4 days.
Pulm- No cough.  No wheeze. Stable SOB.
Cor- No chest pain.    No   palpitations.  No  lighthead.  No  PND.  No orthopnea.  No claudication.  No  edema.  
GI- nothing new. gassy. No nausea.  No   vomitting. No   dyspepsia.  No   reflux.  No  abdo pain.  No  diarrhea.  No  constipation.  No  melena.  No  BRBPR.
Neuro- with headache.  No  vision change.  NO   hearing change.  No  numbness.  No   tingling.  No  loss of strength. No seizures.  No  loss of balance.
FBS- high 100s


NO bleeding.
Feels weak.


Medications
Alprazolam 0.5 MG (0.5MG TABLET Take 1) PO BID PRN #60 Tablet(s)
Clindamycin 1% GEL 1 APPLICATION TOP BID , Apply a thin film. #1 Month(s) Supply
Derma-smoothe/fs (FLUOCINOLONE 0.01% IN OIL) 1 APPLICATION (0.01% OIL ) TOP as directed , apply qhs wash off qam #1 Bottle(s)
Furosemide 20 MG (20MG TABLET Take 1) PO QD #90 Tablet(s)
Lisinopril 10 MG (10MG TABLET Take 1) PO QD #90 Tablet(s)
Lopressor (METOPROLOL TARTRATE) 50 MG (50MG TABLET Take 1) PO TID #270 Tablet(s)
Metformin 2000 MG (500MG TABLET Take 4 Tablet(s)) PO 2 tabs BID , for blood sugar #120 Tablet(s)
Simvastatin 5 MG (5MG TABLET Take 1) PO QHS, 3D/Week #45 Tablet(s)
Warfarin SODIUM 5 MG (5MG TABLET Take 1) PO QPM , Take along w/ one 1mg tab for total of 7 mg QD #60 Tablet(s)
Warfarin SODIUM 1MG TABLET PO QPM , Takes 2=one tab along w/ 5MG tab for total of 6 mg daily. #135 Tablet(s)


Problems
Coronary artery disease : CABG x2 vessels, 2/78.
Aortic stenosis : AVR 2/78/Dr Bonilla
Diabetes mellitus : Dr Ayala-Skiff
Atrial fibrillation 
Spinal stenosis : C3-4;C5-6; C7-T1


Allergies
NKA 


Vital Signs
BP 108/62, P 93, Temp 98.2 F, Wt 200 lb
O2 SAT 96 
WD,WN,NAD


Head- no tender

M&amp;T- lips and gums unremarkable.  Moist; no erythema; no exudate; no lesions
Neck- reduced ROM-stable.   No JVD.  No bruit.  No LAN.  No thyromegaly
Cor- irreg rhyhm. S1S2 normal. No  gallop.  No  rub.   NO murmer.
Pulm-  NO accessory muscle use. Percussion- normal.  Palpation-normal. Auscultation-clear. 
Abdo- normal BS;soft with no HSM.  No mass.  No  tenderness
Ext- no edema.


Results11/12/2082 [1] NA 136 [2],  K 4.6,  BUN 19,  CRE 0.8,  EGFR 101.0 [3],  GLU 112 (H)[1] SPECIMEN COMMENT: Unless otherwise noted, Test performed at Saline Community Hospital, 05 Pluto Street, Oconto Falls, ME 25677, Christopher Leslie, MD, PHD, Laboratory Medical DirectorCBC SENT TO HRMC[2] RESULT COMMENT: RV=REPEATED AND VERIFIED[3] RESULT COMMENT: (Abnormal if &lt;60 mL/min/1.73m2  If patient is black multiply by 1.21)11/12/2082 [1] ALT/SGPT 26,  AST/SGOT 19[1] SPECIMEN COMMENT: Unless otherwise noted, Test performed at Saline Community Hospital, 46 Pluto Street, Oconto Falls, ME 25677, Christopher Leslie, MD, PHD, Laboratory Medical DirectorCBC SENT TO HRMC11/12/2082 [1] CK 78[1] SPECIMEN COMMENT: Unless otherwise noted, Test performed at Saline Community Hospital, 70 Pluto Street, Oconto Falls, ME 25677, Christopher Leslie, MD, PHD, Laboratory Medical DirectorCBC SENT TO HRMC11/12/2082 [1] CHOL 133 (L) [2],  TRIG 161,  HDL 48,  LDLCAL 52.8,  VLDL 32,  CHOL/HDL 2.8[1] SPECIMEN COMMENT: Unless otherwise noted, Test performed at Saline Community Hospital, 75 Pluto Street, Oconto Falls, ME 25677, Christopher Leslie, MD, PHD, Laboratory Medical DirectorCBC SENT TO HRMC[2] RESULT COMMENT: RV=REPEATED AND VERIFIED11/12/2082 WBC 7.43,  RBC 4.32 (*#),  HGB 12.9 (*#),  HCT 38.1 (*#),  MCV 88.2,  MCH 29.8,  MCHC 33.8,  PLT 208 (#)11/12/2082 RDW 13.4



ASS;Anxiety?
Anemia


P- Take alprazolam BID.
CBC,Fe/IBC, B 12, Folate,HgB A1C,UA.
f/u 1 mon
Skiff 12/03.








 



]]></TEXT>
  <TAGS>
    <MEDICATION id="DOC0" time="during DCT" type1="ACE inhibitor" type2="">
      <MEDICATION id="M0" start="984" end="994" text="Lisinopril" time="during DCT" type1="ACE inhibitor" type2="" comment=""/>
      <MEDICATION id="M1" start="984" end="994" text="Lisinopril" time="during DCT" type1="ACE inhibitor" type2="" comment=""/>
      <MEDICATION id="M2" start="984" end="994" text="Lisinopril" time="during DCT" type1="ACE inhibitor" type2="" comment=""/>
    </MEDICATION>
    <MEDICATION id="DOC1" time="after DCT" type1="statin" type2="">
      <MEDICATION id="M3" start="1220" end="1231" text="Simvastatin" time="after DCT" type1="statin" type2="" comment=""/>
      <MEDICATION id="M4" start="1220" end="1231" text="Simvastatin" time="after DCT" type1="statin" type2="" comment=""/>
      <MEDICATION id="M5" start="1220" end="1231" text="Simvastatin" time="after DCT" type1="statin" type2="" comment=""/>
    </MEDICATION>
    <MEDICATION id="DOC2" time="after DCT" type1="metformin" type2="">
      <MEDICATION id="M6" start="1123" end="1132" text="Metformin" time="after DCT" type1="metformin" type2="" comment=""/>
      <MEDICATION id="M7" start="1123" end="1132" text="Metformin" time="after DCT" type1="metformin" type2="" comment=""/>
      <MEDICATION id="M8" start="1123" end="1132" text="Metformin" time="after DCT" type1="metformin" type2="" comment=""/>
    </MEDICATION>
    <MEDICATION id="DOC3" time="during DCT" type1="metformin" type2="">
      <MEDICATION id="M9" start="1123" end="1132" text="Metformin" time="during DCT" type1="metformin" type2="" comment=""/>
      <MEDICATION id="M10" start="1123" end="1132" text="Metformin" time="during DCT" type1="metformin" type2="" comment=""/>
      <MEDICATION id="M11" start="1123" end="1132" text="Metformin" time="during DCT" type1="metformin" type2="" comment=""/>
    </MEDICATION>
    <DIABETES id="DOC4" time="before DCT" indicator="mention">
      <DIABETES id="D0" start="1605" end="1613" text="Diabetes" time="before DCT" indicator="mention" comment=""/>
      <DIABETES id="D1" start="1605" end="1622" text="Diabetes mellitus" time="before DCT" indicator="mention" comment=""/>
      <DIABETES id="D2" start="1605" end="1622" text="Diabetes mellitus" time="before DCT" indicator="mention" comment=""/>
    </DIABETES>
    <MEDICATION id="DOC5" time="after DCT" type1="ACE inhibitor" type2="">
      <MEDICATION id="M12" start="984" end="994" text="Lisinopril" time="after DCT" type1="ACE inhibitor" type2="" comment=""/>
      <MEDICATION id="M13" start="984" end="994" text="Lisinopril" time="after DCT" type1="ACE inhibitor" type2="" comment=""/>
      <MEDICATION id="M14" start="984" end="994" text="Lisinopril" time="after DCT" type1="ACE inhibitor" type2="" comment=""/>
    </MEDICATION>
    <MEDICATION id="DOC6" time="before DCT" type1="ACE inhibitor" type2="">
      <MEDICATION id="M15" start="984" end="994" text="Lisinopril" time="before DCT" type1="ACE inhibitor" type2="" comment=""/>
      <MEDICATION id="M16" start="984" end="994" text="Lisinopril" time="before DCT" type1="ACE inhibitor" type2="" comment=""/>
      <MEDICATION id="M17" start="984" end="994" text="Lisinopril" time="before DCT" type1="ACE inhibitor" type2="" comment=""/>
    </MEDICATION>
    <DIABETES id="DOC7" time="during DCT" indicator="mention">
      <DIABETES id="D3" start="1605" end="1613" text="Diabetes" time="during DCT" indicator="mention" comment=""/>
      <DIABETES id="D4" start="1605" end="1622" text="Diabetes mellitus" time="during DCT" indicator="mention" comment=""/>
      <DIABETES id="D5" start="1605" end="1622" text="Diabetes mellitus" time="during DCT" indicator="mention" comment=""/>
    </DIABETES>
    <MEDICATION id="DOC8" time="after DCT" type1="beta blocker" type2="">
      <MEDICATION id="M18" start="1042" end="1051" text="Lopressor" time="after DCT" type1="beta blocker" type2="" comment=""/>
      <MEDICATION id="M19" start="1042" end="1051" text="Lopressor" time="after DCT" type1="beta blocker" type2="" comment=""/>
      <MEDICATION id="M20" start="1042" end="1051" text="Lopressor" time="after DCT" type1="beta blocker" type2="" comment=""/>
    </MEDICATION>
    <SMOKER id="DOC9" status="unknown">
      <SMOKER id="S0" start="3" end="9" text="Record" status="unknown" comment=""/>
      <SMOKER id="S1" status="unknown"/>
      <SMOKER id="S2" status="unknown"/>
    </SMOKER>
    <CAD id="DOC10" time="after DCT" indicator="mention">
      <CAD id="C0" start="1518" end="1541" text="Coronary artery disease" time="after DCT" indicator="mention" comment=""/>
      <CAD id="C1" start="1518" end="1541" text="Coronary artery disease" time="after DCT" indicator="mention" comment=""/>
      <CAD id="C2" start="1518" end="1541" text="Coronary artery disease" time="after DCT" indicator="mention" comment=""/>
    </CAD>
    <MEDICATION id="DOC11" time="before DCT" type1="statin" type2="">
      <MEDICATION id="M21" start="1220" end="1231" text="Simvastatin" time="before DCT" type1="statin" type2="" comment=""/>
      <MEDICATION id="M22" start="1220" end="1231" text="Simvastatin" time="before DCT" type1="statin" type2="" comment=""/>
      <MEDICATION id="M23" start="1220" end="1231" text="Simvastatin" time="before DCT" type1="statin" type2="" comment=""/>
    </MEDICATION>
    <MEDICATION id="DOC12" time="during DCT" type1="statin" type2="">
      <MEDICATION id="M24" start="1220" end="1231" text="Simvastatin" time="during DCT" type1="statin" type2="" comment=""/>
      <MEDICATION id="M25" start="1220" end="1231" text="Simvastatin" time="during DCT" type1="statin" type2="" comment=""/>
      <MEDICATION id="M26" start="1220" end="1231" text="Simvastatin" time="during DCT" type1="statin" type2="" comment=""/>
    </MEDICATION>
    <MEDICATION id="DOC13" time="before DCT" type1="metformin" type2="">
      <MEDICATION id="M27" start="1123" end="1132" text="Metformin" time="before DCT" type1="metformin" type2="" comment=""/>
      <MEDICATION id="M28" start="1123" end="1132" text="Metformin" time="before DCT" type1="metformin" type2="" comment=""/>
      <MEDICATION id="M29" start="1123" end="1132" text="Metformin" time="before DCT" type1="metformin" type2="" comment=""/>
    </MEDICATION>
    <FAMILY_HIST id="DOC14" indicator="not present">
      <FAMILY_HIST id="F0" indicator="not present"/>
      <FAMILY_HIST id="F1" indicator="not present"/>
      <FAMILY_HIST id="F2" indicator="not present"/>
    </FAMILY_HIST>
    <CAD id="DOC15" time="during DCT" indicator="mention">
      <CAD id="C3" start="1518" end="1541" text="Coronary artery disease" time="during DCT" indicator="mention" comment=""/>
      <CAD id="C4" start="1518" end="1541" text="Coronary artery disease" time="during DCT" indicator="mention" comment=""/>
      <CAD id="C5" start="1518" end="1541" text="Coronary artery disease" time="during DCT" indicator="mention" comment=""/>
    </CAD>
    <MEDICATION id="DOC16" time="before DCT" type1="aspirin" type2="">
      <MEDICATION id="M30" start="113" end="116" text="ASA" time="before DCT" type1="aspirin" type2="" comment=""/>
      <MEDICATION id="M31" start="113" end="116" text="ASA" time="before DCT" type1="aspirin" type2="" comment=""/>
    </MEDICATION>
    <DIABETES id="DOC17" time="after DCT" indicator="mention">
      <DIABETES id="D6" start="1605" end="1613" text="Diabetes" time="after DCT" indicator="mention" comment=""/>
      <DIABETES id="D7" start="1605" end="1622" text="Diabetes mellitus" time="after DCT" indicator="mention" comment=""/>
      <DIABETES id="D8" start="1605" end="1622" text="Diabetes mellitus" time="after DCT" indicator="mention" comment=""/>
    </DIABETES>
    <CAD id="DOC18" time="before DCT" indicator="event">
      <CAD id="C6" start="1544" end="1548" text="CABG" time="before DCT" indicator="event" comment=""/>
      <CAD id="C7" start="1544" end="1559" text="CABG x2 vessels" time="before DCT" indicator="event" comment=""/>
      <CAD id="C8" start="1544" end="1559" text="CABG x2 vessels" time="before DCT" indicator="event" comment=""/>
    </CAD>
    <MEDICATION id="DOC19" time="before DCT" type1="beta blocker" type2="">
      <MEDICATION id="M32" start="1042" end="1051" text="Lopressor" time="before DCT" type1="beta blocker" type2="" comment=""/>
      <MEDICATION id="M33" start="1042" end="1051" text="Lopressor" time="before DCT" type1="beta blocker" type2="" comment=""/>
      <MEDICATION id="M34" start="1042" end="1051" text="Lopressor" time="before DCT" type1="beta blocker" type2="" comment=""/>
    </MEDICATION>
    <MEDICATION id="DOC20" time="during DCT" type1="beta blocker" type2="">
      <MEDICATION id="M35" start="1042" end="1051" text="Lopressor" time="during DCT" type1="beta blocker" type2="" comment=""/>
      <MEDICATION id="M36" start="1042" end="1051" text="Lopressor" time="during DCT" type1="beta blocker" type2="" comment=""/>
      <MEDICATION id="M37" start="1042" end="1051" text="Lopressor" time="during DCT" type1="beta blocker" type2="" comment=""/>
    </MEDICATION>
    <CAD id="DOC21" time="before DCT" indicator="mention">
      <CAD id="C9" start="1518" end="1541" text="Coronary artery disease" time="before DCT" indicator="mention" comment=""/>
      <CAD id="C10" start="1518" end="1541" text="Coronary artery disease" time="before DCT" indicator="mention" comment=""/>
      <CAD id="C11" start="1518" end="1541" text="Coronary artery disease" time="before DCT" indicator="mention" comment=""/>
    </CAD>
    <PHI id="P0" start="16" end="26" text="2082-12-02" TYPE="DATE"/>
    <PHI id="P1" start="29" end="40" text="Quindarrius" TYPE="PATIENT"/>
    <PHI id="P2" start="46" end="48" text="72" TYPE="AGE"/>
    <PHI id="P3" start="1561" end="1565" text="2/78" TYPE="DATE"/>
    <PHI id="P4" start="1589" end="1593" text="2/78" TYPE="DATE"/>
    <PHI id="P5" start="1597" end="1604" text="Bonilla" TYPE="DOCTOR"/>
    <PHI id="P6" start="1628" end="1633" text="Ayala" TYPE="DOCTOR"/>
    <PHI id="P7" start="1634" end="1639" text="Skiff" TYPE="HOSPITAL"/>
    <PHI id="P8" start="2202" end="2212" text="11/12/2082" TYPE="DATE"/>
    <PHI id="P9" start="2349" end="2374" text="Saline Community Hospital" TYPE="HOSPITAL"/>
    <PHI id="P10" start="2376" end="2391" text="05 Pluto Street" TYPE="STREET"/>
    <PHI id="P11" start="2393" end="2405" text="Oconto Falls" TYPE="CITY"/>
    <PHI id="P12" start="2407" end="2409" text="ME" TYPE="STATE"/>
    <PHI id="P13" start="2410" end="2415" text="25677" TYPE="ZIP"/>
    <PHI id="P14" start="2417" end="2435" text="Christopher Leslie" TYPE="DOCTOR"/>
    <PHI id="P15" start="2485" end="2489" text="HRMC" TYPE="HOSPITAL"/>
    <PHI id="P16" start="2625" end="2635" text="11/12/2082" TYPE="DATE"/>
    <PHI id="P17" start="2729" end="2754" text="Saline Community Hospital" TYPE="HOSPITAL"/>
    <PHI id="P18" start="2756" end="2771" text="46 Pluto Street" TYPE="STREET"/>
    <PHI id="P19" start="2773" end="2785" text="Oconto Falls" TYPE="CITY"/>
    <PHI id="P20" start="2787" end="2789" text="ME" TYPE="STATE"/>
    <PHI id="P21" start="2790" end="2795" text="25677" TYPE="ZIP"/>
    <PHI id="P22" start="2797" end="2815" text="Christopher Leslie" TYPE="DOCTOR"/>
    <PHI id="P23" start="2865" end="2869" text="HRMC" TYPE="HOSPITAL"/>
    <PHI id="P24" start="2869" end="2879" text="11/12/2082" TYPE="DATE"/>
    <PHI id="P25" start="2953" end="2978" text="Saline Community Hospital" TYPE="HOSPITAL"/>
    <PHI id="P26" start="2980" end="2995" text="70 Pluto Street" TYPE="STREET"/>
    <PHI id="P27" start="2997" end="3009" text="Oconto Falls" TYPE="CITY"/>
    <PHI id="P28" start="3011" end="3013" text="ME" TYPE="STATE"/>
    <PHI id="P29" start="3014" end="3019" text="25677" TYPE="ZIP"/>
    <PHI id="P30" start="3021" end="3039" text="Christopher Leslie" TYPE="DOCTOR"/>
    <PHI id="P31" start="3089" end="3093" text="HRMC" TYPE="HOSPITAL"/>
    <PHI id="P32" start="3093" end="3103" text="11/12/2082" TYPE="DATE"/>
    <PHI id="P33" start="3247" end="3272" text="Saline Community Hospital" TYPE="HOSPITAL"/>
    <PHI id="P34" start="3274" end="3289" text="75 Pluto Street" TYPE="STREET"/>
    <PHI id="P35" start="3291" end="3303" text="Oconto Falls" TYPE="CITY"/>
    <PHI id="P36" start="3305" end="3307" text="ME" TYPE="STATE"/>
    <PHI id="P37" start="3308" end="3313" text="25677" TYPE="ZIP"/>
    <PHI id="P38" start="3315" end="3333" text="Christopher Leslie" TYPE="DOCTOR"/>
    <PHI id="P39" start="3383" end="3387" text="HRMC" TYPE="HOSPITAL"/>
    <PHI id="P40" start="3431" end="3441" text="11/12/2082" TYPE="DATE"/>
    <PHI id="P41" start="3546" end="3556" text="11/12/2082" TYPE="DATE"/>
    <PHI id="P42" start="3662" end="3667" text="Skiff" TYPE="HOSPITAL"/>
    <PHI id="P43" start="3668" end="3673" text="12/03" TYPE="DATE"/>
  </TAGS>
</root>
