<?xml version='1.0' encoding='UTF-8'?>
<root>
  <TEXT><![CDATA[


Record date: 2080-05-04

Quin is a 69 y/o male with:
Problems
Coronary artery disease : CABG x2 vessels, 2/78.
Aortic stenosis : AVR 2/78/Dr Bonilla
Diabetes mellitus : Dr Ayala-Skiff
Atrial fibrillation 
Spinal stenosis : C3-4;C5-6; C7-T1
 

Medications
Asa (ACETYLSALICYLIC ACID) 81MG TABLET take 1 Tablet(s) PO QD 
Furosemide 40 MG (40MG TABLET take 1) PO QD 
Metformin 500MG TABLET take 1 Tablet(s) PO 2 am, 1 pm , for blood sugar
Lopressor (METOPROLOL TARTRATE) 50MG TABLET PO TID 
Lisinopril 5MG TABLET take 1 Tablet(s) PO QD 
Digoxin 125MCG TABLET PO QD 
Simvastatin 5MG TABLET PO QHS 
Viagra (SILDENAFIL) 25 MG-50 MG (50MG TABLET ) PO x 1 , Take 1/2-1 tab as directed.
Metrogel 0.75% (METRONIDAZOLE) 1 APPLICATION TOP BID 
Warfarin SODIUM 5 MG (5MG TABLET take 1) PO QPM , Takes total of 6.5 mg QD.
Warfarin SODIUM 1.5 MG (1MG TABLET ) PO QPM , Takes 1.5MG along w/ 5MG tab for total of 6.5 mg daily.
Alprazolam 0.25 MG (0.5MG TABLET take 0.5) PO QHS PRN 

Allergies
NKA 

He has some chronic complaints. Itchy throat and runny nose. No runny, ithcy eyes. 
Cor-  No SOB with walking but with heavy lifting.  No  palpitations.  No lighthead.  No PND.  No orthopnea.  No claudication.  No edema.  No  nausea
Has had chest pain since heart surgery. Not related to activity. Always present. 
Has MIBI schedueld for 5/80. 
2. DM- home gou 120-150.  Followed at Skiff.
Endocrine: No polydipsia,  polyphagia, weight change, sweats,heat intolerance.Stable nocturia x3. GI- No nausea.  No  vomitting. No  dyspepsia.  No  reflux.  No abdo pain.  No diarrhea.  No constipation.  No melena.  No BRBPR.
3. With persistent neck an dright shoulder pain. 
4. Anxious., Verys stressed/tensed. With depression.Memory is not as good. Alprazolam is very helpful. 

Flowsheets
BLOOD PRESSURE 102/70  
PULSE 76  
WEIGHT 203 lb 
WD,WN,NAD

Neck- limited lateral movment.   No JVD.  No bruit.  No LAN.  No thyromegaly
Shoulder- limted ROM right shoulder with pain.
Pulm-  NO accessory muscle use. Percussion- normal.  Palpation-soreness anterior chest. Auscultation-clear. 
Cor- reg rhyhm. S1S2 normal. No gallop.  No rub.  NO murmer.
Abdo- normal BS;soft with no HSM.  No mass.  No tenderness

ASS: Frozen right shoulder.
OA-neck and shoulder
Anxiety/tension/depression

P- ROM exercsies.
Educ re: neck and shoulder. 
Discussed adaptation  ot age change and health problems. 
For now , take alprazolam BID PRN since this seems to be helpful. 
More than 50% of 25 min spent discussing this. 







 




]]></TEXT>
  <TAGS>
    <MEDICATION id="DOC0" time="during DCT" type1="ACE inhibitor" type2="">
      <MEDICATION id="M0" start="490" end="500" text="Lisinopril" time="during DCT" type1="ACE inhibitor" type2="" comment=""/>
      <MEDICATION id="M1" start="490" end="500" text="Lisinopril" time="during DCT" type1="ACE inhibitor" type2="" comment=""/>
      <MEDICATION id="M2" start="490" end="500" text="Lisinopril" time="during DCT" type1="ACE inhibitor" type2="" comment=""/>
    </MEDICATION>
    <MEDICATION id="DOC1" time="after DCT" type1="statin" type2="">
      <MEDICATION id="M3" start="565" end="576" text="Simvastatin" time="after DCT" type1="statin" type2="" comment=""/>
      <MEDICATION id="M4" start="565" end="577" text="Simvastatin " time="after DCT" type1="statin" type2="" comment=""/>
      <MEDICATION id="M5" start="565" end="576" text="Simvastatin" time="after DCT" type1="statin" type2="" comment=""/>
    </MEDICATION>
    <MEDICATION id="DOC2" time="during DCT" type1="aspirin" type2="">
      <MEDICATION id="M6" start="258" end="261" text="Asa" time="during DCT" type1="aspirin" type2="" comment=""/>
      <MEDICATION id="M7" start="258" end="261" text="Asa" time="during DCT" type1="aspirin" type2="" comment=""/>
      <MEDICATION id="M8" start="258" end="261" text="Asa" time="during DCT" type1="aspirin" type2="" comment=""/>
    </MEDICATION>
    <MEDICATION id="DOC3" time="after DCT" type1="metformin" type2="">
      <MEDICATION id="M9" start="366" end="375" text="Metformin" time="after DCT" type1="metformin" type2="" comment=""/>
      <MEDICATION id="M10" start="366" end="375" text="Metformin" time="after DCT" type1="metformin" type2="" comment=""/>
      <MEDICATION id="M11" start="366" end="375" text="Metformin" time="after DCT" type1="metformin" type2="" comment=""/>
    </MEDICATION>
    <MEDICATION id="DOC4" time="during DCT" type1="metformin" type2="">
      <MEDICATION id="M12" start="366" end="375" text="Metformin" time="during DCT" type1="metformin" type2="" comment=""/>
      <MEDICATION id="M13" start="366" end="375" text="Metformin" time="during DCT" type1="metformin" type2="" comment=""/>
      <MEDICATION id="M14" start="366" end="375" text="Metformin" time="during DCT" type1="metformin" type2="" comment=""/>
    </MEDICATION>
    <DIABETES id="DOC5" time="before DCT" indicator="mention">
      <DIABETES id="D0" start="152" end="161" text="Diabetes " time="before DCT" indicator="mention" comment=""/>
      <DIABETES id="D1" start="152" end="169" text="Diabetes mellitus" time="before DCT" indicator="mention" comment=""/>
      <DIABETES id="D2" start="1332" end="1334" text="DM" time="before DCT" indicator="mention" comment=""/>
      <DIABETES id="D3" start="152" end="169" text="Diabetes mellitus" time="before DCT" indicator="mention" comment=""/>
    </DIABETES>
    <MEDICATION id="DOC6" time="after DCT" type1="ACE inhibitor" type2="">
      <MEDICATION id="M15" start="490" end="500" text="Lisinopril" time="after DCT" type1="ACE inhibitor" type2="" comment=""/>
      <MEDICATION id="M16" start="490" end="500" text="Lisinopril" time="after DCT" type1="ACE inhibitor" type2="" comment=""/>
      <MEDICATION id="M17" start="490" end="500" text="Lisinopril" time="after DCT" type1="ACE inhibitor" type2="" comment=""/>
    </MEDICATION>
    <MEDICATION id="DOC7" time="before DCT" type1="ACE inhibitor" type2="">
      <MEDICATION id="M18" start="490" end="500" text="Lisinopril" time="before DCT" type1="ACE inhibitor" type2="" comment=""/>
      <MEDICATION id="M19" start="490" end="500" text="Lisinopril" time="before DCT" type1="ACE inhibitor" type2="" comment=""/>
      <MEDICATION id="M20" start="490" end="500" text="Lisinopril" time="before DCT" type1="ACE inhibitor" type2="" comment=""/>
    </MEDICATION>
    <DIABETES id="DOC8" time="during DCT" indicator="mention">
      <DIABETES id="D4" start="152" end="161" text="Diabetes " time="during DCT" indicator="mention" comment=""/>
      <DIABETES id="D5" start="152" end="169" text="Diabetes mellitus" time="during DCT" indicator="mention" comment=""/>
      <DIABETES id="D6" start="1332" end="1334" text="DM" time="during DCT" indicator="mention" comment=""/>
      <DIABETES id="D7" start="152" end="169" text="Diabetes mellitus" time="during DCT" indicator="mention" comment=""/>
    </DIABETES>
    <MEDICATION id="DOC9" time="after DCT" type1="aspirin" type2="">
      <MEDICATION id="M21" start="258" end="261" text="Asa" time="after DCT" type1="aspirin" type2="" comment=""/>
      <MEDICATION id="M22" start="258" end="261" text="Asa" time="after DCT" type1="aspirin" type2="" comment=""/>
      <MEDICATION id="M23" start="258" end="261" text="Asa" time="after DCT" type1="aspirin" type2="" comment=""/>
    </MEDICATION>
    <MEDICATION id="DOC10" time="after DCT" type1="beta blocker" type2="">
      <MEDICATION id="M24" start="438" end="447" text="Lopressor" time="after DCT" type1="beta blocker" type2="" comment=""/>
      <MEDICATION id="M25" start="438" end="448" text="Lopressor " time="after DCT" type1="beta blocker" type2="" comment=""/>
      <MEDICATION id="M26" start="438" end="447" text="Lopressor" time="after DCT" type1="beta blocker" type2="" comment=""/>
    </MEDICATION>
    <SMOKER id="DOC11" status="unknown">
      <SMOKER id="S0" start="3" end="9" text="Record" status="unknown" comment=""/>
      <SMOKER id="S1" status="unknown"/>
      <SMOKER id="S2" status="unknown"/>
    </SMOKER>
    <CAD id="DOC12" time="after DCT" indicator="mention">
      <CAD id="C0" start="65" end="88" text="Coronary artery disease" time="after DCT" indicator="mention" comment=""/>
      <CAD id="C1" start="65" end="88" text="Coronary artery disease" time="after DCT" indicator="mention" comment=""/>
      <CAD id="C2" start="65" end="88" text="Coronary artery disease" time="after DCT" indicator="mention" comment=""/>
    </CAD>
    <MEDICATION id="DOC13" time="before DCT" type1="statin" type2="">
      <MEDICATION id="M27" start="565" end="576" text="Simvastatin" time="before DCT" type1="statin" type2="" comment=""/>
      <MEDICATION id="M28" start="565" end="577" text="Simvastatin " time="before DCT" type1="statin" type2="" comment=""/>
      <MEDICATION id="M29" start="565" end="576" text="Simvastatin" time="before DCT" type1="statin" type2="" comment=""/>
    </MEDICATION>
    <MEDICATION id="DOC14" time="during DCT" type1="statin" type2="">
      <MEDICATION id="M30" start="565" end="576" text="Simvastatin" time="during DCT" type1="statin" type2="" comment=""/>
      <MEDICATION id="M31" start="565" end="577" text="Simvastatin " time="during DCT" type1="statin" type2="" comment=""/>
      <MEDICATION id="M32" start="565" end="576" text="Simvastatin" time="during DCT" type1="statin" type2="" comment=""/>
    </MEDICATION>
    <MEDICATION id="DOC15" time="before DCT" type1="metformin" type2="">
      <MEDICATION id="M33" start="366" end="375" text="Metformin" time="before DCT" type1="metformin" type2="" comment=""/>
      <MEDICATION id="M34" start="366" end="375" text="Metformin" time="before DCT" type1="metformin" type2="" comment=""/>
      <MEDICATION id="M35" start="366" end="375" text="Metformin" time="before DCT" type1="metformin" type2="" comment=""/>
    </MEDICATION>
    <FAMILY_HIST id="DOC16" indicator="not present">
      <FAMILY_HIST id="F0" indicator="not present"/>
      <FAMILY_HIST id="F1" indicator="not present"/>
      <FAMILY_HIST id="F2" indicator="not present"/>
    </FAMILY_HIST>
    <CAD id="DOC17" time="during DCT" indicator="mention">
      <CAD id="C3" start="65" end="88" text="Coronary artery disease" time="during DCT" indicator="mention" comment=""/>
      <CAD id="C4" start="65" end="88" text="Coronary artery disease" time="during DCT" indicator="mention" comment=""/>
      <CAD id="C5" start="65" end="88" text="Coronary artery disease" time="during DCT" indicator="mention" comment=""/>
    </CAD>
    <MEDICATION id="DOC18" time="before DCT" type1="aspirin" type2="">
      <MEDICATION id="M36" start="258" end="261" text="Asa" time="before DCT" type1="aspirin" type2="" comment=""/>
      <MEDICATION id="M37" start="258" end="261" text="Asa" time="before DCT" type1="aspirin" type2="" comment=""/>
      <MEDICATION id="M38" start="258" end="261" text="Asa" time="before DCT" type1="aspirin" type2="" comment=""/>
    </MEDICATION>
    <DIABETES id="DOC19" time="after DCT" indicator="mention">
      <DIABETES id="D8" start="152" end="161" text="Diabetes " time="after DCT" indicator="mention" comment=""/>
      <DIABETES id="D9" start="152" end="169" text="Diabetes mellitus" time="after DCT" indicator="mention" comment=""/>
      <DIABETES id="D10" start="1332" end="1334" text="DM" time="after DCT" indicator="mention" comment=""/>
      <DIABETES id="D11" start="152" end="169" text="Diabetes mellitus" time="after DCT" indicator="mention" comment=""/>
    </DIABETES>
    <CAD id="DOC20" time="before DCT" indicator="event">
      <CAD id="C6" start="91" end="95" text="CABG" time="before DCT" indicator="event" comment=""/>
      <CAD id="C7" start="91" end="107" text="CABG x2 vessels," time="before DCT" indicator="event" comment=""/>
      <CAD id="C8" start="91" end="106" text="CABG x2 vessels" time="before DCT" indicator="event" comment=""/>
    </CAD>
    <MEDICATION id="DOC21" time="before DCT" type1="beta blocker" type2="">
      <MEDICATION id="M39" start="438" end="447" text="Lopressor" time="before DCT" type1="beta blocker" type2="" comment=""/>
      <MEDICATION id="M40" start="438" end="448" text="Lopressor " time="before DCT" type1="beta blocker" type2="" comment=""/>
      <MEDICATION id="M41" start="438" end="447" text="Lopressor" time="before DCT" type1="beta blocker" type2="" comment=""/>
    </MEDICATION>
    <MEDICATION id="DOC22" time="during DCT" type1="beta blocker" type2="">
      <MEDICATION id="M42" start="438" end="447" text="Lopressor" time="during DCT" type1="beta blocker" type2="" comment=""/>
      <MEDICATION id="M43" start="438" end="448" text="Lopressor " time="during DCT" type1="beta blocker" type2="" comment=""/>
      <MEDICATION id="M44" start="438" end="447" text="Lopressor" time="during DCT" type1="beta blocker" type2="" comment=""/>
    </MEDICATION>
    <CAD id="DOC23" time="before DCT" indicator="mention">
      <CAD id="C9" start="65" end="88" text="Coronary artery disease" time="before DCT" indicator="mention" comment=""/>
      <CAD id="C10" start="65" end="88" text="Coronary artery disease" time="before DCT" indicator="mention" comment=""/>
      <CAD id="C11" start="65" end="88" text="Coronary artery disease" time="before DCT" indicator="mention" comment=""/>
    </CAD>
    <PHI id="P0" start="16" end="26" text="2080-05-04" TYPE="DATE"/>
    <PHI id="P1" start="28" end="32" text="Quin" TYPE="PATIENT"/>
    <PHI id="P2" start="38" end="40" text="69" TYPE="AGE"/>
    <PHI id="P3" start="108" end="112" text="2/78" TYPE="DATE"/>
    <PHI id="P4" start="136" end="140" text="2/78" TYPE="DATE"/>
    <PHI id="P5" start="144" end="151" text="Bonilla" TYPE="DOCTOR"/>
    <PHI id="P6" start="175" end="180" text="Ayala" TYPE="DOCTOR"/>
    <PHI id="P7" start="181" end="186" text="Skiff" TYPE="HOSPITAL"/>
    <PHI id="P8" start="1322" end="1326" text="5/80" TYPE="DATE"/>
    <PHI id="P9" start="1367" end="1372" text="Skiff" TYPE="HOSPITAL"/>
  </TAGS>
</root>
