<?xml version='1.0' encoding='UTF-8'?>
<root>
  <TEXT><![CDATA[


Record date: 2079-10-13

Quindarrius is a 69 y/o male with:

Problems

Coronary artery disease : CABG x2 vessels, 2/78.

Aortic stenosis : AVR 2/78/Dr Bonilla

Diabetes mellitus : Dr Ayala-Skiff

Atrial fibrillation 

Spinal stenosis : C3-4;C5-6; C7-T1 





Medications

Asa (ACETYLSALICYLIC ACID) 81MG TABLET take 1 Tablet(s) PO QD 

Furosemide 40 MG (40MG TABLET take 1) PO QD 

Metformin 500MG TABLET take 1 Tablet(s) PO 2 am, 1 pm , for blood sugar

Lopressor (METOPROLOL TARTRATE) 50MG TABLET PO TID 

Lisinopril 5MG TABLET take 1 Tablet(s) PO QD 

Digoxin 125MCG TABLET PO QD 

Simvastatin 5MG TABLET PO QHS 

Viagra (SILDENAFIL) 25 MG-50 MG (50MG TABLET ) PO x 1 , Take 1/2-1 tab as directed.

Metrogel 0.75% (METRONIDAZOLE) 1 APPLICATION TOP BID 

Warfarin SODIUM 5 MG (5MG TABLET take 1) PO QPM , Takes total of 5.5 mg QD.

Warfarin SODIUM 0.5 MG (1MG TABLET take 0.5) PO QPM , Takes total of 5.5 mg QD.

Alprazolam 0.25 MG (0.5MG TABLET take 0.5) PO QHS PRN 





Allergies

NKA 



Evaluation of treatment of:

1.Reverted to afib over spring.

Cor- No chest pain.  Occ DOE.  No  palpitations.  No lighthead.  No PND.  No orthopnea.  No claudication.  No edema. 

2. DM well controlled. HgB A1C=6.7 9/79. Eye exam 4/79. 

Endocrine: No polydipsia, polyuria, polyphagia, weight change, sweats,heat intolerance.

LDL=44.

3. Last visit given  Metrogel for rosacea. No change. Needs derm eval and treatmetn of probable actinic keratoses. 

4. C/O occ hoarse. No sore throat. Occ dry. Worse after arguing. NO reflux. Oc dyspepsia. 

No ETOH or cigs. 

5.  GU- no dysuria; no hematuria. No dc. nocturia x 2; NO frequency. NO Hx STD. 

Vital Signs

BP 102/74, P 76, RR 14

WD,WN,NAD

Skin facial erythema. Telangiectasia. With scaley  areas. 

M&T- lips and gums unremarkable. Moist; no erythema; no exudate; no lesions

Neck- supple.  No JVD.  No bruit.  No LAN.  No thyromegaly

Pulm-  NO accessory muscle use. Percussion- normal.  Palpation-normal. Auscultation-clear. 

Cor- irreg rhyhm. S1S2 normal. No gallop.  No rub.  NO murmer.

Abdo- normal BS;soft with no HSM.  No mass.  No tenderness

DRE-sphincter normal. No lesions. Prostate- small, firm, smooth, no nodules. Stool brown-heme neg.

Ext- no edema. PT-+2



ASS: R/O actionicn keratoses

DM-well controlled

Asymp card

Normal prostate exam.



P- 

Cont meds

FLu vaccine given by mne

Appt for screening colonosocopy.

crat,glu,K, INR. 

























 























      



]]></TEXT>
  <TAGS>
    <MEDICATION id="DOC0" time="during DCT" type1="ACE inhibitor" type2="">
      <MEDICATION id="M0" start="511" end="522" text="Lisinopril " time="during DCT" type1="ACE inhibitor" type2="" comment=""/>
      <MEDICATION id="M1" start="511" end="521" text="Lisinopril" time="during DCT" type1="ACE inhibitor" type2="" comment=""/>
      <MEDICATION id="M2" start="511" end="521" text="Lisinopril" time="during DCT" type1="ACE inhibitor" type2="" comment=""/>
    </MEDICATION>
    <MEDICATION id="DOC1" time="after DCT" type1="statin" type2="">
      <MEDICATION id="M3" start="588" end="599" text="Simvastatin" time="after DCT" type1="statin" type2="" comment=""/>
      <MEDICATION id="M4" start="588" end="599" text="Simvastatin" time="after DCT" type1="statin" type2="" comment=""/>
      <MEDICATION id="M5" start="588" end="599" text="Simvastatin" time="after DCT" type1="statin" type2="" comment=""/>
    </MEDICATION>
    <MEDICATION id="DOC2" time="during DCT" type1="aspirin" type2="">
      <MEDICATION id="M6" start="275" end="278" text="Asa" time="during DCT" type1="aspirin" type2="" comment=""/>
      <MEDICATION id="M7" start="275" end="278" text="Asa" time="during DCT" type1="aspirin" type2="" comment=""/>
      <MEDICATION id="M8" start="275" end="278" text="Asa" time="during DCT" type1="aspirin" type2="" comment=""/>
    </MEDICATION>
    <MEDICATION id="DOC3" time="after DCT" type1="metformin" type2="">
      <MEDICATION id="M9" start="385" end="394" text="Metformin" time="after DCT" type1="metformin" type2="" comment=""/>
      <MEDICATION id="M10" start="385" end="394" text="Metformin" time="after DCT" type1="metformin" type2="" comment=""/>
      <MEDICATION id="M11" start="385" end="395" text="Metformin " time="after DCT" type1="metformin" type2="" comment=""/>
    </MEDICATION>
    <MEDICATION id="DOC4" time="during DCT" type1="metformin" type2="">
      <MEDICATION id="M12" start="385" end="394" text="Metformin" time="during DCT" type1="metformin" type2="" comment=""/>
      <MEDICATION id="M13" start="385" end="394" text="Metformin" time="during DCT" type1="metformin" type2="" comment=""/>
      <MEDICATION id="M14" start="385" end="395" text="Metformin " time="during DCT" type1="metformin" type2="" comment=""/>
    </MEDICATION>
    <DIABETES id="DOC5" time="before DCT" indicator="mention">
      <DIABETES id="D0" start="163" end="180" text="Diabetes mellitus" time="before DCT" indicator="mention" comment=""/>
      <DIABETES id="D1" start="1181" end="1183" text="DM" time="before DCT" indicator="mention" comment=""/>
      <DIABETES id="D2" start="2260" end="2262" text="DM" time="before DCT" indicator="mention" comment=""/>
      <DIABETES id="D3" start="163" end="180" text="Diabetes mellitus" time="before DCT" indicator="mention" comment=""/>
      <DIABETES id="D4" start="1181" end="1183" text="DM" time="before DCT" indicator="mention" comment=""/>
      <DIABETES id="D5" start="163" end="172" text="Diabetes " time="before DCT" indicator="mention" comment=""/>
    </DIABETES>
    <MEDICATION id="DOC6" time="after DCT" type1="ACE inhibitor" type2="">
      <MEDICATION id="M15" start="511" end="522" text="Lisinopril " time="after DCT" type1="ACE inhibitor" type2="" comment=""/>
      <MEDICATION id="M16" start="511" end="521" text="Lisinopril" time="after DCT" type1="ACE inhibitor" type2="" comment=""/>
      <MEDICATION id="M17" start="511" end="521" text="Lisinopril" time="after DCT" type1="ACE inhibitor" type2="" comment=""/>
    </MEDICATION>
    <DIABETES id="DOC7" time="during DCT" indicator="mention">
      <DIABETES id="D6" start="163" end="180" text="Diabetes mellitus" time="during DCT" indicator="mention" comment=""/>
      <DIABETES id="D7" start="1181" end="1183" text="DM" time="during DCT" indicator="mention" comment=""/>
      <DIABETES id="D8" start="2260" end="2262" text="DM" time="during DCT" indicator="mention" comment=""/>
      <DIABETES id="D9" start="163" end="180" text="Diabetes mellitus" time="during DCT" indicator="mention" comment=""/>
      <DIABETES id="D10" start="1181" end="1183" text="DM" time="during DCT" indicator="mention" comment=""/>
      <DIABETES id="D11" start="163" end="172" text="Diabetes " time="during DCT" indicator="mention" comment=""/>
    </DIABETES>
    <MEDICATION id="DOC8" time="after DCT" type1="aspirin" type2="">
      <MEDICATION id="M18" start="275" end="278" text="Asa" time="after DCT" type1="aspirin" type2="" comment=""/>
      <MEDICATION id="M19" start="275" end="278" text="Asa" time="after DCT" type1="aspirin" type2="" comment=""/>
      <MEDICATION id="M20" start="275" end="278" text="Asa" time="after DCT" type1="aspirin" type2="" comment=""/>
    </MEDICATION>
    <MEDICATION id="DOC9" time="after DCT" type1="beta blocker" type2="">
      <MEDICATION id="M21" start="458" end="467" text="Lopressor" time="after DCT" type1="beta blocker" type2="" comment=""/>
      <MEDICATION id="M22" start="458" end="467" text="Lopressor" time="after DCT" type1="beta blocker" type2="" comment=""/>
      <MEDICATION id="M23" start="458" end="468" text="Lopressor " time="after DCT" type1="beta blocker" type2="" comment=""/>
    </MEDICATION>
    <SMOKER id="DOC10" status="unknown">
      <SMOKER id="S0" status="unknown"/>
      <SMOKER id="S1" start="3" end="9" text="Record" status="unknown" comment=""/>
    </SMOKER>
    <CAD id="DOC11" time="after DCT" indicator="mention">
      <CAD id="C0" start="74" end="97" text="Coronary artery disease" time="after DCT" indicator="mention" comment=""/>
      <CAD id="C1" start="74" end="97" text="Coronary artery disease" time="after DCT" indicator="mention" comment=""/>
      <CAD id="C2" start="74" end="97" text="Coronary artery disease" time="after DCT" indicator="mention" comment=""/>
    </CAD>
    <DIABETES id="DOC12" time="before DCT" indicator="A1C">
      <DIABETES id="D12" start="1201" end="1212" text="HgB A1C=6.7" time="before DCT" indicator="A1C" comment=""/>
      <DIABETES id="D13" start="1201" end="1212" text="HgB A1C=6.7" time="before DCT" indicator="A1C" comment=""/>
      <DIABETES id="D14" start="1201" end="1212" text="HgB A1C=6.7" time="before DCT" indicator="A1C" comment=""/>
    </DIABETES>
    <MEDICATION id="DOC13" time="before DCT" type1="statin" type2="">
      <MEDICATION id="M24" start="588" end="599" text="Simvastatin" time="before DCT" type1="statin" type2="" comment=""/>
      <MEDICATION id="M25" start="588" end="599" text="Simvastatin" time="before DCT" type1="statin" type2="" comment=""/>
      <MEDICATION id="M26" start="588" end="599" text="Simvastatin" time="before DCT" type1="statin" type2="" comment=""/>
    </MEDICATION>
    <MEDICATION id="DOC14" time="during DCT" type1="statin" type2="">
      <MEDICATION id="M27" start="588" end="599" text="Simvastatin" time="during DCT" type1="statin" type2="" comment=""/>
      <MEDICATION id="M28" start="588" end="599" text="Simvastatin" time="during DCT" type1="statin" type2="" comment=""/>
      <MEDICATION id="M29" start="588" end="599" text="Simvastatin" time="during DCT" type1="statin" type2="" comment=""/>
    </MEDICATION>
    <MEDICATION id="DOC15" time="before DCT" type1="metformin" type2="">
      <MEDICATION id="M30" start="385" end="394" text="Metformin" time="before DCT" type1="metformin" type2="" comment=""/>
      <MEDICATION id="M31" start="385" end="394" text="Metformin" time="before DCT" type1="metformin" type2="" comment=""/>
      <MEDICATION id="M32" start="385" end="395" text="Metformin " time="before DCT" type1="metformin" type2="" comment=""/>
    </MEDICATION>
    <FAMILY_HIST id="DOC16" indicator="not present">
      <FAMILY_HIST id="F0" indicator="not present"/>
      <FAMILY_HIST id="F1" indicator="not present"/>
      <FAMILY_HIST id="F2" indicator="not present"/>
    </FAMILY_HIST>
    <MEDICATION id="DOC17" time="before DCT" type1="ACE inhibitor" type2="">
      <MEDICATION id="M33" start="511" end="522" text="Lisinopril " time="before DCT" type1="ACE inhibitor" type2="" comment=""/>
      <MEDICATION id="M34" start="511" end="521" text="Lisinopril" time="before DCT" type1="ACE inhibitor" type2="" comment=""/>
      <MEDICATION id="M35" start="511" end="521" text="Lisinopril" time="before DCT" type1="ACE inhibitor" type2="" comment=""/>
    </MEDICATION>
    <CAD id="DOC18" time="during DCT" indicator="mention">
      <CAD id="C3" start="74" end="97" text="Coronary artery disease" time="during DCT" indicator="mention" comment=""/>
      <CAD id="C4" start="74" end="97" text="Coronary artery disease" time="during DCT" indicator="mention" comment=""/>
      <CAD id="C5" start="74" end="97" text="Coronary artery disease" time="during DCT" indicator="mention" comment=""/>
    </CAD>
    <MEDICATION id="DOC19" time="before DCT" type1="aspirin" type2="">
      <MEDICATION id="M36" start="275" end="278" text="Asa" time="before DCT" type1="aspirin" type2="" comment=""/>
      <MEDICATION id="M37" start="275" end="278" text="Asa" time="before DCT" type1="aspirin" type2="" comment=""/>
      <MEDICATION id="M38" start="275" end="278" text="Asa" time="before DCT" type1="aspirin" type2="" comment=""/>
    </MEDICATION>
    <CAD id="DOC20" time="before DCT" indicator="mention">
      <CAD id="C6" start="74" end="97" text="Coronary artery disease" time="before DCT" indicator="mention" comment=""/>
      <CAD id="C7" start="74" end="97" text="Coronary artery disease" time="before DCT" indicator="mention" comment=""/>
      <CAD id="C8" start="74" end="97" text="Coronary artery disease" time="before DCT" indicator="mention" comment=""/>
    </CAD>
    <CAD id="DOC21" time="before DCT" indicator="event">
      <CAD id="C9" start="100" end="115" text="CABG x2 vessels" time="before DCT" indicator="event" comment=""/>
      <CAD id="C10" start="100" end="115" text="CABG x2 vessels" time="before DCT" indicator="event" comment=""/>
      <CAD id="C11" start="100" end="104" text="CABG" time="before DCT" indicator="event" comment=""/>
    </CAD>
    <MEDICATION id="DOC22" time="before DCT" type1="beta blocker" type2="">
      <MEDICATION id="M39" start="458" end="467" text="Lopressor" time="before DCT" type1="beta blocker" type2="" comment=""/>
      <MEDICATION id="M40" start="458" end="467" text="Lopressor" time="before DCT" type1="beta blocker" type2="" comment=""/>
      <MEDICATION id="M41" start="458" end="468" text="Lopressor " time="before DCT" type1="beta blocker" type2="" comment=""/>
    </MEDICATION>
    <MEDICATION id="DOC23" time="during DCT" type1="beta blocker" type2="">
      <MEDICATION id="M42" start="458" end="467" text="Lopressor" time="during DCT" type1="beta blocker" type2="" comment=""/>
      <MEDICATION id="M43" start="458" end="467" text="Lopressor" time="during DCT" type1="beta blocker" type2="" comment=""/>
      <MEDICATION id="M44" start="458" end="468" text="Lopressor " time="during DCT" type1="beta blocker" type2="" comment=""/>
    </MEDICATION>
    <DIABETES id="DOC24" time="after DCT" indicator="mention">
      <DIABETES id="D15" start="163" end="180" text="Diabetes mellitus" time="after DCT" indicator="mention" comment=""/>
      <DIABETES id="D16" start="1181" end="1183" text="DM" time="after DCT" indicator="mention" comment=""/>
      <DIABETES id="D17" start="2260" end="2262" text="DM" time="after DCT" indicator="mention" comment=""/>
      <DIABETES id="D18" start="163" end="180" text="Diabetes mellitus" time="after DCT" indicator="mention" comment=""/>
      <DIABETES id="D19" start="1181" end="1183" text="DM" time="after DCT" indicator="mention" comment=""/>
      <DIABETES id="D20" start="163" end="172" text="Diabetes " time="after DCT" indicator="mention" comment=""/>
    </DIABETES>
    <PHI id="P0" start="16" end="26" text="2079-10-13" TYPE="DATE"/>
    <PHI id="P1" start="28" end="39" text="Quindarrius" TYPE="PATIENT"/>
    <PHI id="P2" start="45" end="47" text="69" TYPE="AGE"/>
    <PHI id="P3" start="117" end="121" text="2/78" TYPE="DATE"/>
    <PHI id="P4" start="146" end="150" text="2/78" TYPE="DATE"/>
    <PHI id="P5" start="154" end="161" text="Bonilla" TYPE="DOCTOR"/>
    <PHI id="P6" start="186" end="191" text="Ayala" TYPE="DOCTOR"/>
    <PHI id="P7" start="192" end="197" text="Skiff" TYPE="HOSPITAL"/>
    <PHI id="P8" start="1050" end="1056" text="spring" TYPE="DATE"/>
    <PHI id="P9" start="1213" end="1217" text="9/79" TYPE="DATE"/>
    <PHI id="P10" start="1228" end="1232" text="4/79" TYPE="DATE"/>
  </TAGS>
</root>
