<?xml version='1.0' encoding='UTF-8'?>
<root>
  <TEXT><![CDATA[


Record date: 2070-05-15

78 y o female pt dr olivas at home. special visit to prepare meds for the week end. unfortunately pt does not know why she does not yet have new meds. expects family to deliver them to her later today. Has not taken meds today and does not have lasix, neurontin, protonix.  very anxious, worried about having to be placed in nursing home because cannot do own med preparation, test fingersticks.  says she is having some sob at rest but no doe, orthop, pnd, cp.  ankle swelling is also a little more.



Allergies

* Haldol - Unknown 





Medications

Asa (CHILDRENS) (ACETYLSALICYLIC Acid (C... 81MG, 1 Tablet(s) PO QD

Mvi (MULTIVITAMINS) 1 CAPSULE PO QD

Pericolace (DOCUSATE W/casanthranol) 1 CAPSULE PO QD

AMIODARONE 200MG, 1 Tablet(s) PO QD

Lasix (FUROSEMIDE) 40MG, 1 Tablet(s) PO BID

Premarin (CONJUGATED Estrogens) 0.625MG, 1 Tablet(s) PO QD

Provera (MEDROXYPROGESTERONE) 2.5MG, 1 Tablet(s) PO QD

Celexa (CITALOPRAM) 40MG, 1 Tablet(s) PO QD

ATENOLOL 25MG, 1 Tablet(s) PO QD

Tylenol (ACETAMINOPHEN) 500MG, 2 Tablet(s) PO TID PRN arthritis pain

Advil (IBUPROFEN) 200MG, 1 Tablet(s) PO BID PRN pain not relieved by tylenol

Protonix (PANTOPRAZOLE) 40MG, 1 Tablet(s) PO QD PRN .

Glucophage (METFORMIN) 500MG, 2 Tablet(s) PO BID

Neurontin (GABAPENTIN) 100MG, 2 Capsule(s) PO TID 





Problems

Hypertension 

Osteoarthritis 

Dizziness 

amputation : 3rd left toe

Depression : with psychotic features

Lumbar disc disease : s/p discectomy

Cholecystectomy : s/p open procedure

H/O Atrial fibrillation : vs. atrial tachycardia -- s/p cardioversion 2/68

Diabetes mellitus : type 2

Pulmonary embolism : bilateral; tx'd at Buzan Chiropractic Clinic

Myocardial infarction : NQWMI with inferolateral/apical depressions 5/31/69 - 6/04/69 at Buzan County Clinic; no cath or f/u ETT done there as pt requested conservative management 



O: bp 144/82 r sitting. hr 68 reg rr 20. chest clear, cor no MRG, ext 1-2+ edema, callus on heal improved, no open areas, infection.



A/P: call to castro, message left with daughter re need to get lasix and add to med boxes asap, no message machine working and no answer with alaniz's number. will return 4 days to check on situation with meds. castro will check on patient daily over that time.





_____________________________________________

Kay K. Edge,RNC,ANP



  



]]></TEXT>
  <TAGS>
    <MEDICATION id="DOC0" time="before DCT" type1="beta blocker" type2="">
      <MEDICATION id="M0" start="984" end="992" text="ATENOLOL" time="before DCT" type1="beta blocker" type2="" comment=""/>
      <MEDICATION id="M1" start="984" end="993" text="ATENOLOL " time="before DCT" type1="beta blocker" type2="" comment=""/>
      <MEDICATION id="M2" start="984" end="992" text="ATENOLOL" time="before DCT" type1="beta blocker" type2="" comment=""/>
    </MEDICATION>
    <DIABETES id="DOC1" time="before DCT" indicator="mention">
      <DIABETES id="D0" start="1598" end="1624" text="Diabetes mellitus : type 2" time="before DCT" indicator="mention" comment=""/>
      <DIABETES id="D1" start="1598" end="1607" text="Diabetes " time="before DCT" indicator="mention" comment=""/>
      <DIABETES id="D2" start="1598" end="1624" text="Diabetes mellitus : type 2" time="before DCT" indicator="mention" comment=""/>
    </DIABETES>
    <MEDICATION id="DOC2" time="during DCT" type1="aspirin" type2="">
      <MEDICATION id="M3" start="581" end="584" text="Asa" time="during DCT" type1="aspirin" type2="" comment=""/>
      <MEDICATION id="M4" start="581" end="585" text="Asa " time="during DCT" type1="aspirin" type2="" comment=""/>
      <MEDICATION id="M5" start="581" end="584" text="Asa" time="during DCT" type1="aspirin" type2="" comment=""/>
    </MEDICATION>
    <CAD id="DOC3" time="before DCT" indicator="event">
      <CAD id="C0" start="1693" end="1714" text="Myocardial infarction" time="before DCT" indicator="event" comment=""/>
      <CAD id="C1" start="1693" end="1714" text="Myocardial infarction" time="before DCT" indicator="event" comment=""/>
      <CAD id="C2" start="1693" end="1714" text="Myocardial infarction" time="before DCT" indicator="event" comment=""/>
    </CAD>
    <MEDICATION id="DOC4" time="after DCT" type1="metformin" type2="">
      <MEDICATION id="M6" start="1221" end="1231" text="Glucophage" time="after DCT" type1="metformin" type2="" comment=""/>
      <MEDICATION id="M7" start="1221" end="1231" text="Glucophage" time="after DCT" type1="metformin" type2="" comment=""/>
      <MEDICATION id="M8" start="1221" end="1231" text="Glucophage" time="after DCT" type1="metformin" type2="" comment=""/>
    </MEDICATION>
    <MEDICATION id="DOC5" time="during DCT" type1="metformin" type2="">
      <MEDICATION id="M9" start="1221" end="1231" text="Glucophage" time="during DCT" type1="metformin" type2="" comment=""/>
      <MEDICATION id="M10" start="1221" end="1231" text="Glucophage" time="during DCT" type1="metformin" type2="" comment=""/>
      <MEDICATION id="M11" start="1221" end="1231" text="Glucophage" time="during DCT" type1="metformin" type2="" comment=""/>
    </MEDICATION>
    <MEDICATION id="DOC6" time="after DCT" type1="aspirin" type2="">
      <MEDICATION id="M12" start="581" end="584" text="Asa" time="after DCT" type1="aspirin" type2="" comment=""/>
      <MEDICATION id="M13" start="581" end="585" text="Asa " time="after DCT" type1="aspirin" type2="" comment=""/>
      <MEDICATION id="M14" start="581" end="584" text="Asa" time="after DCT" type1="aspirin" type2="" comment=""/>
    </MEDICATION>
    <HYPERTENSION id="DOC7" time="during DCT" indicator="high bp">
      <HYPERTENSION id="H0" start="1880" end="1889" text="bp 144/82" time="during DCT" indicator="high bp" comment=""/>
      <HYPERTENSION id="H1" start="1882" end="1890" text=" 144/82 " time="during DCT" indicator="high bp" comment=""/>
      <HYPERTENSION id="H2" start="1880" end="1890" text="bp 144/82 " time="during DCT" indicator="high bp" comment=""/>
    </HYPERTENSION>
    <HYPERTENSION id="DOC8" time="during DCT" indicator="mention">
      <HYPERTENSION id="H3" start="1337" end="1349" text="Hypertension" time="during DCT" indicator="mention" comment=""/>
      <HYPERTENSION id="H4" start="1336" end="1350" text=" Hypertension " time="during DCT" indicator="mention" comment=""/>
      <HYPERTENSION id="H5" start="1337" end="1349" text="Hypertension" time="during DCT" indicator="mention" comment=""/>
    </HYPERTENSION>
    <MEDICATION id="DOC9" time="before DCT" type1="metformin" type2="">
      <MEDICATION id="M15" start="1221" end="1231" text="Glucophage" time="before DCT" type1="metformin" type2="" comment=""/>
      <MEDICATION id="M16" start="1221" end="1231" text="Glucophage" time="before DCT" type1="metformin" type2="" comment=""/>
      <MEDICATION id="M17" start="1221" end="1231" text="Glucophage" time="before DCT" type1="metformin" type2="" comment=""/>
    </MEDICATION>
    <DIABETES id="DOC10" time="after DCT" indicator="mention">
      <DIABETES id="D3" start="1598" end="1624" text="Diabetes mellitus : type 2" time="after DCT" indicator="mention" comment=""/>
      <DIABETES id="D4" start="1598" end="1607" text="Diabetes " time="after DCT" indicator="mention" comment=""/>
      <DIABETES id="D5" start="1598" end="1624" text="Diabetes mellitus : type 2" time="after DCT" indicator="mention" comment=""/>
    </DIABETES>
    <DIABETES id="DOC11" time="during DCT" indicator="mention">
      <DIABETES id="D6" start="1598" end="1624" text="Diabetes mellitus : type 2" time="during DCT" indicator="mention" comment=""/>
      <DIABETES id="D7" start="1598" end="1607" text="Diabetes " time="during DCT" indicator="mention" comment=""/>
      <DIABETES id="D8" start="1598" end="1624" text="Diabetes mellitus : type 2" time="during DCT" indicator="mention" comment=""/>
    </DIABETES>
    <HYPERTENSION id="DOC12" time="before DCT" indicator="mention">
      <HYPERTENSION id="H6" start="1337" end="1349" text="Hypertension" time="before DCT" indicator="mention" comment=""/>
      <HYPERTENSION id="H7" start="1336" end="1350" text=" Hypertension " time="before DCT" indicator="mention" comment=""/>
      <HYPERTENSION id="H8" start="1337" end="1349" text="Hypertension" time="before DCT" indicator="mention" comment=""/>
    </HYPERTENSION>
    <MEDICATION id="DOC13" time="before DCT" type1="aspirin" type2="">
      <MEDICATION id="M18" start="581" end="584" text="Asa" time="before DCT" type1="aspirin" type2="" comment=""/>
      <MEDICATION id="M19" start="581" end="585" text="Asa " time="before DCT" type1="aspirin" type2="" comment=""/>
      <MEDICATION id="M20" start="581" end="584" text="Asa" time="before DCT" type1="aspirin" type2="" comment=""/>
    </MEDICATION>
    <MEDICATION id="DOC14" time="after DCT" type1="beta blocker" type2="">
      <MEDICATION id="M21" start="984" end="992" text="ATENOLOL" time="after DCT" type1="beta blocker" type2="" comment=""/>
      <MEDICATION id="M22" start="984" end="993" text="ATENOLOL " time="after DCT" type1="beta blocker" type2="" comment=""/>
      <MEDICATION id="M23" start="984" end="992" text="ATENOLOL" time="after DCT" type1="beta blocker" type2="" comment=""/>
    </MEDICATION>
    <SMOKER id="DOC15" status="unknown">
      <SMOKER id="S0" status="unknown"/>
      <SMOKER id="S1" start="3" end="10" text="Record " status="unknown" comment=""/>
      <SMOKER id="S2" status="unknown"/>
    </SMOKER>
    <MEDICATION id="DOC16" time="during DCT" type1="beta blocker" type2="">
      <MEDICATION id="M24" start="984" end="992" text="ATENOLOL" time="during DCT" type1="beta blocker" type2="" comment=""/>
      <MEDICATION id="M25" start="984" end="993" text="ATENOLOL " time="during DCT" type1="beta blocker" type2="" comment=""/>
      <MEDICATION id="M26" start="984" end="992" text="ATENOLOL" time="during DCT" type1="beta blocker" type2="" comment=""/>
    </MEDICATION>
    <HYPERTENSION id="DOC17" time="after DCT" indicator="mention">
      <HYPERTENSION id="H9" start="1337" end="1349" text="Hypertension" time="after DCT" indicator="mention" comment=""/>
      <HYPERTENSION id="H10" start="1336" end="1350" text=" Hypertension " time="after DCT" indicator="mention" comment=""/>
      <HYPERTENSION id="H11" start="1337" end="1349" text="Hypertension" time="after DCT" indicator="mention" comment=""/>
    </HYPERTENSION>
    <FAMILY_HIST id="DOC18" indicator="not present">
      <FAMILY_HIST id="F0" indicator="not present"/>
      <FAMILY_HIST id="F1" indicator="not present"/>
      <FAMILY_HIST id="F2" indicator="not present"/>
    </FAMILY_HIST>
    <PHI id="P0" start="16" end="26" text="2070-05-15" TYPE="DATE"/>
    <PHI id="P1" start="28" end="30" text="78" TYPE="AGE"/>
    <PHI id="P2" start="48" end="54" text="olivas" TYPE="DOCTOR"/>
    <PHI id="P3" start="1592" end="1596" text="2/68" TYPE="DATE"/>
    <PHI id="P4" start="1666" end="1691" text="Buzan Chiropractic Clinic" TYPE="HOSPITAL"/>
    <PHI id="P5" start="1761" end="1768" text="5/31/69" TYPE="DATE"/>
    <PHI id="P6" start="1771" end="1778" text="6/04/69" TYPE="DATE"/>
    <PHI id="P7" start="1782" end="1801" text="Buzan County Clinic" TYPE="HOSPITAL"/>
    <PHI id="P8" start="2026" end="2032" text="castro" TYPE="PATIENT"/>
    <PHI id="P9" start="2155" end="2161" text="alaniz" TYPE="PATIENT"/>
    <PHI id="P10" start="2224" end="2230" text="castro" TYPE="PATIENT"/>
    <PHI id="P11" start="2327" end="2338" text="Kay K. Edge" TYPE="DOCTOR"/>
  </TAGS>
</root>
