<?xml version='1.0' encoding='UTF-8'?>
<root>
  <TEXT><![CDATA[


Record date: 2072-12-04

HPI: 81 y.o.w. with multiple medical problems including DM, HTN, CAD, CHF, PE, depresion here for follow up

accompanied by her great great niece who provides part of the hx

missed few appointments - last time seen 8 months ago  

says doing well 

does not walk much - does not go out of the house at all - at home walks with walker

occ legs, ankles,back pain same as before takes  ibuprofen prn less only 1-2 day

her breathing is o.k. occ has CP with exertion as always no change 

BM normal oc constipation , no more diarrhea, no abdominal discomfort

does not check her FS - VN does says it is fine

denies depression, niece does not coment on any new events - hallucinations screaming

has diaper does not c/o dysuria, polyuria

no headache, rash F/C

other ros neg



PMH: Hypertension 

Osteoarthritis 

Dizziness 

amputation : 3rd left toe

Depression : with psychotic features

Lumbar disc disease : s/p discectomy

Cholecystectomy : s/p open procedure

H/O Atrial fibrillation : vs. atrial tachycardia -- s/p cardioversion 2/68

Diabetes mellitus : type 2

Pulmonary embolism : bilateral; tx'd at Buzan County Clinic

Myocardial infarction : NQWMI with inferolateral/apical depressions 5/31/69 - 6/04/69 at Buzan County Clinic; no cath or f/u ETT done there as pt requested conservative management

Pulmonary hypertension : echo 05/70 

MMSE 26/29 (could not spell otherwise got everything else) 01/72





SH: lives alone - niece lives down stairs

has Ursula Toth from Gladwin VNA

smoking no

ETOH no



Med: 

Hydrocortisone 1% -TOPICAL CREAM TOP BID 

Naproxen 375 MG (375MG TABLET take 1) PO BID x 30 days

Ritalin (METHYLPHENIDATE HCL) 5MG TABLET take 1 Tablet(s) PO QD x 30 days

Asa (CHILDRENS) (ACETYLSALICYLIC ACID (C... 81MG TABLET take 1 Tablet(s) PO QD 

Amiodarone 200MG TABLET take 1 Tablet(s) PO QD 

Lasix (FUROSEMIDE) 80 MG (40MG TABLET take 2) PO QD 

Zestril (LISINOPRIL) 30MG TABLET PO QD 

Celexa (CITALOPRAM) 40MG TABLET take 1.5 Tablet(s) PO QD , PA#128310

Protonix (PANTOPRAZOLE) 40MG TABLET EC take 1 Tablet(s) PO QD PRN 

Mvi (MULTIVITAMINS) 1 CAPSULE PO QD 

Atenolol 25MG TABLET take 1 Tablet(s) PO QD 

Tylenol (ACETAMINOPHEN) 500MG TABLET take 2 Tablet(s) PO TID PRN arthritis pain 

Colace (DOCUSATE SODIUM) 100MG TABLET take 1 Tablet(s) PO TID PRN constip , please mail to pt

Ibuprofen 600MG TABLET take 1 Tablet(s) PO Q8H PRN pain , to be taken with food

Vitamin B12 (CYANOCOBALAMIN) 1000MCG TABLET take 1 Tablet(s) PO QD 

Synthroid (LEVOTHYROXINE SODIUM) 50 MCG (50MCG TABLET take 1) PO QD x 30 days

Glucophage (METFORMIN) 500MG TABLET take 2 Tablet(s) PO BID , take 2 tabs bid, and 1 tab 





All:Haloperidol Lactate - Unknown 



FH:

no hx of CAD, HTN, DM, CVA, no hx of colon, breast, prostate ca





BP 120/80 was 130/80 was  105/70 was 115/70     

Weight:  did not want to go on the scale today  168   [Pounds] was 170

General: pleasant, communicative, looks stated age, has hair piece and make up, overweight in NAD

hard of hearing

exam preformed in chair - as usual she said she could not get up to exam table however at the end of visit was able to get up herself (minimal help from niece) and walks well with her walker

HEENT: normocephalic and atraumatic, PERRLA, EOMI, no icterus, nose wnl, lips no cyanosis or pallor, dentures

Neck: supple, full ROM, no lymphadenopathy, thyroid gland normal

Lungs: clear to auscultation, no wheezes, rales or ronchi

Heart: normal S1 S2, RRR, no m/r/g

Abdomen: obese BS+, soft, nontender, nondistended

Ext: no clubbing, cyanosis or edema

Mood; appears in good spirits



FS 161

Labs: reviewed



A/P 81 y.o.w.with multiple medical problems including  CAD, CHF, djd, DM, htn, depression, anemia, hypothyroid  here for follow up

1. cvs seems stable BP  normal check BMP (Lasix dose was recently adjusted as well as her lisinopril 

2. DM will check  HbA1c , mircroalbumin

3. depression better continue celexa and ritaline 

4. hypothyroid check TSH 

5. anemia on B12 suppl will check cbc and anemia studies

6. DJD better takien only 1-2 ibuproens a day (I tried to get her to take tylenol however she always said it did nto help) also on protonix for GI protection and her GERD that seems stable

7. HM check fasting lipid panel (last one in 2070 o.k. but pt has CAD)

influenza vaccine given

follow up in 4-6 months or earlier prn (pt has weekly visit with VN who monitors her and is in touch with me )





______________________________                              



Opal Carrie-Guerrero, M.D.



]]></TEXT>
  <TAGS>
    <MEDICATION id="DOC0" time="during DCT" type1="ACE inhibitor" type2="">
      <MEDICATION id="M0" start="1923" end="1933" text="LISINOPRIL" time="during DCT" type1="ACE inhibitor" type2="" comment=""/>
      <MEDICATION id="M1" start="3861" end="3871" text="lisinopril" time="during DCT" type1="ACE inhibitor" type2="" comment=""/>
      <MEDICATION id="M2" start="1914" end="1921" text="Zestril" time="during DCT" type1="ACE inhibitor" type2="" comment=""/>
      <MEDICATION id="M3" start="1914" end="1921" text="Zestril" time="during DCT" type1="ACE inhibitor" type2="" comment=""/>
    </MEDICATION>
    <MEDICATION id="DOC1" time="during DCT" type1="aspirin" type2="">
      <MEDICATION id="M4" start="1730" end="1733" text="Asa" time="during DCT" type1="aspirin" type2="" comment=""/>
      <MEDICATION id="M5" start="1730" end="1733" text="Asa" time="during DCT" type1="aspirin" type2="" comment=""/>
      <MEDICATION id="M6" start="1730" end="1733" text="Asa" time="during DCT" type1="aspirin" type2="" comment=""/>
    </MEDICATION>
    <MEDICATION id="DOC2" time="after DCT" type1="metformin" type2="">
      <MEDICATION id="M7" start="2583" end="2593" text="Glucophage" time="after DCT" type1="metformin" type2="" comment=""/>
      <MEDICATION id="M8" start="2583" end="2593" text="Glucophage" time="after DCT" type1="metformin" type2="" comment=""/>
      <MEDICATION id="M9" start="2583" end="2593" text="Glucophage" time="after DCT" type1="metformin" type2="" comment=""/>
    </MEDICATION>
    <MEDICATION id="DOC3" time="during DCT" type1="metformin" type2="">
      <MEDICATION id="M10" start="2583" end="2593" text="Glucophage" time="during DCT" type1="metformin" type2="" comment=""/>
      <MEDICATION id="M11" start="2583" end="2593" text="Glucophage" time="during DCT" type1="metformin" type2="" comment=""/>
      <MEDICATION id="M12" start="2583" end="2593" text="Glucophage" time="during DCT" type1="metformin" type2="" comment=""/>
    </MEDICATION>
    <HYPERTENSION id="DOC4" time="during DCT" indicator="mention">
      <HYPERTENSION id="H0" start="88" end="91" text="HTN" time="during DCT" indicator="mention" comment=""/>
      <HYPERTENSION id="H1" start="810" end="822" text="Hypertension" time="during DCT" indicator="mention" comment=""/>
      <HYPERTENSION id="H2" start="3713" end="3716" text="htn" time="during DCT" indicator="mention" comment=""/>
      <HYPERTENSION id="H3" start="88" end="91" text="HTN" time="during DCT" indicator="mention" comment=""/>
      <HYPERTENSION id="H4" start="88" end="91" text="HTN" time="during DCT" indicator="mention" comment=""/>
    </HYPERTENSION>
    <DIABETES id="DOC5" time="before DCT" indicator="mention">
      <DIABETES id="D0" start="84" end="86" text="DM" time="before DCT" indicator="mention" comment=""/>
      <DIABETES id="D1" start="1071" end="1097" text="Diabetes mellitus : type 2" time="before DCT" indicator="mention" comment=""/>
      <DIABETES id="D2" start="3709" end="3711" text="DM" time="before DCT" indicator="mention" comment=""/>
      <DIABETES id="D3" start="3877" end="3879" text="DM" time="before DCT" indicator="mention" comment=""/>
      <DIABETES id="D4" start="84" end="86" text="DM" time="before DCT" indicator="mention" comment=""/>
      <DIABETES id="D5" start="84" end="86" text="DM" time="before DCT" indicator="mention" comment=""/>
    </DIABETES>
    <MEDICATION id="DOC6" time="after DCT" type1="ACE inhibitor" type2="">
      <MEDICATION id="M13" start="1923" end="1933" text="LISINOPRIL" time="after DCT" type1="ACE inhibitor" type2="" comment=""/>
      <MEDICATION id="M14" start="3861" end="3871" text="lisinopril" time="after DCT" type1="ACE inhibitor" type2="" comment=""/>
      <MEDICATION id="M15" start="1914" end="1921" text="Zestril" time="after DCT" type1="ACE inhibitor" type2="" comment=""/>
      <MEDICATION id="M16" start="1914" end="1921" text="Zestril" time="after DCT" type1="ACE inhibitor" type2="" comment=""/>
    </MEDICATION>
    <DIABETES id="DOC7" time="during DCT" indicator="mention">
      <DIABETES id="D6" start="84" end="86" text="DM" time="during DCT" indicator="mention" comment=""/>
      <DIABETES id="D7" start="1071" end="1097" text="Diabetes mellitus : type 2" time="during DCT" indicator="mention" comment=""/>
      <DIABETES id="D8" start="3709" end="3711" text="DM" time="during DCT" indicator="mention" comment=""/>
      <DIABETES id="D9" start="3877" end="3879" text="DM" time="during DCT" indicator="mention" comment=""/>
      <DIABETES id="D10" start="84" end="86" text="DM" time="during DCT" indicator="mention" comment=""/>
      <DIABETES id="D11" start="84" end="86" text="DM" time="during DCT" indicator="mention" comment=""/>
    </DIABETES>
    <MEDICATION id="DOC8" time="after DCT" type1="aspirin" type2="">
      <MEDICATION id="M17" start="1730" end="1733" text="Asa" time="after DCT" type1="aspirin" type2="" comment=""/>
      <MEDICATION id="M18" start="1730" end="1733" text="Asa" time="after DCT" type1="aspirin" type2="" comment=""/>
      <MEDICATION id="M19" start="1730" end="1733" text="Asa" time="after DCT" type1="aspirin" type2="" comment=""/>
    </MEDICATION>
    <HYPERTENSION id="DOC9" time="after DCT" indicator="mention">
      <HYPERTENSION id="H5" start="88" end="91" text="HTN" time="after DCT" indicator="mention" comment=""/>
      <HYPERTENSION id="H6" start="810" end="822" text="Hypertension" time="after DCT" indicator="mention" comment=""/>
      <HYPERTENSION id="H7" start="3713" end="3716" text="htn" time="after DCT" indicator="mention" comment=""/>
      <HYPERTENSION id="H8" start="88" end="91" text="HTN" time="after DCT" indicator="mention" comment=""/>
      <HYPERTENSION id="H9" start="88" end="91" text="HTN" time="after DCT" indicator="mention" comment=""/>
    </HYPERTENSION>
    <MEDICATION id="DOC10" time="after DCT" type1="beta blocker" type2="">
      <MEDICATION id="M20" start="2131" end="2139" text="Atenolol" time="after DCT" type1="beta blocker" type2="" comment=""/>
      <MEDICATION id="M21" start="2131" end="2140" text="Atenolol " time="after DCT" type1="beta blocker" type2="" comment=""/>
      <MEDICATION id="M22" start="2131" end="2139" text="Atenolol" time="after DCT" type1="beta blocker" type2="" comment=""/>
    </MEDICATION>
    <CAD id="DOC11" time="after DCT" indicator="mention">
      <CAD id="C0" start="4308" end="4311" text="CAD" time="after DCT" indicator="mention" comment=""/>
      <CAD id="C1" start="93" end="96" text="CAD" time="after DCT" indicator="mention" comment=""/>
      <CAD id="C2" start="3694" end="3697" text="CAD" time="after DCT" indicator="mention" comment=""/>
    </CAD>
    <MEDICATION id="DOC12" time="before DCT" type1="metformin" type2="">
      <MEDICATION id="M23" start="2583" end="2593" text="Glucophage" time="before DCT" type1="metformin" type2="" comment=""/>
      <MEDICATION id="M24" start="2583" end="2593" text="Glucophage" time="before DCT" type1="metformin" type2="" comment=""/>
      <MEDICATION id="M25" start="2583" end="2593" text="Glucophage" time="before DCT" type1="metformin" type2="" comment=""/>
    </MEDICATION>
    <FAMILY_HIST id="DOC13" indicator="not present">
      <FAMILY_HIST id="F0" indicator="not present"/>
      <FAMILY_HIST id="F1" indicator="not present"/>
      <FAMILY_HIST id="F2" indicator="not present"/>
    </FAMILY_HIST>
    <MEDICATION id="DOC14" time="before DCT" type1="ACE inhibitor" type2="">
      <MEDICATION id="M26" start="1923" end="1933" text="LISINOPRIL" time="before DCT" type1="ACE inhibitor" type2="" comment=""/>
      <MEDICATION id="M27" start="3861" end="3871" text="lisinopril" time="before DCT" type1="ACE inhibitor" type2="" comment=""/>
      <MEDICATION id="M28" start="1914" end="1921" text="Zestril" time="before DCT" type1="ACE inhibitor" type2="" comment=""/>
      <MEDICATION id="M29" start="1914" end="1921" text="Zestril" time="before DCT" type1="ACE inhibitor" type2="" comment=""/>
    </MEDICATION>
    <CAD id="DOC15" time="during DCT" indicator="mention">
      <CAD id="C3" start="4308" end="4311" text="CAD" time="during DCT" indicator="mention" comment=""/>
      <CAD id="C4" start="93" end="96" text="CAD" time="during DCT" indicator="mention" comment=""/>
      <CAD id="C5" start="3694" end="3697" text="CAD" time="during DCT" indicator="mention" comment=""/>
    </CAD>
    <MEDICATION id="DOC16" time="before DCT" type1="aspirin" type2="">
      <MEDICATION id="M30" start="1730" end="1733" text="Asa" time="before DCT" type1="aspirin" type2="" comment=""/>
      <MEDICATION id="M31" start="1730" end="1733" text="Asa" time="before DCT" type1="aspirin" type2="" comment=""/>
      <MEDICATION id="M32" start="1730" end="1733" text="Asa" time="before DCT" type1="aspirin" type2="" comment=""/>
    </MEDICATION>
    <SMOKER id="DOC17" status="never">
      <SMOKER id="S0" start="1526" end="1536" text="smoking no" status="never" comment=""/>
      <SMOKER id="S1" start="1526" end="1536" text="smoking no" status="never" comment=""/>
      <SMOKER id="S2" start="1526" end="1536" text="smoking no" status="never" comment=""/>
    </SMOKER>
    <DIABETES id="DOC18" time="after DCT" indicator="mention">
      <DIABETES id="D12" start="84" end="86" text="DM" time="after DCT" indicator="mention" comment=""/>
      <DIABETES id="D13" start="1071" end="1097" text="Diabetes mellitus : type 2" time="after DCT" indicator="mention" comment=""/>
      <DIABETES id="D14" start="3709" end="3711" text="DM" time="after DCT" indicator="mention" comment=""/>
      <DIABETES id="D15" start="3877" end="3879" text="DM" time="after DCT" indicator="mention" comment=""/>
      <DIABETES id="D16" start="84" end="86" text="DM" time="after DCT" indicator="mention" comment=""/>
      <DIABETES id="D17" start="84" end="86" text="DM" time="after DCT" indicator="mention" comment=""/>
    </DIABETES>
    <CAD id="DOC19" time="before DCT" indicator="event">
      <CAD id="C6" start="1160" end="1189" text="Myocardial infarction : NQWMI" time="before DCT" indicator="event" comment=""/>
      <CAD id="C7" start="1160" end="1182" text="Myocardial infarction " time="before DCT" indicator="event" comment=""/>
      <CAD id="C8" start="1160" end="1189" text="Myocardial infarction : NQWMI" time="before DCT" indicator="event" comment=""/>
    </CAD>
    <HYPERTENSION id="DOC20" time="before DCT" indicator="mention">
      <HYPERTENSION id="H10" start="88" end="91" text="HTN" time="before DCT" indicator="mention" comment=""/>
      <HYPERTENSION id="H11" start="810" end="822" text="Hypertension" time="before DCT" indicator="mention" comment=""/>
      <HYPERTENSION id="H12" start="3713" end="3716" text="htn" time="before DCT" indicator="mention" comment=""/>
      <HYPERTENSION id="H13" start="88" end="91" text="HTN" time="before DCT" indicator="mention" comment=""/>
      <HYPERTENSION id="H14" start="88" end="91" text="HTN" time="before DCT" indicator="mention" comment=""/>
    </HYPERTENSION>
    <MEDICATION id="DOC21" time="before DCT" type1="beta blocker" type2="">
      <MEDICATION id="M33" start="2131" end="2139" text="Atenolol" time="before DCT" type1="beta blocker" type2="" comment=""/>
      <MEDICATION id="M34" start="2131" end="2140" text="Atenolol " time="before DCT" type1="beta blocker" type2="" comment=""/>
      <MEDICATION id="M35" start="2131" end="2139" text="Atenolol" time="before DCT" type1="beta blocker" type2="" comment=""/>
    </MEDICATION>
    <MEDICATION id="DOC22" time="during DCT" type1="beta blocker" type2="">
      <MEDICATION id="M36" start="2131" end="2139" text="Atenolol" time="during DCT" type1="beta blocker" type2="" comment=""/>
      <MEDICATION id="M37" start="2131" end="2140" text="Atenolol " time="during DCT" type1="beta blocker" type2="" comment=""/>
      <MEDICATION id="M38" start="2131" end="2139" text="Atenolol" time="during DCT" type1="beta blocker" type2="" comment=""/>
    </MEDICATION>
    <CAD id="DOC23" time="before DCT" indicator="mention">
      <CAD id="C9" start="4308" end="4311" text="CAD" time="before DCT" indicator="mention" comment=""/>
      <CAD id="C10" start="93" end="96" text="CAD" time="before DCT" indicator="mention" comment=""/>
      <CAD id="C11" start="3694" end="3697" text="CAD" time="before DCT" indicator="mention" comment=""/>
    </CAD>
    <PHI id="P0" start="16" end="26" text="2072-12-04" TYPE="DATE"/>
    <PHI id="P1" start="33" end="35" text="81" TYPE="AGE"/>
    <PHI id="P2" start="1065" end="1069" text="2/68" TYPE="DATE"/>
    <PHI id="P3" start="1139" end="1158" text="Buzan County Clinic" TYPE="HOSPITAL"/>
    <PHI id="P4" start="1228" end="1235" text="5/31/69" TYPE="DATE"/>
    <PHI id="P5" start="1238" end="1245" text="6/04/69" TYPE="DATE"/>
    <PHI id="P6" start="1249" end="1268" text="Buzan County Clinic" TYPE="HOSPITAL"/>
    <PHI id="P7" start="1371" end="1376" text="05/70" TYPE="DATE"/>
    <PHI id="P8" start="1438" end="1443" text="01/72" TYPE="DATE"/>
    <PHI id="P9" start="1496" end="1507" text="Ursula Toth" TYPE="DOCTOR"/>
    <PHI id="P10" start="1513" end="1520" text="Gladwin" TYPE="CITY"/>
    <PHI id="P11" start="2017" end="2023" text="128310" TYPE="IDNUM"/>
    <PHI id="P12" start="3643" end="3645" text="81" TYPE="AGE"/>
    <PHI id="P13" start="4287" end="4291" text="2070" TYPE="DATE"/>
    <PHI id="P14" start="4519" end="4539" text="Opal Carrie-Guerrero" TYPE="DOCTOR"/>
  </TAGS>
</root>
