<?xml version='1.0' encoding='UTF-8'?>
<root>
  <TEXT><![CDATA[


Record date: 2073-07-04

HPI: 81 y.o.w. with multiple medical problems including DM, HTN, CAD, CHF, PE, depresion here for follow up post EDUCARE-FARGO admission

chart reviewed

since last visit she had 3 admission to the hospital 

first due to CHF then to SEH RF and last month again to RSH b/o CHF she was in SNF between those hospitalisations however did not want to go back so now at home

tells me doing well has support a women who cleans cooks shops for her 2 times a week

VN comes once  a week

her family is in Kansas

she uses a walker at home came with Patriot chair car

occ still has sob and CP the same

the rash under her L breast bothers her itching

occ legs, ankles,back pain same as before takes  tyl;enol was not helpful 

now uses ibuprofen 200 mg prn  only 1-2 day

BM normal oc constipation , no abdominal discomfort but has bloading

according to record this Sunday her FS 249 - checked by HA

denies depression

has diaper does not c/o dysuria, polyuria

no headache, rash F/C

other ros neg



PMH: Hypertension 

Osteoarthritis 

Dizziness 

amputation : 3rd left toe

Depression : with psychotic features

Lumbar disc disease : s/p discectomy

Cholecystectomy : s/p open procedure

H/O Atrial fibrillation : vs. atrial tachycardia -- s/p cardioversion 2/68

Diabetes mellitus : type 2

Pulmonary embolism : bilateral; tx'd at Buzan County Clinic

Myocardial infarction : NQWMI with inferolateral/apical depressions 5/31/69 - 6/04/69 at Buzan County Clinic; no cath or f/u ETT done there as pt requested conservative management

Pulmonary hypertension : echo 05/70 

MMSE 26/29 (could not spell otherwise got everything else) 01/72





SH: lives alone - niece lives down stairs

has Ursula Toth from Gladwin VNA

smoking no

ETOH no



Med: she brings some of her meds reviewed 

Hydrocortisone 1% -TOPICAL CREAM TOP BID 

Mvi (MULTIVITAMINS) 1 CAPSULE PO QD 

Asa (CHILDRENS) (ACETYLSALICYLIC ACID (C... 81MG TABLET take 1 Tablet(s) PO QD 

Lasix (FUROSEMIDE) 20 MG (20MG TABLET take 1) PO every Su,Tu,Th 

Celexa (CITALOPRAM) 40MG TABLET take 1.5 Tablet(s) PO QD , PA#128310

Vitamin B12 (CYANOCOBALAMIN) 1000MCG TABLET take 1 Tablet(s) PO QD 

Synthroid (LEVOTHYROXINE SODIUM) 75 MCG (75MCG TABLET take 1) PO QD x 30 days

Prilosec OTC (OMEPRAZOLE OTC) 20 MG (20MG TABLET DR take 1) PO QD 

Ferrous SULFATE 325 MG (325(65)MG TABLET take 1) PO QD 

Ipratropium INHALER 2 PUFF INH QID PRN 

Tylenol (ACETAMINOPHEN) 500MG TABLET take 2 Tablet(s) PO TID PRN arthritis pain 

Ritalin (METHYLPHENIDATE HCL) 5MG TABLET take 1 Tablet(s) PO QD x 30 days

Lopressor (METOPROLOL TARTRATE) 25 MG (25MG TABLET take 1) PO BID 

Colace (DOCUSATE SODIUM) 100MG TABLET take 1 Tablet(s) PO TID PRN constip 

Ibuprofen 200 MG (200MG TABLET take 1) PO BID PRN 



All:Haloperidol Lactate - Unknown 



FH:

no hx of CAD, HTN, DM, CVA, no hx of colon, breast, prostate ca





BP 140/80 was 120/80 was 130/80 was  105/70 was 115/70

FS 171    

Weight:  did not want to go on the scale last weight in chart 168   [Pounds] 

General: pleasant, communicative, looks stated age, has hair piece and make up, overweight in NAD

hard of hearing

exam preformed in chair

HEENT: normocephalic and atraumatic, PERRLA, EOMI, no icterus, nose wnl, lips no cyanosis or pallor, dentures

Neck: supple, full ROM, no lymphadenopathy, thyroid gland normal

Lungs: clear to auscultation, no wheezes, rales or ronchi

Heart: normal S1 S2, RRR, no m/r/g

skin under the breast erythema with escoriations

Abdomen: obese BS+, soft, nontender, nondistended

Ext: no clubbing, cyanosis or edema

Mood; appears in good spirits



FS 161

Labs: reviewed



A/P 81 y.o.w.with multiple medical problems including  CAD, CHF, djd, DM, htn, depression, anemia, hypothyroid  here for follow up

1. cvs seems stableno sign of CHF, BP  bordeline but did not take her meds today will check BMP 

2. DM will check  HbA1c , mircroalbumin not taking any meds for it 

3. depression better continue celexa and ritaline 

4. hypothyroid TSH normal conitnue same management

5. anemia  will check cbc and anemia studies

6. DJD taking only 1-2 ibuproens a day (I tried to get her to take tylenol however she always said it did nto help) also

7. protonix for GI protection and her GERD that seems stable

8. rash fungal ketoconzole prescription given 

9 RI check BMP

10. HM check fasting lipid panel 

follow up in 4-6 months or earlier prn (pt has weekly visit with VN who monitors her and is in touch with me )





______________________________                              



Opal Carrie-Guerrero, M.D.





]]></TEXT>
  <TAGS>
    <CAD id="DOC0" time="before DCT" indicator="mention">
      <CAD id="C0" start="93" end="96" text="CAD" time="before DCT" indicator="mention" comment=""/>
      <CAD id="C1" start="93" end="96" text="CAD" time="before DCT" indicator="mention" comment=""/>
      <CAD id="C2" start="93" end="96" text="CAD" time="before DCT" indicator="mention" comment=""/>
      <CAD id="C3" start="3705" end="3708" text="CAD" time="before DCT" indicator="mention" comment=""/>
    </CAD>
    <MEDICATION id="DOC1" time="during DCT" type1="aspirin" type2="">
      <MEDICATION id="M0" start="1895" end="1898" text="Asa" time="during DCT" type1="aspirin" type2="" comment=""/>
      <MEDICATION id="M1" start="1895" end="1899" text="Asa " time="during DCT" type1="aspirin" type2="" comment=""/>
      <MEDICATION id="M2" start="1895" end="1898" text="Asa" time="during DCT" type1="aspirin" type2="" comment=""/>
    </MEDICATION>
    <CAD id="DOC2" time="before DCT" indicator="event">
      <CAD id="C4" start="1381" end="1402" text="Myocardial infarction" time="before DCT" indicator="event" comment=""/>
      <CAD id="C5" start="1381" end="1402" text="Myocardial infarction" time="before DCT" indicator="event" comment=""/>
      <CAD id="C6" start="1381" end="1410" text="Myocardial infarction : NQWMI" time="before DCT" indicator="event" comment=""/>
    </CAD>
    <DIABETES id="DOC3" time="during DCT" indicator="mention">
      <DIABETES id="D0" start="84" end="86" text="DM" time="during DCT" indicator="mention" comment=""/>
      <DIABETES id="D1" start="84" end="86" text="DM" time="during DCT" indicator="mention" comment=""/>
      <DIABETES id="D2" start="84" end="86" text="DM" time="during DCT" indicator="mention" comment=""/>
      <DIABETES id="D3" start="1291" end="1318" text=" Diabetes mellitus : type 2" time="during DCT" indicator="mention" comment=""/>
      <DIABETES id="D4" start="3720" end="3722" text="DM" time="during DCT" indicator="mention" comment=""/>
      <DIABETES id="D5" start="3883" end="3885" text="DM" time="during DCT" indicator="mention" comment=""/>
    </DIABETES>
    <MEDICATION id="DOC4" time="before DCT" type1="aspirin" type2="">
      <MEDICATION id="M3" start="1895" end="1898" text="Asa" time="before DCT" type1="aspirin" type2="" comment=""/>
      <MEDICATION id="M4" start="1895" end="1899" text="Asa " time="before DCT" type1="aspirin" type2="" comment=""/>
      <MEDICATION id="M5" start="1895" end="1898" text="Asa" time="before DCT" type1="aspirin" type2="" comment=""/>
    </MEDICATION>
    <HYPERTENSION id="DOC5" time="during DCT" indicator="high bp">
      <HYPERTENSION id="H0" start="2893" end="2903" text="BP 140/80 " time="during DCT" indicator="high bp" comment=""/>
      <HYPERTENSION id="H1" start="2893" end="2903" text="BP 140/80 " time="during DCT" indicator="high bp" comment=""/>
    </HYPERTENSION>
    <DIABETES id="DOC6" time="before DCT" indicator="mention">
      <DIABETES id="D6" start="84" end="86" text="DM" time="before DCT" indicator="mention" comment=""/>
      <DIABETES id="D7" start="84" end="86" text="DM" time="before DCT" indicator="mention" comment=""/>
      <DIABETES id="D8" start="84" end="86" text="DM" time="before DCT" indicator="mention" comment=""/>
      <DIABETES id="D9" start="1291" end="1318" text=" Diabetes mellitus : type 2" time="before DCT" indicator="mention" comment=""/>
      <DIABETES id="D10" start="3720" end="3722" text="DM" time="before DCT" indicator="mention" comment=""/>
      <DIABETES id="D11" start="3883" end="3885" text="DM" time="before DCT" indicator="mention" comment=""/>
    </DIABETES>
    <HYPERTENSION id="DOC7" time="during DCT" indicator="mention">
      <HYPERTENSION id="H2" start="88" end="91" text="HTN" time="during DCT" indicator="mention" comment=""/>
      <HYPERTENSION id="H3" start="88" end="91" text="HTN" time="during DCT" indicator="mention" comment=""/>
      <HYPERTENSION id="H4" start="88" end="91" text="HTN" time="during DCT" indicator="mention" comment=""/>
      <HYPERTENSION id="H5" start="1031" end="1043" text="Hypertension" time="during DCT" indicator="mention" comment=""/>
      <HYPERTENSION id="H6" start="3724" end="3727" text="htn" time="during DCT" indicator="mention" comment=""/>
    </HYPERTENSION>
    <MEDICATION id="DOC8" time="before DCT" type1="beta blocker" type2="">
      <MEDICATION id="M6" start="2583" end="2592" text="Lopressor" time="before DCT" type1="beta blocker" type2="" comment=""/>
      <MEDICATION id="M7" start="2583" end="2592" text="Lopressor" time="before DCT" type1="beta blocker" type2="" comment=""/>
      <MEDICATION id="M8" start="2583" end="2592" text="Lopressor" time="before DCT" type1="beta blocker" type2="" comment=""/>
    </MEDICATION>
    <DIABETES id="DOC9" time="after DCT" indicator="mention">
      <DIABETES id="D12" start="84" end="86" text="DM" time="after DCT" indicator="mention" comment=""/>
      <DIABETES id="D13" start="84" end="86" text="DM" time="after DCT" indicator="mention" comment=""/>
      <DIABETES id="D14" start="84" end="86" text="DM" time="after DCT" indicator="mention" comment=""/>
      <DIABETES id="D15" start="1291" end="1318" text=" Diabetes mellitus : type 2" time="after DCT" indicator="mention" comment=""/>
      <DIABETES id="D16" start="3720" end="3722" text="DM" time="after DCT" indicator="mention" comment=""/>
      <DIABETES id="D17" start="3883" end="3885" text="DM" time="after DCT" indicator="mention" comment=""/>
    </DIABETES>
    <CAD id="DOC10" time="during DCT" indicator="mention">
      <CAD id="C7" start="93" end="96" text="CAD" time="during DCT" indicator="mention" comment=""/>
      <CAD id="C8" start="93" end="96" text="CAD" time="during DCT" indicator="mention" comment=""/>
      <CAD id="C9" start="93" end="96" text="CAD" time="during DCT" indicator="mention" comment=""/>
      <CAD id="C10" start="3705" end="3708" text="CAD" time="during DCT" indicator="mention" comment=""/>
    </CAD>
    <HYPERTENSION id="DOC11" time="before DCT" indicator="mention">
      <HYPERTENSION id="H7" start="88" end="91" text="HTN" time="before DCT" indicator="mention" comment=""/>
      <HYPERTENSION id="H8" start="88" end="91" text="HTN" time="before DCT" indicator="mention" comment=""/>
      <HYPERTENSION id="H9" start="88" end="91" text="HTN" time="before DCT" indicator="mention" comment=""/>
      <HYPERTENSION id="H10" start="1031" end="1043" text="Hypertension" time="before DCT" indicator="mention" comment=""/>
      <HYPERTENSION id="H11" start="3724" end="3727" text="htn" time="before DCT" indicator="mention" comment=""/>
    </HYPERTENSION>
    <MEDICATION id="DOC12" time="after DCT" type1="aspirin" type2="">
      <MEDICATION id="M9" start="1895" end="1898" text="Asa" time="after DCT" type1="aspirin" type2="" comment=""/>
      <MEDICATION id="M10" start="1895" end="1899" text="Asa " time="after DCT" type1="aspirin" type2="" comment=""/>
      <MEDICATION id="M11" start="1895" end="1898" text="Asa" time="after DCT" type1="aspirin" type2="" comment=""/>
    </MEDICATION>
    <MEDICATION id="DOC13" time="after DCT" type1="beta blocker" type2="">
      <MEDICATION id="M12" start="2583" end="2592" text="Lopressor" time="after DCT" type1="beta blocker" type2="" comment=""/>
      <MEDICATION id="M13" start="2583" end="2592" text="Lopressor" time="after DCT" type1="beta blocker" type2="" comment=""/>
      <MEDICATION id="M14" start="2583" end="2592" text="Lopressor" time="after DCT" type1="beta blocker" type2="" comment=""/>
    </MEDICATION>
    <CAD id="DOC14" time="after DCT" indicator="mention">
      <CAD id="C11" start="93" end="96" text="CAD" time="after DCT" indicator="mention" comment=""/>
      <CAD id="C12" start="93" end="96" text="CAD" time="after DCT" indicator="mention" comment=""/>
      <CAD id="C13" start="93" end="96" text="CAD" time="after DCT" indicator="mention" comment=""/>
      <CAD id="C14" start="3705" end="3708" text="CAD" time="after DCT" indicator="mention" comment=""/>
    </CAD>
    <MEDICATION id="DOC15" time="during DCT" type1="beta blocker" type2="">
      <MEDICATION id="M15" start="2583" end="2592" text="Lopressor" time="during DCT" type1="beta blocker" type2="" comment=""/>
      <MEDICATION id="M16" start="2583" end="2592" text="Lopressor" time="during DCT" type1="beta blocker" type2="" comment=""/>
      <MEDICATION id="M17" start="2583" end="2592" text="Lopressor" time="during DCT" type1="beta blocker" type2="" comment=""/>
    </MEDICATION>
    <HYPERTENSION id="DOC16" time="after DCT" indicator="mention">
      <HYPERTENSION id="H12" start="88" end="91" text="HTN" time="after DCT" indicator="mention" comment=""/>
      <HYPERTENSION id="H13" start="88" end="91" text="HTN" time="after DCT" indicator="mention" comment=""/>
      <HYPERTENSION id="H14" start="88" end="91" text="HTN" time="after DCT" indicator="mention" comment=""/>
      <HYPERTENSION id="H15" start="1031" end="1043" text="Hypertension" time="after DCT" indicator="mention" comment=""/>
      <HYPERTENSION id="H16" start="3724" end="3727" text="htn" time="after DCT" indicator="mention" comment=""/>
    </HYPERTENSION>
    <FAMILY_HIST id="DOC17" indicator="not present">
      <FAMILY_HIST id="F0" indicator="not present"/>
      <FAMILY_HIST id="F1" indicator="not present"/>
      <FAMILY_HIST id="F2" indicator="not present"/>
    </FAMILY_HIST>
    <SMOKER id="DOC18" status="never">
      <SMOKER id="S0" start="1747" end="1757" text="smoking no" status="never" comment=""/>
      <SMOKER id="S1" start="1747" end="1757" text="smoking no" status="never" comment=""/>
      <SMOKER id="S2" start="1747" end="1757" text="smoking no" status="never" comment=""/>
    </SMOKER>
    <PHI id="P0" start="16" end="26" text="2073-07-04" TYPE="DATE"/>
    <PHI id="P1" start="33" end="35" text="81" TYPE="AGE"/>
    <PHI id="P2" start="141" end="154" text="EDUCARE-FARGO" TYPE="HOSPITAL"/>
    <PHI id="P3" start="262" end="265" text="SEH" TYPE="HOSPITAL"/>
    <PHI id="P4" start="293" end="296" text="RSH" TYPE="HOSPITAL"/>
    <PHI id="P5" start="526" end="532" text="Kansas" TYPE="STATE"/>
    <PHI id="P6" start="570" end="577" text="Patriot" TYPE="ORGANIZATION"/>
    <PHI id="P7" start="889" end="895" text="Sunday" TYPE="DATE"/>
    <PHI id="P8" start="1286" end="1290" text="2/68" TYPE="DATE"/>
    <PHI id="P9" start="1360" end="1379" text="Buzan County Clinic" TYPE="HOSPITAL"/>
    <PHI id="P10" start="1449" end="1456" text="5/31/69" TYPE="DATE"/>
    <PHI id="P11" start="1459" end="1466" text="6/04/69" TYPE="DATE"/>
    <PHI id="P12" start="1470" end="1489" text="Buzan County Clinic" TYPE="HOSPITAL"/>
    <PHI id="P13" start="1592" end="1597" text="05/70" TYPE="DATE"/>
    <PHI id="P14" start="1659" end="1664" text="01/72" TYPE="DATE"/>
    <PHI id="P15" start="1717" end="1728" text="Ursula Toth" TYPE="DOCTOR"/>
    <PHI id="P16" start="1734" end="1741" text="Gladwin" TYPE="CITY"/>
    <PHI id="P17" start="2031" end="2033" text="Su" TYPE="DATE"/>
    <PHI id="P18" start="2034" end="2036" text="Tu" TYPE="DATE"/>
    <PHI id="P19" start="2037" end="2039" text="Th" TYPE="DATE"/>
    <PHI id="P20" start="2104" end="2110" text="128310" TYPE="IDNUM"/>
    <PHI id="P21" start="3654" end="3656" text="81" TYPE="AGE"/>
    <PHI id="P22" start="4562" end="4582" text="Opal Carrie-Guerrero" TYPE="DOCTOR"/>
  </TAGS>
</root>
