<?xml version='1.0' encoding='UTF-8'?>
<root>
  <TEXT><![CDATA[


Record date: 2099-01-06



Chief Complaint

annual, menopausal vaginal atrophy

      Last Pap:

2096

      Last Mammogram:

9/98 WNL

      LMP:

2096

      Last Bone Density:

6/98- t-1.80

      Contraception:   Abstinence

unable to have intercourse



Past History

      ---  Menstrual History ---

menopausal, no PMB

      Abnormal Paps:

s/p CKC 2060s

      STD's:   None



Problems

      Diabetes mellitus

      CAD s/p quadruple bypass 2096

      s/p E.coli sepsis 2096

ARDS/ Seizures requiring extended MICU stay, colostomy

      SVC thromobosis 2096

      s/p sternal oseomyelitis w/ graft 2096

      s/p cold-knife cone in 2060s 

      s/p partial thyroidectomy

      Medication list:     : MVI, CA+D, fossamax, prograf, cellcept, prednisone, nexxium, ASA, lipitor, Toprol XL, coumadin, insulin



Physical Exam

      General Appearance:   NL Habitus

      Neck:   Normal

      Thyroid:   Normal

      Resp. Effort:   Normal

      Ausc. Lungs:   Normal

      Ausc. Heart:   Abnormal

2/6 SEM

      Abdomen:   Abnormal

colostomy, benign

      Liver/Spleen:   Normal

      Neck:   Normal

      Axilla:   Normal

+ costochondritis

      Mood and Affect:   Normal

      Breasts:   Normal

      Ext. Genitalia:   Normal

      Ureth Meatus:   Normal

      Bladder:   Normal

      Vagina/pelv. supp:   Abnormal

atrophic, very painful, pt couldn't tolerate exam



Assessment and Plan

56 y.o. w/ mult medical problems presenting for vaginal atrophy.

HCM: due for pap but unable to tolerate exam d/t pain. Will re-try 2 mos after using vagifem.  Mammo, BMD up-to-date.

Atrophy: vagifem BIW

RTC 2 mos

Agree with Vagifem treatment for atrophic vaginitis.





]]></TEXT>
  <TAGS>
    <MEDICATION id="DOC0" time="after DCT" type1="statin" type2="">
      <MEDICATION id="M0" start="787" end="794" text="lipitor" time="after DCT" type1="statin" type2="" comment=""/>
      <MEDICATION id="M1" start="787" end="794" text="lipitor" time="after DCT" type1="statin" type2="" comment=""/>
      <MEDICATION id="M2" start="787" end="794" text="lipitor" time="after DCT" type1="statin" type2="" comment=""/>
    </MEDICATION>
    <MEDICATION id="DOC1" time="during DCT" type1="aspirin" type2="">
      <MEDICATION id="M3" start="782" end="785" text="ASA" time="during DCT" type1="aspirin" type2="" comment=""/>
      <MEDICATION id="M4" start="782" end="785" text="ASA" time="during DCT" type1="aspirin" type2="" comment=""/>
      <MEDICATION id="M5" start="782" end="785" text="ASA" time="during DCT" type1="aspirin" type2="" comment=""/>
    </MEDICATION>
    <DIABETES id="DOC2" time="during DCT" indicator="mention">
      <DIABETES id="D0" start="406" end="423" text="Diabetes mellitus" time="during DCT" indicator="mention" comment=""/>
      <DIABETES id="D1" start="400" end="423" text="      Diabetes mellitus" time="during DCT" indicator="mention" comment=""/>
      <DIABETES id="D2" start="405" end="414" text=" Diabetes" time="during DCT" indicator="mention" comment=""/>
    </DIABETES>
    <MEDICATION id="DOC3" time="after DCT" type1="aspirin" type2="">
      <MEDICATION id="M6" start="782" end="785" text="ASA" time="after DCT" type1="aspirin" type2="" comment=""/>
      <MEDICATION id="M7" start="782" end="785" text="ASA" time="after DCT" type1="aspirin" type2="" comment=""/>
      <MEDICATION id="M8" start="782" end="785" text="ASA" time="after DCT" type1="aspirin" type2="" comment=""/>
    </MEDICATION>
    <MEDICATION id="DOC4" time="after DCT" type1="insulin" type2="">
      <MEDICATION id="M9" start="817" end="824" text="insulin" time="after DCT" type1="insulin" type2="" comment=""/>
      <MEDICATION id="M10" start="817" end="824" text="insulin" time="after DCT" type1="insulin" type2="" comment=""/>
      <MEDICATION id="M11" start="817" end="824" text="insulin" time="after DCT" type1="insulin" type2="" comment=""/>
    </MEDICATION>
    <MEDICATION id="DOC5" time="after DCT" type1="beta blocker" type2="">
      <MEDICATION id="M12" start="796" end="805" text="Toprol XL" time="after DCT" type1="beta blocker" type2="" comment=""/>
      <MEDICATION id="M13" start="796" end="805" text="Toprol XL" time="after DCT" type1="beta blocker" type2="" comment=""/>
      <MEDICATION id="M14" start="796" end="803" text="Toprol " time="after DCT" type1="beta blocker" type2="" comment=""/>
    </MEDICATION>
    <SMOKER id="DOC6" status="unknown">
      <SMOKER id="S0" status="unknown"/>
      <SMOKER id="S1" status="unknown"/>
      <SMOKER id="S2" start="3" end="9" text="Record" status="unknown" comment=""/>
    </SMOKER>
    <DIABETES id="DOC7" time="before DCT" indicator="mention">
      <DIABETES id="D3" start="406" end="423" text="Diabetes mellitus" time="before DCT" indicator="mention" comment=""/>
      <DIABETES id="D4" start="400" end="423" text="      Diabetes mellitus" time="before DCT" indicator="mention" comment=""/>
      <DIABETES id="D5" start="405" end="414" text=" Diabetes" time="before DCT" indicator="mention" comment=""/>
    </DIABETES>
    <MEDICATION id="DOC8" time="before DCT" type1="statin" type2="">
      <MEDICATION id="M15" start="787" end="794" text="lipitor" time="before DCT" type1="statin" type2="" comment=""/>
      <MEDICATION id="M16" start="787" end="794" text="lipitor" time="before DCT" type1="statin" type2="" comment=""/>
      <MEDICATION id="M17" start="787" end="794" text="lipitor" time="before DCT" type1="statin" type2="" comment=""/>
    </MEDICATION>
    <MEDICATION id="DOC9" time="during DCT" type1="statin" type2="">
      <MEDICATION id="M18" start="787" end="794" text="lipitor" time="during DCT" type1="statin" type2="" comment=""/>
      <MEDICATION id="M19" start="787" end="794" text="lipitor" time="during DCT" type1="statin" type2="" comment=""/>
      <MEDICATION id="M20" start="787" end="794" text="lipitor" time="during DCT" type1="statin" type2="" comment=""/>
    </MEDICATION>
    <CAD id="DOC10" time="after DCT" indicator="mention">
      <CAD id="C0" start="431" end="434" text="CAD" time="after DCT" indicator="mention" comment=""/>
      <CAD id="C1" start="431" end="434" text="CAD" time="after DCT" indicator="mention" comment=""/>
      <CAD id="C2" start="430" end="435" text=" CAD " time="after DCT" indicator="mention" comment=""/>
    </CAD>
    <CAD id="DOC11" time="during DCT" indicator="mention">
      <CAD id="C3" start="431" end="434" text="CAD" time="during DCT" indicator="mention" comment=""/>
      <CAD id="C4" start="431" end="434" text="CAD" time="during DCT" indicator="mention" comment=""/>
      <CAD id="C5" start="430" end="435" text=" CAD " time="during DCT" indicator="mention" comment=""/>
    </CAD>
    <MEDICATION id="DOC12" time="before DCT" type1="aspirin" type2="">
      <MEDICATION id="M21" start="782" end="785" text="ASA" time="before DCT" type1="aspirin" type2="" comment=""/>
      <MEDICATION id="M22" start="782" end="785" text="ASA" time="before DCT" type1="aspirin" type2="" comment=""/>
      <MEDICATION id="M23" start="782" end="785" text="ASA" time="before DCT" type1="aspirin" type2="" comment=""/>
    </MEDICATION>
    <FAMILY_HIST id="DOC13" indicator="not present">
      <FAMILY_HIST id="F0" indicator="not present"/>
      <FAMILY_HIST id="F1" indicator="not present"/>
      <FAMILY_HIST id="F2" indicator="not present"/>
    </FAMILY_HIST>
    <CAD id="DOC14" time="before DCT" indicator="mention">
      <CAD id="C6" start="431" end="434" text="CAD" time="before DCT" indicator="mention" comment=""/>
      <CAD id="C7" start="431" end="434" text="CAD" time="before DCT" indicator="mention" comment=""/>
      <CAD id="C8" start="430" end="435" text=" CAD " time="before DCT" indicator="mention" comment=""/>
      <CAD id="C9" start="439" end="455" text="quadruple bypass" time="before DCT" indicator="mention" comment=""/>
    </CAD>
    <MEDICATION id="DOC15" time="before DCT" type1="insulin" type2="">
      <MEDICATION id="M24" start="817" end="824" text="insulin" time="before DCT" type1="insulin" type2="" comment=""/>
      <MEDICATION id="M25" start="817" end="824" text="insulin" time="before DCT" type1="insulin" type2="" comment=""/>
      <MEDICATION id="M26" start="817" end="824" text="insulin" time="before DCT" type1="insulin" type2="" comment=""/>
    </MEDICATION>
    <CAD id="DOC16" time="before DCT" indicator="event">
      <CAD id="C10" start="439" end="460" text="quadruple bypass 2096" time="before DCT" indicator="event" comment=""/>
      <CAD id="C11" start="439" end="460" text="quadruple bypass 2096" time="before DCT" indicator="event" comment=""/>
    </CAD>
    <MEDICATION id="DOC17" time="during DCT" type1="insulin" type2="">
      <MEDICATION id="M27" start="817" end="824" text="insulin" time="during DCT" type1="insulin" type2="" comment=""/>
      <MEDICATION id="M28" start="817" end="824" text="insulin" time="during DCT" type1="insulin" type2="" comment=""/>
      <MEDICATION id="M29" start="817" end="824" text="insulin" time="during DCT" type1="insulin" type2="" comment=""/>
    </MEDICATION>
    <MEDICATION id="DOC18" time="before DCT" type1="beta blocker" type2="">
      <MEDICATION id="M30" start="796" end="805" text="Toprol XL" time="before DCT" type1="beta blocker" type2="" comment=""/>
      <MEDICATION id="M31" start="796" end="805" text="Toprol XL" time="before DCT" type1="beta blocker" type2="" comment=""/>
      <MEDICATION id="M32" start="796" end="803" text="Toprol " time="before DCT" type1="beta blocker" type2="" comment=""/>
    </MEDICATION>
    <MEDICATION id="DOC19" time="during DCT" type1="beta blocker" type2="">
      <MEDICATION id="M33" start="796" end="805" text="Toprol XL" time="during DCT" type1="beta blocker" type2="" comment=""/>
      <MEDICATION id="M34" start="796" end="805" text="Toprol XL" time="during DCT" type1="beta blocker" type2="" comment=""/>
      <MEDICATION id="M35" start="796" end="803" text="Toprol " time="during DCT" type1="beta blocker" type2="" comment=""/>
    </MEDICATION>
    <DIABETES id="DOC20" time="after DCT" indicator="mention">
      <DIABETES id="D6" start="406" end="423" text="Diabetes mellitus" time="after DCT" indicator="mention" comment=""/>
      <DIABETES id="D7" start="400" end="423" text="      Diabetes mellitus" time="after DCT" indicator="mention" comment=""/>
      <DIABETES id="D8" start="405" end="414" text=" Diabetes" time="after DCT" indicator="mention" comment=""/>
    </DIABETES>
    <PHI id="P0" start="16" end="26" text="2099-01-06" TYPE="DATE"/>
    <PHI id="P1" start="100" end="104" text="2096" TYPE="DATE"/>
    <PHI id="P2" start="129" end="133" text="9/98" TYPE="DATE"/>
    <PHI id="P3" start="151" end="155" text="2096" TYPE="DATE"/>
    <PHI id="P4" start="183" end="187" text="6/98" TYPE="DATE"/>
    <PHI id="P5" start="360" end="365" text="2060s" TYPE="DATE"/>
    <PHI id="P6" start="456" end="460" text="2096" TYPE="DATE"/>
    <PHI id="P7" start="486" end="490" text="2096" TYPE="DATE"/>
    <PHI id="P8" start="570" end="574" text="2096" TYPE="DATE"/>
    <PHI id="P9" start="616" end="620" text="2096" TYPE="DATE"/>
    <PHI id="P10" start="651" end="656" text="2060s" TYPE="DATE"/>
    <PHI id="P11" start="1426" end="1428" text="56" TYPE="AGE"/>
  </TAGS>
</root>
