<?xml version='1.0' encoding='UTF-8'?>
<root>
  <TEXT><![CDATA[


Record date: 2099-08-10

Follow-up Visit - Diabetes



Medications: 

Humalog 0-2/4-8/6-8	111-64-17

Lantus 15 U hs	Xayarath, Nancy

Prograf 3/2 mg bid

CellCept 500 mg bid

Prednisone 2.5 mg qd starting last week

Nexium 20 mg qd

Lipitor 20 mg qd

Toprol XL 25 mg qPM

Coumadin 4 mg qd (for SVC stent)

ASA 325 mg qd

Caltrate with D 1200-1500 mg per day in divided doses

Fosamax 70 mg qw

Calcium with D 500 mg qd   should be bid-tid

Centrum QD



Reason for Visit: Diabetes f/u. Still not hooked up with Anti_Coag.   Had stress test recently:"blockages". Having another done at Brighton.   BG's everywhere.  Had 2 reactions one in am and one in pm. 





Diet:     B: toast, cheese, fruit

             L: soup and sandwich

             S: "regular meal"





Activity/Exercise:





Monitoring:



Breakfast	Lunch	Supper	hs	

				

				

				







Pertinent Labs: 

07/28/2099 BUN 18,  CRE 1.1

07/28/2099 HGBA1C 10.00 (H)

05/11/2099 HGBA1C 9.30 (H)

Physical Exam: --

                 



Assessment and Plan: Diabetes. Widely varying BGs that would be best explained by more data and would benefit by better understanding of carbs and influence on sugar. Discussed  "1500" rule.  She has correction factor of 50-60 and insulin to carb ratioj of 1/20 based on current total daily doses. Could try to address Humalog doses using this. Try to keep record of food, bg and insulin.  Needs Anti-Coag appt which will be arranged today.





Follow-up:Dr. Townsend Sept.





__________________________________________

Pamela Ybarra, RN, NP, CDE





]]></TEXT>
  <TAGS>
    <MEDICATION id="DOC0" time="after DCT" type1="statin" type2="">
      <MEDICATION id="M0" start="235" end="242" text="Lipitor" time="after DCT" type1="statin" type2="" comment=""/>
      <MEDICATION id="M1" start="235" end="242" text="Lipitor" time="after DCT" type1="statin" type2="" comment=""/>
      <MEDICATION id="M2" start="235" end="242" text="Lipitor" time="after DCT" type1="statin" type2="" comment=""/>
    </MEDICATION>
    <MEDICATION id="DOC1" time="during DCT" type1="aspirin" type2="">
      <MEDICATION id="M3" start="308" end="311" text="ASA" time="during DCT" type1="aspirin" type2="" comment=""/>
      <MEDICATION id="M4" start="308" end="311" text="ASA" time="during DCT" type1="aspirin" type2="" comment=""/>
      <MEDICATION id="M5" start="308" end="311" text="ASA" time="during DCT" type1="aspirin" type2="" comment=""/>
    </MEDICATION>
    <DIABETES id="DOC2" time="before DCT" indicator="A1C">
      <DIABETES id="D0" start="919" end="931" text="HGBA1C 10.00" time="before DCT" indicator="A1C" comment=""/>
      <DIABETES id="D1" start="908" end="935" text="07/28/2099 HGBA1C 10.00 (H)" time="before DCT" indicator="A1C" comment=""/>
      <DIABETES id="D2" start="937" end="963" text="05/11/2099 HGBA1C 9.30 (H)" time="before DCT" indicator="A1C" comment=""/>
      <DIABETES id="D3" start="948" end="963" text="HGBA1C 9.30 (H)" time="before DCT" indicator="A1C" comment=""/>
    </DIABETES>
    <DIABETES id="DOC3" time="during DCT" indicator="mention">
      <DIABETES id="D4" start="46" end="54" text="Diabetes" time="during DCT" indicator="mention" comment=""/>
      <DIABETES id="D5" start="474" end="482" text="Diabetes" time="during DCT" indicator="mention" comment=""/>
      <DIABETES id="D6" start="46" end="54" text="Diabetes" time="during DCT" indicator="mention" comment=""/>
    </DIABETES>
    <MEDICATION id="DOC4" time="after DCT" type1="aspirin" type2="">
      <MEDICATION id="M6" start="308" end="311" text="ASA" time="after DCT" type1="aspirin" type2="" comment=""/>
      <MEDICATION id="M7" start="308" end="311" text="ASA" time="after DCT" type1="aspirin" type2="" comment=""/>
      <MEDICATION id="M8" start="308" end="311" text="ASA" time="after DCT" type1="aspirin" type2="" comment=""/>
    </MEDICATION>
    <MEDICATION id="DOC5" time="after DCT" type1="insulin" type2="">
      <MEDICATION id="M9" start="73" end="80" text="Humalog" time="after DCT" type1="insulin" type2="" comment=""/>
      <MEDICATION id="M10" start="104" end="111" text="Lantus " time="after DCT" type1="insulin" type2="" comment=""/>
      <MEDICATION id="M11" start="73" end="80" text="Humalog" time="after DCT" type1="insulin" type2="" comment=""/>
      <MEDICATION id="M12" start="104" end="110" text="Lantus" time="after DCT" type1="insulin" type2="" comment=""/>
      <MEDICATION id="M13" start="73" end="80" text="Humalog" time="after DCT" type1="insulin" type2="" comment=""/>
      <MEDICATION id="M14" start="104" end="110" text="Lantus" time="after DCT" type1="insulin" type2="" comment=""/>
    </MEDICATION>
    <MEDICATION id="DOC6" time="after DCT" type1="beta blocker" type2="">
      <MEDICATION id="M15" start="253" end="259" text="Toprol" time="after DCT" type1="beta blocker" type2="" comment=""/>
      <MEDICATION id="M16" start="253" end="262" text="Toprol XL" time="after DCT" type1="beta blocker" type2="" comment=""/>
      <MEDICATION id="M17" start="253" end="262" text="Toprol XL" time="after DCT" type1="beta blocker" type2="" comment=""/>
    </MEDICATION>
    <SMOKER id="DOC7" status="unknown">
      <SMOKER id="S0" start="3" end="9" text="Record" status="unknown" comment=""/>
      <SMOKER id="S1" status="unknown"/>
      <SMOKER id="S2" status="unknown"/>
    </SMOKER>
    <DIABETES id="DOC8" time="before DCT" indicator="mention">
      <DIABETES id="D7" start="46" end="54" text="Diabetes" time="before DCT" indicator="mention" comment=""/>
      <DIABETES id="D8" start="474" end="482" text="Diabetes" time="before DCT" indicator="mention" comment=""/>
      <DIABETES id="D9" start="46" end="54" text="Diabetes" time="before DCT" indicator="mention" comment=""/>
    </DIABETES>
    <MEDICATION id="DOC9" time="before DCT" type1="statin" type2="">
      <MEDICATION id="M18" start="235" end="242" text="Lipitor" time="before DCT" type1="statin" type2="" comment=""/>
      <MEDICATION id="M19" start="235" end="242" text="Lipitor" time="before DCT" type1="statin" type2="" comment=""/>
      <MEDICATION id="M20" start="235" end="242" text="Lipitor" time="before DCT" type1="statin" type2="" comment=""/>
    </MEDICATION>
    <MEDICATION id="DOC10" time="during DCT" type1="statin" type2="">
      <MEDICATION id="M21" start="235" end="242" text="Lipitor" time="during DCT" type1="statin" type2="" comment=""/>
      <MEDICATION id="M22" start="235" end="242" text="Lipitor" time="during DCT" type1="statin" type2="" comment=""/>
      <MEDICATION id="M23" start="235" end="242" text="Lipitor" time="during DCT" type1="statin" type2="" comment=""/>
    </MEDICATION>
    <FAMILY_HIST id="DOC11" indicator="not present">
      <FAMILY_HIST id="F0" indicator="not present"/>
      <FAMILY_HIST id="F1" indicator="not present"/>
      <FAMILY_HIST id="F2" indicator="not present"/>
    </FAMILY_HIST>
    <MEDICATION id="DOC12" time="before DCT" type1="aspirin" type2="">
      <MEDICATION id="M24" start="308" end="311" text="ASA" time="before DCT" type1="aspirin" type2="" comment=""/>
      <MEDICATION id="M25" start="308" end="311" text="ASA" time="before DCT" type1="aspirin" type2="" comment=""/>
      <MEDICATION id="M26" start="308" end="311" text="ASA" time="before DCT" type1="aspirin" type2="" comment=""/>
    </MEDICATION>
    <MEDICATION id="DOC13" time="before DCT" type1="insulin" type2="">
      <MEDICATION id="M27" start="73" end="80" text="Humalog" time="before DCT" type1="insulin" type2="" comment=""/>
      <MEDICATION id="M28" start="104" end="111" text="Lantus " time="before DCT" type1="insulin" type2="" comment=""/>
      <MEDICATION id="M29" start="73" end="80" text="Humalog" time="before DCT" type1="insulin" type2="" comment=""/>
      <MEDICATION id="M30" start="104" end="110" text="Lantus" time="before DCT" type1="insulin" type2="" comment=""/>
      <MEDICATION id="M31" start="73" end="80" text="Humalog" time="before DCT" type1="insulin" type2="" comment=""/>
      <MEDICATION id="M32" start="104" end="110" text="Lantus" time="before DCT" type1="insulin" type2="" comment=""/>
    </MEDICATION>
    <MEDICATION id="DOC14" time="during DCT" type1="insulin" type2="">
      <MEDICATION id="M33" start="73" end="80" text="Humalog" time="during DCT" type1="insulin" type2="" comment=""/>
      <MEDICATION id="M34" start="104" end="111" text="Lantus " time="during DCT" type1="insulin" type2="" comment=""/>
      <MEDICATION id="M35" start="73" end="80" text="Humalog" time="during DCT" type1="insulin" type2="" comment=""/>
      <MEDICATION id="M36" start="104" end="110" text="Lantus" time="during DCT" type1="insulin" type2="" comment=""/>
      <MEDICATION id="M37" start="73" end="80" text="Humalog" time="during DCT" type1="insulin" type2="" comment=""/>
      <MEDICATION id="M38" start="104" end="110" text="Lantus" time="during DCT" type1="insulin" type2="" comment=""/>
    </MEDICATION>
    <MEDICATION id="DOC15" time="before DCT" type1="beta blocker" type2="">
      <MEDICATION id="M39" start="253" end="259" text="Toprol" time="before DCT" type1="beta blocker" type2="" comment=""/>
      <MEDICATION id="M40" start="253" end="262" text="Toprol XL" time="before DCT" type1="beta blocker" type2="" comment=""/>
      <MEDICATION id="M41" start="253" end="262" text="Toprol XL" time="before DCT" type1="beta blocker" type2="" comment=""/>
    </MEDICATION>
    <MEDICATION id="DOC16" time="during DCT" type1="beta blocker" type2="">
      <MEDICATION id="M42" start="253" end="259" text="Toprol" time="during DCT" type1="beta blocker" type2="" comment=""/>
      <MEDICATION id="M43" start="253" end="262" text="Toprol XL" time="during DCT" type1="beta blocker" type2="" comment=""/>
      <MEDICATION id="M44" start="253" end="262" text="Toprol XL" time="during DCT" type1="beta blocker" type2="" comment=""/>
    </MEDICATION>
    <DIABETES id="DOC17" time="after DCT" indicator="mention">
      <DIABETES id="D10" start="46" end="54" text="Diabetes" time="after DCT" indicator="mention" comment=""/>
      <DIABETES id="D11" start="474" end="482" text="Diabetes" time="after DCT" indicator="mention" comment=""/>
      <DIABETES id="D12" start="46" end="54" text="Diabetes" time="after DCT" indicator="mention" comment=""/>
    </DIABETES>
    <PHI id="P0" start="16" end="26" text="2099-08-10" TYPE="DATE"/>
    <PHI id="P1" start="93" end="102" text="111-64-17" TYPE="MEDICALRECORD"/>
    <PHI id="P2" start="119" end="134" text="Xayarath, Nancy" TYPE="PATIENT"/>
    <PHI id="P3" start="587" end="595" text="Brighton" TYPE="HOSPITAL"/>
    <PHI id="P4" start="879" end="889" text="07/28/2099" TYPE="DATE"/>
    <PHI id="P5" start="908" end="918" text="07/28/2099" TYPE="DATE"/>
    <PHI id="P6" start="937" end="947" text="05/11/2099" TYPE="DATE"/>
    <PHI id="P7" start="1465" end="1473" text="Townsend" TYPE="DOCTOR"/>
    <PHI id="P8" start="1474" end="1478" text="Sept" TYPE="DATE"/>
    <PHI id="P9" start="1529" end="1542" text="Pamela Ybarra" TYPE="DOCTOR"/>
  </TAGS>
</root>
