<?xml version='1.0' encoding='UTF-8'?>
<root>
  <TEXT><![CDATA[


Record date: 2100-02-17

      

February 17, 2100







Lawrence Townsend, M.D.

44 Briggs St



Re: Nancy Xayarath

ANC Unit #:  111-64-17



Dear Dr. Townsend:



	I had the pleasure of seeing Nancy Xayarath today with regards to callus formation over the plantar aspect of her left foot.



	As you are aware, she is a 57-year-old woman with a history of insulin-dependent diabetes mellitus and Charcot arthropathy of her left foot that has resulted in a rocker bottom deformity.  She currently wears accommodative orthotics typical for somebody with her deformity.  She has noted that perhaps over the last two weeks or so that a callus has formed under the plantar lateral aspect of the left foot. She denies any drainage, erythema, or increased swelling or warmth in the foot.  Her orthotics were made in September and seem to be working quite well for her. She admits however that over the last month and half or so that she has been wearing boots that her current orthotics do not fit in. Apparently, she has had to resort to her old orthotics, which did not take her Charcot deformity into account.  



	Her past medical history is significant for diabetes mellitus and coronary artery disease. Her medications include Prograf, prednisone, Prilosec, an aspirin a day, Imdur, calcium supplement, a multi vitamin, Lantus insulin, and Humalog with meals.  She takes Imuran, Coumadin, and Toprol XL, as well as Lipitor.  Her past surgical history is significant for colostomy in 2094, fistula repair in 2095, coronary artery bypass surgery times four in 2096, a kidney transplant in 2097, and a fistula ligation in 2098.  She quit smoking ten years ago and has no known allergies to medications.

	

	Physical examination is centered mainly around her left foot.  She has diminished sensation to ten-point examination with a Semmes-Weinstein 5.05 monofilament.  She has multiple toe amputations, all of which have healed nicely. She does have a palpable dorsalis pedis pulse.  The skin is of normal turgor. She has no active plantar ulcers on 

Page two

Re:  Nancy Xayarath

Date: February 17, 2100







either foot. At the apex of her rocker bottom deformity on the left side there is a callus that I d  brided in the office underlying which is a grade 0 ulcer.  



	No new x-rays were obtained today.



	Diagnosis: Grade 0 ulcer, diabetic left foot.



	Plan:  She has not reached the dermis on her left foot, however, should she continue to weight-bear without mechanical off-loading it is only a matter of time before this develops into a grade I ulcer.  It is unclear to me whether the culprit is an orthotic that needs to be remolded or the fact that she has been wearing boots with an inappropriate orthotic.  I am going to have her see Samantha Albright, our orthotist to have the insoles remolded with Plastizote.  I have asked Ms. Xayarath to bring the shoes that she typically wears as well as the boots she wears.  We will follow this development closely as Ms. Xayarath is perfectly aware of the potential downsides of forming an ulcer. She knows to contact me if she has any questions or concerns in the meantime. Thank you kindly for this referral.



Best personal regards,







Fredrich L. van Butler, M.D.



FLC/conley/MF 





]]></TEXT>
  <TAGS>
    <MEDICATION id="DOC0" time="after DCT" type1="statin" type2="">
      <MEDICATION id="M0" start="1422" end="1429" text="Lipitor" time="after DCT" type1="statin" type2="" comment=""/>
      <MEDICATION id="M1" start="1422" end="1429" text="Lipitor" time="after DCT" type1="statin" type2="" comment=""/>
      <MEDICATION id="M2" start="1422" end="1429" text="Lipitor" time="after DCT" type1="statin" type2="" comment=""/>
    </MEDICATION>
    <MEDICATION id="DOC1" time="during DCT" type1="aspirin" type2="">
      <MEDICATION id="M3" start="1268" end="1275" text="aspirin" time="during DCT" type1="aspirin" type2="" comment=""/>
      <MEDICATION id="M4" start="1268" end="1276" text="aspirin " time="during DCT" type1="aspirin" type2="" comment=""/>
      <MEDICATION id="M5" start="1268" end="1275" text="aspirin" time="during DCT" type1="aspirin" type2="" comment=""/>
    </MEDICATION>
    <DIABETES id="DOC2" time="after DCT" indicator="mention">
      <DIABETES id="D0" start="363" end="398" text="insulin-dependent diabetes mellitus" time="after DCT" indicator="mention" comment=""/>
      <DIABETES id="D1" start="381" end="389" text="diabetes" time="after DCT" indicator="mention" comment=""/>
      <DIABETES id="D2" start="363" end="398" text="insulin-dependent diabetes mellitus" time="after DCT" indicator="mention" comment=""/>
    </DIABETES>
    <DIABETES id="DOC3" time="during DCT" indicator="mention">
      <DIABETES id="D3" start="363" end="398" text="insulin-dependent diabetes mellitus" time="during DCT" indicator="mention" comment=""/>
      <DIABETES id="D4" start="381" end="389" text="diabetes" time="during DCT" indicator="mention" comment=""/>
      <DIABETES id="D5" start="363" end="398" text="insulin-dependent diabetes mellitus" time="during DCT" indicator="mention" comment=""/>
    </DIABETES>
    <MEDICATION id="DOC4" time="after DCT" type1="aspirin" type2="">
      <MEDICATION id="M6" start="1268" end="1275" text="aspirin" time="after DCT" type1="aspirin" type2="" comment=""/>
      <MEDICATION id="M7" start="1268" end="1276" text="aspirin " time="after DCT" type1="aspirin" type2="" comment=""/>
      <MEDICATION id="M8" start="1268" end="1275" text="aspirin" time="after DCT" type1="aspirin" type2="" comment=""/>
    </MEDICATION>
    <MEDICATION id="DOC5" time="after DCT" type1="insulin" type2="">
      <MEDICATION id="M9" start="1327" end="1333" text="Lantus" time="after DCT" type1="insulin" type2="" comment=""/>
      <MEDICATION id="M10" start="1347" end="1354" text="Humalog" time="after DCT" type1="insulin" type2="" comment=""/>
      <MEDICATION id="M11" start="1327" end="1354" text="Lantus insulin, and Humalog" time="after DCT" type1="insulin" type2="" comment=""/>
      <MEDICATION id="M12" start="1327" end="1341" text="Lantus insulin" time="after DCT" type1="insulin" type2="" comment=""/>
      <MEDICATION id="M13" start="1347" end="1354" text="Humalog" time="after DCT" type1="insulin" type2="" comment=""/>
    </MEDICATION>
    <MEDICATION id="DOC6" time="after DCT" type1="beta blocker" type2="">
      <MEDICATION id="M14" start="1400" end="1409" text="Toprol XL" time="after DCT" type1="beta blocker" type2="" comment=""/>
      <MEDICATION id="M15" start="1399" end="1406" text=" Toprol" time="after DCT" type1="beta blocker" type2="" comment=""/>
      <MEDICATION id="M16" start="1400" end="1409" text="Toprol XL" time="after DCT" type1="beta blocker" type2="" comment=""/>
    </MEDICATION>
    <SMOKER id="DOC7" status="unknown">
      <SMOKER id="S0" status="unknown"/>
      <SMOKER id="S1" start="3" end="9" text="Record" status="unknown" comment=""/>
      <SMOKER id="S2" status="unknown"/>
    </SMOKER>
    <DIABETES id="DOC8" time="before DCT" indicator="mention">
      <DIABETES id="D6" start="363" end="398" text="insulin-dependent diabetes mellitus" time="before DCT" indicator="mention" comment=""/>
      <DIABETES id="D7" start="381" end="389" text="diabetes" time="before DCT" indicator="mention" comment=""/>
      <DIABETES id="D8" start="363" end="398" text="insulin-dependent diabetes mellitus" time="before DCT" indicator="mention" comment=""/>
    </DIABETES>
    <MEDICATION id="DOC9" time="before DCT" type1="statin" type2="">
      <MEDICATION id="M17" start="1422" end="1429" text="Lipitor" time="before DCT" type1="statin" type2="" comment=""/>
      <MEDICATION id="M18" start="1422" end="1429" text="Lipitor" time="before DCT" type1="statin" type2="" comment=""/>
      <MEDICATION id="M19" start="1422" end="1429" text="Lipitor" time="before DCT" type1="statin" type2="" comment=""/>
    </MEDICATION>
    <MEDICATION id="DOC10" time="during DCT" type1="statin" type2="">
      <MEDICATION id="M20" start="1422" end="1429" text="Lipitor" time="during DCT" type1="statin" type2="" comment=""/>
      <MEDICATION id="M21" start="1422" end="1429" text="Lipitor" time="during DCT" type1="statin" type2="" comment=""/>
      <MEDICATION id="M22" start="1422" end="1429" text="Lipitor" time="during DCT" type1="statin" type2="" comment=""/>
    </MEDICATION>
    <FAMILY_HIST id="DOC11" indicator="not present">
      <FAMILY_HIST id="F0" indicator="not present"/>
      <FAMILY_HIST id="F1" indicator="not present"/>
      <FAMILY_HIST id="F2" indicator="not present"/>
    </FAMILY_HIST>
    <CAD id="DOC12" time="during DCT" indicator="mention">
      <CAD id="C0" start="1186" end="1208" text="oronary artery disease" time="during DCT" indicator="mention" comment=""/>
      <CAD id="C1" start="1185" end="1208" text="coronary artery disease" time="during DCT" indicator="mention" comment=""/>
      <CAD id="C2" start="1185" end="1208" text="coronary artery disease" time="during DCT" indicator="mention" comment=""/>
    </CAD>
    <MEDICATION id="DOC13" time="before DCT" type1="aspirin" type2="">
      <MEDICATION id="M23" start="1268" end="1275" text="aspirin" time="before DCT" type1="aspirin" type2="" comment=""/>
      <MEDICATION id="M24" start="1268" end="1276" text="aspirin " time="before DCT" type1="aspirin" type2="" comment=""/>
      <MEDICATION id="M25" start="1268" end="1275" text="aspirin" time="before DCT" type1="aspirin" type2="" comment=""/>
    </MEDICATION>
    <MEDICATION id="DOC14" time="before DCT" type1="nitrate" type2="">
      <MEDICATION id="M26" start="1283" end="1288" text="Imdur" time="before DCT" type1="nitrate" type2="" comment=""/>
      <MEDICATION id="M27" start="1282" end="1288" text=" Imdur" time="before DCT" type1="nitrate" type2="" comment=""/>
    </MEDICATION>
    <CAD id="DOC15" time="after DCT" indicator="mention">
      <CAD id="C3" start="1186" end="1208" text="oronary artery disease" time="after DCT" indicator="mention" comment=""/>
      <CAD id="C4" start="1185" end="1208" text="coronary artery disease" time="after DCT" indicator="mention" comment=""/>
      <CAD id="C5" start="1185" end="1208" text="coronary artery disease" time="after DCT" indicator="mention" comment=""/>
    </CAD>
    <MEDICATION id="DOC16" time="before DCT" type1="insulin" type2="">
      <MEDICATION id="M28" start="1327" end="1333" text="Lantus" time="before DCT" type1="insulin" type2="" comment=""/>
      <MEDICATION id="M29" start="1347" end="1354" text="Humalog" time="before DCT" type1="insulin" type2="" comment=""/>
      <MEDICATION id="M30" start="1327" end="1354" text="Lantus insulin, and Humalog" time="before DCT" type1="insulin" type2="" comment=""/>
      <MEDICATION id="M31" start="1327" end="1341" text="Lantus insulin" time="before DCT" type1="insulin" type2="" comment=""/>
      <MEDICATION id="M32" start="1347" end="1354" text="Humalog" time="before DCT" type1="insulin" type2="" comment=""/>
    </MEDICATION>
    <MEDICATION id="DOC17" time="during DCT" type1="insulin" type2="">
      <MEDICATION id="M33" start="1327" end="1333" text="Lantus" time="during DCT" type1="insulin" type2="" comment=""/>
      <MEDICATION id="M34" start="1347" end="1354" text="Humalog" time="during DCT" type1="insulin" type2="" comment=""/>
      <MEDICATION id="M35" start="1327" end="1354" text="Lantus insulin, and Humalog" time="during DCT" type1="insulin" type2="" comment=""/>
      <MEDICATION id="M36" start="1327" end="1341" text="Lantus insulin" time="during DCT" type1="insulin" type2="" comment=""/>
      <MEDICATION id="M37" start="1347" end="1354" text="Humalog" time="during DCT" type1="insulin" type2="" comment=""/>
    </MEDICATION>
    <MEDICATION id="DOC18" time="before DCT" type1="beta blocker" type2="">
      <MEDICATION id="M38" start="1400" end="1409" text="Toprol XL" time="before DCT" type1="beta blocker" type2="" comment=""/>
      <MEDICATION id="M39" start="1399" end="1406" text=" Toprol" time="before DCT" type1="beta blocker" type2="" comment=""/>
      <MEDICATION id="M40" start="1400" end="1409" text="Toprol XL" time="before DCT" type1="beta blocker" type2="" comment=""/>
    </MEDICATION>
    <MEDICATION id="DOC19" time="during DCT" type1="beta blocker" type2="">
      <MEDICATION id="M41" start="1400" end="1409" text="Toprol XL" time="during DCT" type1="beta blocker" type2="" comment=""/>
      <MEDICATION id="M42" start="1399" end="1406" text=" Toprol" time="during DCT" type1="beta blocker" type2="" comment=""/>
      <MEDICATION id="M43" start="1400" end="1409" text="Toprol XL" time="during DCT" type1="beta blocker" type2="" comment=""/>
    </MEDICATION>
    <CAD id="DOC20" time="before DCT" indicator="mention">
      <CAD id="C6" start="1186" end="1208" text="oronary artery disease" time="before DCT" indicator="mention" comment=""/>
      <CAD id="C7" start="1185" end="1208" text="coronary artery disease" time="before DCT" indicator="mention" comment=""/>
      <CAD id="C8" start="1282" end="1288" text=" Imdur" time="before DCT" indicator="mention" comment=""/>
      <CAD id="C9" start="1185" end="1208" text="coronary artery disease" time="before DCT" indicator="mention" comment=""/>
    </CAD>
    <PHI id="P0" start="16" end="26" text="2100-02-17" TYPE="DATE"/>
    <PHI id="P1" start="36" end="53" text="February 17, 2100" TYPE="DATE"/>
    <PHI id="P2" start="61" end="78" text="Lawrence Townsend" TYPE="DOCTOR"/>
    <PHI id="P3" start="86" end="98" text="44 Briggs St" TYPE="STREET"/>
    <PHI id="P4" start="106" end="120" text="Nancy Xayarath" TYPE="DOCTOR"/>
    <PHI id="P5" start="122" end="125" text="ANC" TYPE="HOSPITAL"/>
    <PHI id="P6" start="135" end="144" text="111-64-17" TYPE="MEDICALRECORD"/>
    <PHI id="P7" start="157" end="165" text="Townsend" TYPE="DOCTOR"/>
    <PHI id="P8" start="200" end="214" text="Nancy Xayarath" TYPE="DOCTOR"/>
    <PHI id="P9" start="327" end="329" text="57" TYPE="AGE"/>
    <PHI id="P10" start="816" end="825" text="September" TYPE="DATE"/>
    <PHI id="P11" start="1490" end="1494" text="2094" TYPE="DATE"/>
    <PHI id="P12" start="1514" end="1518" text="2095" TYPE="DATE"/>
    <PHI id="P13" start="1565" end="1569" text="2096" TYPE="DATE"/>
    <PHI id="P14" start="1594" end="1598" text="2097" TYPE="DATE"/>
    <PHI id="P15" start="1626" end="1630" text="2098" TYPE="DATE"/>
    <PHI id="P16" start="2071" end="2085" text="Nancy Xayarath" TYPE="DOCTOR"/>
    <PHI id="P17" start="2093" end="2110" text="February 17, 2100" TYPE="DATE"/>
    <PHI id="P18" start="2760" end="2777" text="Samantha Albright" TYPE="DOCTOR"/>
    <PHI id="P19" start="2857" end="2865" text="Xayarath" TYPE="PATIENT"/>
    <PHI id="P20" start="2990" end="2998" text="Xayarath" TYPE="PATIENT"/>
    <PHI id="P21" start="3213" end="3235" text="Fredrich L. van Butler" TYPE="DOCTOR"/>
    <PHI id="P22" start="3245" end="3248" text="FLC" TYPE="DOCTOR"/>
    <PHI id="P23" start="3249" end="3255" text="conley" TYPE="DOCTOR"/>
    <PHI id="P24" start="3256" end="3258" text="MF" TYPE="DOCTOR"/>
  </TAGS>
</root>
