<?xml version='1.0' encoding='UTF-8'?>
<root>
  <TEXT><![CDATA[


Record date: 2083-12-15

f/u visit for multiple chronic medical probs





Problems

Congestive heart failure 

Chronic obstructive pulmonary disease 

Hypertension 

Gout 

DJD 

Benign prostatic hypertrophy 

Hyperlipidemia 

Chronic renal dysfunction 

Peripheral vascular disease : s/p right fem-tib bypass 1/78

Prostatic nodule : psa 1.6 09/81. seen by dr. hoover in 11/81 who recommended yearly follow up.

Coronary artery disease : ett exam: 2080The ECG response to pharmacological stress was uninterpretable for ischemia. The myocardial perfusion images reveal no evidence of ischemia. The images are suggestive of possible prior inferior infarction although soft tissue attenuation prevents a definitive evaluation of this territory.

sigmoid colorectal cancer : s/p sigmoid colectomy and sigmoidoscopy 04/82

rs3PE 

Diabetes mellitus 





Medications

Calcium Carbonate (500 Mg Elemental Ca ) 500MG, 1 Tablet(s) PO QD : Take as directed 

Prilosec (OMEPRAZOLE) 20MG, 1 Capsule(s) PO QD

Celebrex (CELECOXIB) 200MG, 1 Capsule(s) PO QD : Take as directed 

COLCHICINE 0.6MG, 1 Tablet(s) PO QOD : Take as directed 

Lopid (GEMFIBROZIL) 600MG, 1 Tablet(s) PO BID

DIGOXIN 0.125MG, 1 Tablet(s) PO QOD : Take as directed 

PREDNISONE 5MG, 1 Tablet(s) PO QD

Coumadin (WARFARIN Sodium) 3MG, 1 Tablet(s) PO QPM : Take as directed per anticoag

Isordil (ISOSORBIDE Dinitrate) 20MG, 1 Tablet(s) PO TID : Take as directed 

Kenalog 0.1% (TRIAMCINOLONE Acetonide 0.1%) 0.1%, 1 application TOP BID

ALLOPURINOL 100MG, 1 Tablet(s) PO QD : Take as directed 

Hydralazine Hcl 10MG, 1 Tablet(s) PO QID x 60 day(s) : Take as directed 

Lasix (FUROSEMIDE) 40MG, 1 Tablet(s) PO QD

Metoprolol Tartrate 50MG, 1 Tablet(s) PO BID

GLYBURIDE 1.25MG, 1 Tablet(s) PO QD 



CAD/ HTN no cp, sob or palpitations no doe  or nocturnal sx knows not to shovel snow     overdue  for bp med which he will take when he gets home

DM  brings in home record  fbs range: 116,115,107, 117, 98, 99, 136  4PM bs  151, 146, 155, 144, 145, 114, 211(ate candy)  per son  pt still on half tab glucotrol until bottle finished then will change to glyburide

pt feels he is eating less now  no hypo sx

prostate nodule  no gu sx

pvd  denies leg pains  

had nodules  L arm excised

concerned re lump around navel  occ tender  denies pain  no increase in size

O: 

Vital signs

BP 160/80 Right Arm ,P 72 Regular ,Wt 183 lb 

chest clear  decreased sounds at base cor rr at 72 no m/g

abdo  sm ventral hernia  above umbilicus  reducible  nontender

Labs  Psa 3  freepsa 0.97  pct free 32.3

hgbA1c  6.4 (127)

path report  = palisading granulomatous tissue reaction  

A: htn borderline  ? re to med overdue  

cad stable

pvd stable

dM  at goal  to change to glyburide soon  monitor bs  on new meds

psa  f/u Dr Hoover

sm abdo hernia  pt ed re prob  monitor

L arm nodules  unclear path  dx  

rtc as sched to  Dr Hale   to me April  call earlier prn





_____________________________________________

Ottilie Kang,RNC,ANP















]]></TEXT>
  <TAGS>
    <HYPERTENSION id="DOC0" time="during DCT" indicator="mention">
      <HYPERTENSION id="H0" start="155" end="167" text="Hypertension" time="during DCT" indicator="mention" comment=""/>
      <HYPERTENSION id="H1" start="155" end="167" text="Hypertension" time="during DCT" indicator="mention" comment=""/>
      <HYPERTENSION id="H2" start="155" end="168" text="Hypertension " time="during DCT" indicator="mention" comment=""/>
    </HYPERTENSION>
    <DIABETES id="DOC1" time="before DCT" indicator="mention">
      <DIABETES id="D0" start="831" end="849" text="Diabetes mellitus " time="before DCT" indicator="mention" comment=""/>
      <DIABETES id="D1" start="831" end="848" text="Diabetes mellitus" time="before DCT" indicator="mention" comment=""/>
      <DIABETES id="D2" start="831" end="850" text="Diabetes mellitus  " time="before DCT" indicator="mention" comment=""/>
    </DIABETES>
    <HYPERLIPIDEMIA id="DOC2" time="before DCT" indicator="mention">
      <HYPERLIPIDEMIA id="HY0" start="214" end="228" text="Hyperlipidemia" time="before DCT" indicator="mention" comment=""/>
      <HYPERLIPIDEMIA id="HY1" start="214" end="228" text="Hyperlipidemia" time="before DCT" indicator="mention" comment=""/>
      <HYPERLIPIDEMIA id="HY2" start="214" end="228" text="Hyperlipidemia" time="before DCT" indicator="mention" comment=""/>
    </HYPERLIPIDEMIA>
    <DIABETES id="DOC3" time="during DCT" indicator="mention">
      <DIABETES id="D3" start="831" end="849" text="Diabetes mellitus " time="during DCT" indicator="mention" comment=""/>
      <DIABETES id="D4" start="831" end="848" text="Diabetes mellitus" time="during DCT" indicator="mention" comment=""/>
      <DIABETES id="D5" start="831" end="850" text="Diabetes mellitus  " time="during DCT" indicator="mention" comment=""/>
    </DIABETES>
    <HYPERLIPIDEMIA id="DOC4" time="during DCT" indicator="mention">
      <HYPERLIPIDEMIA id="HY3" start="214" end="228" text="Hyperlipidemia" time="during DCT" indicator="mention" comment=""/>
      <HYPERLIPIDEMIA id="HY4" start="214" end="228" text="Hyperlipidemia" time="during DCT" indicator="mention" comment=""/>
      <HYPERLIPIDEMIA id="HY5" start="214" end="228" text="Hyperlipidemia" time="during DCT" indicator="mention" comment=""/>
    </HYPERLIPIDEMIA>
    <MEDICATION id="DOC5" time="during DCT" type1="nitrate" type2="">
      <MEDICATION id="M0" start="1352" end="1359" text="Isordil" time="during DCT" type1="nitrate" type2="" comment=""/>
      <MEDICATION id="M1" start="1352" end="1359" text="Isordil" time="during DCT" type1="nitrate" type2="" comment=""/>
      <MEDICATION id="M2" start="1352" end="1359" text="Isordil" time="during DCT" type1="nitrate" type2="" comment=""/>
    </MEDICATION>
    <MEDICATION id="DOC6" time="after DCT" type1="nitrate" type2="">
      <MEDICATION id="M3" start="1352" end="1359" text="Isordil" time="after DCT" type1="nitrate" type2="" comment=""/>
      <MEDICATION id="M4" start="1352" end="1359" text="Isordil" time="after DCT" type1="nitrate" type2="" comment=""/>
      <MEDICATION id="M5" start="1352" end="1359" text="Isordil" time="after DCT" type1="nitrate" type2="" comment=""/>
    </MEDICATION>
    <HYPERTENSION id="DOC7" time="during DCT" indicator="high bp">
      <HYPERTENSION id="H3" start="2347" end="2356" text="BP 160/80" time="during DCT" indicator="high bp" comment=""/>
      <HYPERTENSION id="H4" start="2347" end="2356" text="BP 160/80" time="during DCT" indicator="high bp" comment=""/>
      <HYPERTENSION id="H5" start="2350" end="2356" text="160/80" time="during DCT" indicator="high bp" comment=""/>
    </HYPERTENSION>
    <MEDICATION id="DOC8" time="after DCT" type1="sulfonylureas" type2="">
      <MEDICATION id="M6" start="1724" end="1733" text="GLYBURIDE" time="after DCT" type1="sulfonylureas" type2="" comment=""/>
      <MEDICATION id="M7" start="2116" end="2125" text="glyburide" time="after DCT" type1="sulfonylureas" type2="" comment=""/>
      <MEDICATION id="M8" start="2064" end="2073" text="glucotrol" time="after DCT" type1="sulfonylureas" type2="" comment=""/>
      <MEDICATION id="M9" start="1724" end="1734" text="GLYBURIDE " time="after DCT" type1="sulfonylureas" type2="" comment=""/>
    </MEDICATION>
    <MEDICATION id="DOC9" time="after DCT" type1="fibrate" type2="">
      <MEDICATION id="M10" start="1129" end="1134" text="Lopid" time="after DCT" type1="fibrate" type2="" comment=""/>
      <MEDICATION id="M11" start="1129" end="1134" text="Lopid" time="after DCT" type1="fibrate" type2="" comment=""/>
      <MEDICATION id="M12" start="1136" end="1147" text="GEMFIBROZIL" time="after DCT" type1="fibrate" type2="" comment=""/>
    </MEDICATION>
    <MEDICATION id="DOC10" time="during DCT" type1="sulfonylureas" type2="">
      <MEDICATION id="M13" start="2064" end="2073" text="glucotrol" time="during DCT" type1="sulfonylureas" type2="" comment=""/>
      <MEDICATION id="M14" start="1724" end="1734" text="GLYBURIDE " time="during DCT" type1="sulfonylureas" type2="" comment=""/>
    </MEDICATION>
    <HYPERTENSION id="DOC11" time="after DCT" indicator="mention">
      <HYPERTENSION id="H6" start="155" end="167" text="Hypertension" time="after DCT" indicator="mention" comment=""/>
      <HYPERTENSION id="H7" start="155" end="167" text="Hypertension" time="after DCT" indicator="mention" comment=""/>
      <HYPERTENSION id="H8" start="155" end="168" text="Hypertension " time="after DCT" indicator="mention" comment=""/>
    </HYPERTENSION>
    <MEDICATION id="DOC12" time="after DCT" type1="beta blocker" type2="">
      <MEDICATION id="M15" start="1678" end="1688" text="Metoprolol" time="after DCT" type1="beta blocker" type2="" comment=""/>
      <MEDICATION id="M16" start="1678" end="1688" text="Metoprolol" time="after DCT" type1="beta blocker" type2="" comment=""/>
      <MEDICATION id="M17" start="1678" end="1688" text="Metoprolol" time="after DCT" type1="beta blocker" type2="" comment=""/>
    </MEDICATION>
    <SMOKER id="DOC13" status="unknown">
      <SMOKER id="S0" status="unknown"/>
      <SMOKER id="S1" status="unknown"/>
      <SMOKER id="S2" start="3" end="10" text="Record " status="unknown" comment=""/>
    </SMOKER>
    <CAD id="DOC14" time="after DCT" indicator="mention">
      <CAD id="C0" start="417" end="440" text="Coronary artery disease" time="after DCT" indicator="mention" comment=""/>
      <CAD id="C1" start="417" end="439" text="Coronary artery diseas" time="after DCT" indicator="mention" comment=""/>
      <CAD id="C2" start="417" end="440" text="Coronary artery disease" time="after DCT" indicator="mention" comment=""/>
    </CAD>
    <FAMILY_HIST id="DOC15" indicator="not present">
      <FAMILY_HIST id="F0" indicator="not present"/>
      <FAMILY_HIST id="F1" indicator="not present"/>
      <FAMILY_HIST id="F2" indicator="not present"/>
    </FAMILY_HIST>
    <HYPERLIPIDEMIA id="DOC16" time="after DCT" indicator="mention">
      <HYPERLIPIDEMIA id="HY6" start="214" end="228" text="Hyperlipidemia" time="after DCT" indicator="mention" comment=""/>
      <HYPERLIPIDEMIA id="HY7" start="214" end="228" text="Hyperlipidemia" time="after DCT" indicator="mention" comment=""/>
      <HYPERLIPIDEMIA id="HY8" start="214" end="228" text="Hyperlipidemia" time="after DCT" indicator="mention" comment=""/>
    </HYPERLIPIDEMIA>
    <CAD id="DOC17" time="during DCT" indicator="mention">
      <CAD id="C3" start="417" end="440" text="Coronary artery disease" time="during DCT" indicator="mention" comment=""/>
      <CAD id="C4" start="417" end="439" text="Coronary artery diseas" time="during DCT" indicator="mention" comment=""/>
      <CAD id="C5" start="417" end="440" text="Coronary artery disease" time="during DCT" indicator="mention" comment=""/>
    </CAD>
    <MEDICATION id="DOC18" time="before DCT" type1="nitrate" type2="">
      <MEDICATION id="M18" start="1352" end="1359" text="Isordil" time="before DCT" type1="nitrate" type2="" comment=""/>
      <MEDICATION id="M19" start="1352" end="1359" text="Isordil" time="before DCT" type1="nitrate" type2="" comment=""/>
      <MEDICATION id="M20" start="1352" end="1359" text="Isordil" time="before DCT" type1="nitrate" type2="" comment=""/>
    </MEDICATION>
    <MEDICATION id="DOC19" time="during DCT" type1="fibrate" type2="">
      <MEDICATION id="M21" start="1129" end="1134" text="Lopid" time="during DCT" type1="fibrate" type2="" comment=""/>
      <MEDICATION id="M22" start="1129" end="1134" text="Lopid" time="during DCT" type1="fibrate" type2="" comment=""/>
      <MEDICATION id="M23" start="1136" end="1147" text="GEMFIBROZIL" time="during DCT" type1="fibrate" type2="" comment=""/>
    </MEDICATION>
    <DIABETES id="DOC20" time="after DCT" indicator="mention">
      <DIABETES id="D6" start="831" end="849" text="Diabetes mellitus " time="after DCT" indicator="mention" comment=""/>
      <DIABETES id="D7" start="831" end="848" text="Diabetes mellitus" time="after DCT" indicator="mention" comment=""/>
      <DIABETES id="D8" start="831" end="850" text="Diabetes mellitus  " time="after DCT" indicator="mention" comment=""/>
    </DIABETES>
    <MEDICATION id="DOC21" time="before DCT" type1="sulfonylureas" type2="">
      <MEDICATION id="M24" start="2064" end="2073" text="glucotrol" time="before DCT" type1="sulfonylureas" type2="" comment=""/>
      <MEDICATION id="M25" start="1724" end="1734" text="GLYBURIDE " time="before DCT" type1="sulfonylureas" type2="" comment=""/>
    </MEDICATION>
    <MEDICATION id="DOC22" time="before DCT" type1="fibrate" type2="">
      <MEDICATION id="M26" start="1129" end="1134" text="Lopid" time="before DCT" type1="fibrate" type2="" comment=""/>
      <MEDICATION id="M27" start="1129" end="1134" text="Lopid" time="before DCT" type1="fibrate" type2="" comment=""/>
      <MEDICATION id="M28" start="1136" end="1147" text="GEMFIBROZIL" time="before DCT" type1="fibrate" type2="" comment=""/>
    </MEDICATION>
    <HYPERTENSION id="DOC23" time="before DCT" indicator="mention">
      <HYPERTENSION id="H9" start="155" end="167" text="Hypertension" time="before DCT" indicator="mention" comment=""/>
      <HYPERTENSION id="H10" start="155" end="167" text="Hypertension" time="before DCT" indicator="mention" comment=""/>
      <HYPERTENSION id="H11" start="155" end="168" text="Hypertension " time="before DCT" indicator="mention" comment=""/>
    </HYPERTENSION>
    <MEDICATION id="DOC24" time="before DCT" type1="beta blocker" type2="">
      <MEDICATION id="M29" start="1678" end="1688" text="Metoprolol" time="before DCT" type1="beta blocker" type2="" comment=""/>
      <MEDICATION id="M30" start="1678" end="1688" text="Metoprolol" time="before DCT" type1="beta blocker" type2="" comment=""/>
      <MEDICATION id="M31" start="1678" end="1688" text="Metoprolol" time="before DCT" type1="beta blocker" type2="" comment=""/>
    </MEDICATION>
    <MEDICATION id="DOC25" time="during DCT" type1="beta blocker" type2="">
      <MEDICATION id="M32" start="1678" end="1688" text="Metoprolol" time="during DCT" type1="beta blocker" type2="" comment=""/>
      <MEDICATION id="M33" start="1678" end="1688" text="Metoprolol" time="during DCT" type1="beta blocker" type2="" comment=""/>
      <MEDICATION id="M34" start="1678" end="1688" text="Metoprolol" time="during DCT" type1="beta blocker" type2="" comment=""/>
    </MEDICATION>
    <CAD id="DOC26" time="before DCT" indicator="mention">
      <CAD id="C6" start="417" end="440" text="Coronary artery disease" time="before DCT" indicator="mention" comment=""/>
      <CAD id="C7" start="417" end="439" text="Coronary artery diseas" time="before DCT" indicator="mention" comment=""/>
      <CAD id="C8" start="417" end="440" text="Coronary artery disease" time="before DCT" indicator="mention" comment=""/>
    </CAD>
    <PHI id="P0" start="16" end="26" text="2083-12-15" TYPE="DATE"/>
    <PHI id="P1" start="314" end="318" text="1/78" TYPE="DATE"/>
    <PHI id="P2" start="347" end="352" text="09/81" TYPE="DATE"/>
    <PHI id="P3" start="366" end="372" text="hoover" TYPE="DOCTOR"/>
    <PHI id="P4" start="376" end="381" text="11/81" TYPE="DATE"/>
    <PHI id="P5" start="453" end="457" text="2080" TYPE="DATE"/>
    <PHI id="P6" start="816" end="821" text="04/82" TYPE="DATE"/>
    <PHI id="P7" start="2782" end="2788" text="Hoover" TYPE="DOCTOR"/>
    <PHI id="P8" start="2885" end="2889" text="Hale" TYPE="DOCTOR"/>
    <PHI id="P9" start="2898" end="2903" text="April" TYPE="DATE"/>
    <PHI id="P10" start="2974" end="2986" text="Ottilie Kang" TYPE="DOCTOR"/>
  </TAGS>
</root>
