<?xml version='1.0' encoding='UTF-8'?>
<root>
  <TEXT><![CDATA[


Record date: 2115-11-24

 



Neurology Resident Admit Note



Date:	11/23/15 	          



Patient Name:  Travis, Peggy				

MRN:   0834010		

PCP name:  Richard Verlin-Urbina



Age:  54		Gender:   Female



Chief Complaint:  Confusion, ? Seizure



HPI:

           This is a 54 year old female with no known past medical history who was brought in via EMS presenting with confusion and right head deviation. According to mother, Peggy was " not acting right " all day. She appeared more confused about her surroundings and certain usual daily activities (such as using the remote control). At around 6: 30 PM, her mother reports that she appeared to be repeatedly bending down to pick up something that wasn't there and she was not responding to voice. However, when EMS arrived, she was responding to their questions and appeared alert. At some point during transit her right head deviation began and her left arm weakness was noted. 

         According to her mother and sister, she had not been complaining of a headache or dizziness. She awoke this morning with bilateral foot tingling that quickly resolved. Also no recent illnesses or falls.



Time of onset:  	Around 6:30 PM	

Witnessed onset: Yes  

Onset: acute

Mode of arrival:  ambulance	

Clinical Course: improving 

Pre-morbid neurological status: no disability   

Code status: full code 



Past Medical History:										

None, though she hasn't seen a physician in over 20 years according to family



Medications: 

None



Allergies: NKDA



Social and Family History:

Occupation:  			Marital status: Single

Tobacco - Never

EtOH - Never 

Illicit drugs: Never	

Home living situation:  Lives with mother	

Family medical history:  Mother with pacemaker, Sister with palpitations



Examination:



VS:  	Temp:     		HR:   88   reg 	 BP:    171/90 

RR:    		O2 Sat: 94% on 2 L/min nasal canula



General: 	Appearance: 	WDWN, Drowsy

HEENT: 	NCAT, MMM, OP clear

Neck: 		supple, no thyromegaly, no LAN, no bruits

Chest: 		CTAB	

CVS: 		RRR, no m/r/g

Abd: 		soft, NT, ND, +BS

Ext:		no c/c/e, bilateral distal pulses strong, severe acne on left upper back



MS: 	General: 	Drowsy, inattentive

Orientation: 	in tact x 4 (person, place, date, situation

Attention:	Unable to name days of week or spell world backwards	 

Speech/Lang: 	difficult to assess since not cooperating with exam and drowsy.

Memory: 	3/3 registered, 0/3 at 5 minutes

Calculations: 	Not tested

Neglect:	Left sensory neglect

Praxis: 	Not tested



CN:

I:  		Not tested

II,III: 		PERRLA 4 -> 2, VFFC

III,IV,V:	EOM full w/o nystagmus, no ptosis. Normal saccades/pursuits

V: 		sensation intact to LT/PP, corneal reflex intact

VII: 		face symmetric without weakness

VIII: 		hears finger rub bilaterally

IX,X: 	            voice normal, palate elevates symmetrically

XI: 		SCM/trapezii 5/5

XII: 		tongue protrudes midline, no atrophy or fasciculation



Motor:		Normal bulk and tone; no tremor, rigidity, or bradykinesia.



	Delt	Bi	Tri	Grip	IP	Quad	Hamst	TibAnt	EHL	Gastroc	

	C5	C6	C7	C8/T1	L2	L3	L4-S1	L4	L5	S1	

R	5	5	5	5	5	5	5	5	5	5	

L	5	5	5	5	5	5	5	5	5	5	



Coord: 	Unable to test

	

Reflex:		No abnormal reflexes.  Jaw jerk absent.  No Hoffman's.



  	Bi	Tri	Bra	Pat	An	Plantar	

	C6	C7	C6	L4	S1		

R	2	2	2	2	2	Flexor	

L	2	2	2	2	2	Flexor	



Sens:   Left arm extinction to LT and painful stimuli.  



Gait: Posture, stance, stride, and arm-swing normal. Tandem gait intact. Able to walk on heels and toes. Romberg negative.



NIHSS (stroke patients) 	Time of exam:



1a:	      1    	1b:		0	1c:	0	2:	0	3:	0	4:	0	5:4

6:	4	7:		x	8:	0	9:	0	10:	1	11:	1	



                     



Laboratory Studies:



Results

NA 134 ,K 3.8,CL 104,CO2 26.2,BUN 13,CRE 0.6,GLU 317 

CA 9.9,PHOS 4.6 (H),MG 1.6, TBILI 0.3,DBILI 0.1,TP 8.5 (H),ALB 4.1 

AMY 37,LIPS 2.5

ALT/SGPT 11,AST/SGOT 9,ALKP 88,TBILI 0.3,DBILI 0.1



WBC 10.5,HCT 43.5,PLT 317

%NEUT 74 (H),%LYMPH 19 (L),%MONO 3 (L),%EOS 4,%BASO 



CXR:     

IMPRESSION

     Normal portable chest radiograph.



Head CT/CTA:  

Patent vessels. Chronic left frontal/right frontal infarcts. Right parietal/ frontal infarcts.



Impression:

54 year old female with acute right parietal/frontal infarcts.

 

Plan:

1. CVR: Allow BP to autoregulate

        Heparin Started with goal PTT 50-70

        Stroke w/u including Holter and TTE

        Check cholesterol panel, homocysteine, lipoprotein a

2. Heme: Hypercoagulation panel

3. Speech/Swallow, OT, PT evaluation

4. Prophylaxis: Nexium, pneumoboots

 



________________________________

Hue Calhoun, MD #24104

Neurology Resident 



Patient is interested in hearing more about ongoing research protocols: Yes 



]]></TEXT>
  <TAGS>
    <FAMILY_HIST id="DOC0" indicator="not present">
      <FAMILY_HIST id="F0" indicator="not present"/>
      <FAMILY_HIST id="F1" indicator="not present"/>
      <FAMILY_HIST id="F2" indicator="not present"/>
    </FAMILY_HIST>
    <HYPERTENSION id="DOC1" time="during DCT" indicator="high bp">
      <HYPERTENSION id="H0" start="1825" end="1831" text="171/90" time="during DCT" indicator="high bp" comment=""/>
      <HYPERTENSION id="H1" start="1818" end="1831" text="BP:    171/90" time="during DCT" indicator="high bp" comment=""/>
      <HYPERTENSION id="H2" start="1818" end="1832" text="BP:    171/90 " time="during DCT" indicator="high bp" comment=""/>
    </HYPERTENSION>
    <SMOKER id="DOC2" status="never">
      <SMOKER id="S0" start="1592" end="1608" text="Tobacco - Never " status="never" comment=""/>
      <SMOKER id="S1" start="1592" end="1607" text="Tobacco - Never" status="never" comment=""/>
      <SMOKER id="S2" start="1592" end="1607" text="Tobacco - Never" status="never" comment=""/>
    </SMOKER>
    <PHI id="P0" start="16" end="26" text="2115-11-24" TYPE="DATE"/>
    <PHI id="P1" start="72" end="80" text="11/23/15" TYPE="DATE"/>
    <PHI id="P2" start="111" end="124" text="Travis, Peggy" TYPE="PATIENT"/>
    <PHI id="P3" start="137" end="144" text="0834010" TYPE="MEDICALRECORD"/>
    <PHI id="P4" start="159" end="180" text="Richard Verlin-Urbina" TYPE="DOCTOR"/>
    <PHI id="P5" start="190" end="192" text="54" TYPE="AGE"/>
    <PHI id="P6" start="283" end="285" text="54" TYPE="AGE"/>
    <PHI id="P7" start="437" end="442" text="Peggy" TYPE="PATIENT"/>
    <PHI id="P8" start="4162" end="4164" text="54" TYPE="AGE"/>
    <PHI id="P9" start="4569" end="4580" text="Hue Calhoun" TYPE="DOCTOR"/>
    <PHI id="P10" start="4586" end="4591" text="24104" TYPE="PHONE"/>
  </TAGS>
</root>
