<?xml version='1.0' encoding='UTF-8'?>
<root>
  <TEXT><![CDATA[


Record date: 2076-09-24

       
Team 4 Admit Note




Admission Date: 9/23/2076
Patient Name: Carrillo, Percy
MRN#: 1668727
Attending: Kidd, Yechiel
Historian: patient and ED report


Reason for admission: change in MS and placement issues 


HPI: Patient is a 63-year-old man with mental retardation, diabetes mellitus, hypertension, hyperlipidemia, and s/p CVA in 2075 (subacute right medullary and
pontine strokes secondary to extensive atherosclerotic disease of the right
internal carotid artery).  He has been cared at home by his sister since his stroke last year and per his PCP&#8217;s notes earlier this year and per ED report his behavior and management has become steadily more difficult for his sister at home. Pt&#8217;s sister not with him on the floor however, per ED report pt supposedly found eating his own feces earlier and his sister expressing frustration and requesting a rehab placement for patient.  


Currently patient is alert an oriented x 3 and while denying any issues or complaints does express understanding that he is admitted with goal of being placed at a NH or rehab place.  


He denies any CP, SOB, n/v, f/c, HA, change in vision, worsening numbness, tingling, or parasthesia.  He does report decrease right-sided strength on his right side but reports improvement in strength since the CVA last year especially in the lower extremities. 


In ED CT of the head was performed and pt admitted for further w/u and possible placement.  

Past Medical History:  

HTN
Hyperlipidemia
seizure disorder ?since childhood (no seizure since childhood)
DM
H/o head trauma 13 years ago. Left subdural hematoma, right
ventriculomegaly secondary to obstructive hydrocephalus, right cerebellar contusion s/p right suboccipital craniotomy
mental retardation
s/p CVA in Sep-2075 (subacute right medullary and pontine strokes 
extensive atherosclerotic disease of the right internal carotid artery
   
Medications: (Per Dr. Kaufman&#8217;s note from July 14, 2076)



Glucophage (METFORMIN) 1000 MG (500MG TABLET take 2) PO BID 
Micronase (GLYBURIDE) 5 MG (5MG TABLET take 1) PO QD x 90 days
Percocet 5 MG/325 MG (OXYCODONE 5 MG/ACETAMINOPHEN 325 MG) 1 TAB PO Q6H PRN pain 
Plavix (CLOPIDOGREL) 75 MG (75MG TABLET take 1) PO QD x 90 days
Simvastatin 40 MG (40MG TABLET take 1) PO QHS 
Tegretol (CARBAMAZEPINE) 200MG TABLET take 1 Tablet(s) PO TID x 30 days

Allergies: 

Hydrocodone 5 Mg + Apap 500mg - GI UPSET

Family History:  ?


Social History:  legally blind, lives w/ sister Urquiza who is his care taker.

Review of Systems: as noted above


Physical Examination
Vital Signs:  T 98.2         P 77          BP 146/74           RR 20           O2: 97% RA


General: sleeping comfortably, NAD
HEENT:   PERRLA, EOMI, nystagmus on lateral gaze bilaterally, oral mucosa moist, conjunctiva clear
Skin:    no rash or ulcers on the trunk or extrmities
Neck:  supple with full ROM, no jvd
Chest: CTA B
Heart: RRR, no r/g/m
Abdomen:    s, nt, nd, +BS
Extremities:  no c/c/e
Neurological: CNII-XII grossly intact.  Patient oriented to place and time and to person (president) with little help. About 4/5 strength on the LUE, LLE, RLE.  2-3/5 strength on the RUE.  
Diagnostic Studies: 
09/23/2076 NA 139,  K 4.0,  CL 104,  CO2 26.3,  BUN 15,  CRE 0.9,  GLU 199 (H)


09/23/2076 WBC 8.9,  RBC 4.46 (L),  HGB 14.4,  HCT 38.6 (L),  MCV 87,  MCH 32.3,  MCHC 37.4 (H),  PLT 201


09/23/2076 RDW 13.8


09/23/2076 PT 11.8,  PT-INR 1.0,  PTT 24.0


09/23/2076 UA-COLOR Yellow,  UA-APP Clear,  UA-GLUC 3+,  UA-BILI NEGATIVE,  UA-KET NEGATIVE,  UA-SPGR 1.020,  UA-BLD NEGATIVE,  UA-PH 6.0


09/23/2076 UA-PROT NEGATIVE,  UA-UROBI NEGATIVE,  UA-NIT NEGATIVE,  UA-WBC NEGATIVE


09/23/2076 TOX1 ,  TOX2 


09/23/2076 UR-ACETOM NEGATIVE,  UAMPH NEGATIVE,  UBARB NEGATIVE,  UBENZ NEGATIVE,  URCOCA NEGATIVE,  UMAMPH NEGATIVE,  UMETHD NEGATIVE,  UOPI NEGATIVE


09/23/2076 URPCP NEGATIVE,  UTHC NEGATIVE,  TRC-UG POSITIVE





CXR: 
      IMPRESSION:
      Normal Chest.
CT Head:
      IMPRESSION:
      1.  No acute intracranial hemorrhage.  No focal soft tissue
      swelling.
      2.  Evidence of prior intracranial injury and surgery as described
      above, stable compared to prior study.
      3.  Stable mild opacification of the right mastoid air cells.


                                  
Impression/Plan: 63-year-old man with mental retardation, diabetes mellitus, hypertension, hyperlipidemia, and s/p CVA in 2075 who has been taken care of by his sister.  Steadily with worsening behavioral issues and more difficult to take care of by his sister.  Head CT is negative for a new CVA and labs are grossly normal and not suggestive of any major metabolic imbalance.  Patient also appears stable and NAD and fairly alert and oriented to the situation. He will likely benefit from a nursing home or rehab placement.
- Continue with out patient medications
- PT/OT consult
- Social services consult
- Regular diet
- Diabetic diet
- RISS and FS qid
- Lovenox 30 bid
- Full Code
_______________
Tito Quast, MD
Please page team 4 with questions.


]]></TEXT>
  <TAGS>
    <MEDICATION id="DOC0" time="after DCT" type1="statin" type2="">
      <MEDICATION id="M0" start="2263" end="2274" text="Simvastatin" time="after DCT" type1="statin" type2="" comment=""/>
      <MEDICATION id="M1" start="2263" end="2274" text="Simvastatin" time="after DCT" type1="statin" type2="" comment=""/>
      <MEDICATION id="M2" start="2263" end="2274" text="Simvastatin" time="after DCT" type1="statin" type2="" comment=""/>
    </MEDICATION>
    <MEDICATION id="DOC1" time="during DCT" type1="thienopyridine" type2="">
      <MEDICATION id="M3" start="2199" end="2219" text="Plavix (CLOPIDOGREL)" time="during DCT" type1="thienopyridine" type2="" comment=""/>
      <MEDICATION id="M4" start="2199" end="2205" text="Plavix" time="during DCT" type1="thienopyridine" type2="" comment=""/>
    </MEDICATION>
    <MEDICATION id="DOC2" time="after DCT" type1="metformin" type2="">
      <MEDICATION id="M5" start="1993" end="2003" text="Glucophage" time="after DCT" type1="metformin" type2="" comment=""/>
      <MEDICATION id="M6" start="1993" end="2015" text="Glucophage (METFORMIN)" time="after DCT" type1="metformin" type2="" comment=""/>
      <MEDICATION id="M7" start="2005" end="2014" text="METFORMIN" time="after DCT" type1="metformin" type2="" comment=""/>
    </MEDICATION>
    <MEDICATION id="DOC3" time="during DCT" type1="metformin" type2="">
      <MEDICATION id="M8" start="1993" end="2003" text="Glucophage" time="during DCT" type1="metformin" type2="" comment=""/>
      <MEDICATION id="M9" start="1993" end="2015" text="Glucophage (METFORMIN)" time="during DCT" type1="metformin" type2="" comment=""/>
      <MEDICATION id="M10" start="2005" end="2014" text="METFORMIN" time="during DCT" type1="metformin" type2="" comment=""/>
    </MEDICATION>
    <HYPERTENSION id="DOC4" time="during DCT" indicator="mention">
      <HYPERTENSION id="H0" start="325" end="337" text="hypertension" time="during DCT" indicator="mention" comment=""/>
      <HYPERTENSION id="H1" start="325" end="337" text="hypertension" time="during DCT" indicator="mention" comment=""/>
      <HYPERTENSION id="H2" start="325" end="337" text="hypertension" time="during DCT" indicator="mention" comment=""/>
    </HYPERTENSION>
    <HYPERLIPIDEMIA id="DOC5" time="before DCT" indicator="mention">
      <HYPERLIPIDEMIA id="HY0" start="339" end="353" text="hyperlipidemia" time="before DCT" indicator="mention" comment=""/>
      <HYPERLIPIDEMIA id="HY1" start="339" end="353" text="hyperlipidemia" time="before DCT" indicator="mention" comment=""/>
      <HYPERLIPIDEMIA id="HY2" start="339" end="353" text="hyperlipidemia" time="before DCT" indicator="mention" comment=""/>
    </HYPERLIPIDEMIA>
    <DIABETES id="DOC6" time="during DCT" indicator="mention">
      <DIABETES id="D0" start="306" end="323" text="diabetes mellitus" time="during DCT" indicator="mention" comment=""/>
      <DIABETES id="D1" start="306" end="323" text="diabetes mellitus" time="during DCT" indicator="mention" comment=""/>
      <DIABETES id="D2" start="306" end="323" text="diabetes mellitus" time="during DCT" indicator="mention" comment=""/>
    </DIABETES>
    <HYPERLIPIDEMIA id="DOC7" time="during DCT" indicator="mention">
      <HYPERLIPIDEMIA id="HY3" start="339" end="353" text="hyperlipidemia" time="during DCT" indicator="mention" comment=""/>
      <HYPERLIPIDEMIA id="HY4" start="339" end="353" text="hyperlipidemia" time="during DCT" indicator="mention" comment=""/>
      <HYPERLIPIDEMIA id="HY5" start="339" end="353" text="hyperlipidemia" time="during DCT" indicator="mention" comment=""/>
    </HYPERLIPIDEMIA>
    <HYPERTENSION id="DOC8" time="during DCT" indicator="high bp">
      <HYPERTENSION id="H3" start="2639" end="2648" text="BP 146/74" time="during DCT" indicator="high bp" comment=""/>
      <HYPERTENSION id="H4" start="2642" end="2648" text="146/74" time="during DCT" indicator="high bp" comment=""/>
      <HYPERTENSION id="H5" start="2638" end="2648" text=" BP 146/74" time="during DCT" indicator="high bp" comment=""/>
    </HYPERTENSION>
    <MEDICATION id="DOC9" time="after DCT" type1="sulfonylureas" type2="">
      <MEDICATION id="M11" start="2054" end="2063" text="Micronase" time="after DCT" type1="sulfonylureas" type2="" comment=""/>
      <MEDICATION id="M12" start="2054" end="2076" text="Micronase (GLYBURIDE) " time="after DCT" type1="sulfonylureas" type2="" comment=""/>
      <MEDICATION id="M13" start="2065" end="2074" text="GLYBURIDE" time="after DCT" type1="sulfonylureas" type2="" comment=""/>
    </MEDICATION>
    <MEDICATION id="DOC10" time="during DCT" type1="sulfonylureas" type2="">
      <MEDICATION id="M14" start="2054" end="2063" text="Micronase" time="during DCT" type1="sulfonylureas" type2="" comment=""/>
      <MEDICATION id="M15" start="2054" end="2076" text="Micronase (GLYBURIDE) " time="during DCT" type1="sulfonylureas" type2="" comment=""/>
      <MEDICATION id="M16" start="2065" end="2074" text="GLYBURIDE" time="during DCT" type1="sulfonylureas" type2="" comment=""/>
    </MEDICATION>
    <MEDICATION id="DOC11" time="after DCT" type1="thienopyridine" type2="">
      <MEDICATION id="M17" start="2199" end="2219" text="Plavix (CLOPIDOGREL)" time="after DCT" type1="thienopyridine" type2="" comment=""/>
      <MEDICATION id="M18" start="2199" end="2205" text="Plavix" time="after DCT" type1="thienopyridine" type2="" comment=""/>
    </MEDICATION>
    <HYPERTENSION id="DOC12" time="after DCT" indicator="mention">
      <HYPERTENSION id="H6" start="325" end="337" text="hypertension" time="after DCT" indicator="mention" comment=""/>
      <HYPERTENSION id="H7" start="325" end="337" text="hypertension" time="after DCT" indicator="mention" comment=""/>
      <HYPERTENSION id="H8" start="325" end="337" text="hypertension" time="after DCT" indicator="mention" comment=""/>
    </HYPERTENSION>
    <SMOKER id="DOC13" status="unknown">
      <SMOKER id="S0" status="unknown"/>
      <SMOKER id="S1" status="unknown"/>
      <SMOKER id="S2" status="unknown"/>
    </SMOKER>
    <DIABETES id="DOC14" time="before DCT" indicator="mention">
      <DIABETES id="D3" start="306" end="323" text="diabetes mellitus" time="before DCT" indicator="mention" comment=""/>
      <DIABETES id="D4" start="306" end="323" text="diabetes mellitus" time="before DCT" indicator="mention" comment=""/>
      <DIABETES id="D5" start="306" end="323" text="diabetes mellitus" time="before DCT" indicator="mention" comment=""/>
    </DIABETES>
    <MEDICATION id="DOC15" time="before DCT" type1="statin" type2="">
      <MEDICATION id="M19" start="2263" end="2274" text="Simvastatin" time="before DCT" type1="statin" type2="" comment=""/>
      <MEDICATION id="M20" start="2263" end="2274" text="Simvastatin" time="before DCT" type1="statin" type2="" comment=""/>
      <MEDICATION id="M21" start="2263" end="2274" text="Simvastatin" time="before DCT" type1="statin" type2="" comment=""/>
    </MEDICATION>
    <MEDICATION id="DOC16" time="during DCT" type1="statin" type2="">
      <MEDICATION id="M22" start="2263" end="2274" text="Simvastatin" time="during DCT" type1="statin" type2="" comment=""/>
      <MEDICATION id="M23" start="2263" end="2274" text="Simvastatin" time="during DCT" type1="statin" type2="" comment=""/>
      <MEDICATION id="M24" start="2263" end="2274" text="Simvastatin" time="during DCT" type1="statin" type2="" comment=""/>
    </MEDICATION>
    <MEDICATION id="DOC17" time="before DCT" type1="metformin" type2="">
      <MEDICATION id="M25" start="1993" end="2003" text="Glucophage" time="before DCT" type1="metformin" type2="" comment=""/>
      <MEDICATION id="M26" start="1993" end="2015" text="Glucophage (METFORMIN)" time="before DCT" type1="metformin" type2="" comment=""/>
      <MEDICATION id="M27" start="2005" end="2014" text="METFORMIN" time="before DCT" type1="metformin" type2="" comment=""/>
    </MEDICATION>
    <HYPERLIPIDEMIA id="DOC18" time="after DCT" indicator="mention">
      <HYPERLIPIDEMIA id="HY6" start="339" end="353" text="hyperlipidemia" time="after DCT" indicator="mention" comment=""/>
      <HYPERLIPIDEMIA id="HY7" start="339" end="353" text="hyperlipidemia" time="after DCT" indicator="mention" comment=""/>
      <HYPERLIPIDEMIA id="HY8" start="339" end="353" text="hyperlipidemia" time="after DCT" indicator="mention" comment=""/>
    </HYPERLIPIDEMIA>
    <MEDICATION id="DOC19" time="before DCT" type1="sulfonylureas" type2="">
      <MEDICATION id="M28" start="2054" end="2063" text="Micronase" time="before DCT" type1="sulfonylureas" type2="" comment=""/>
      <MEDICATION id="M29" start="2054" end="2076" text="Micronase (GLYBURIDE) " time="before DCT" type1="sulfonylureas" type2="" comment=""/>
      <MEDICATION id="M30" start="2065" end="2074" text="GLYBURIDE" time="before DCT" type1="sulfonylureas" type2="" comment=""/>
    </MEDICATION>
    <MEDICATION id="DOC20" time="before DCT" type1="thienopyridine" type2="">
      <MEDICATION id="M31" start="2199" end="2219" text="Plavix (CLOPIDOGREL)" time="before DCT" type1="thienopyridine" type2="" comment=""/>
      <MEDICATION id="M32" start="2199" end="2205" text="Plavix" time="before DCT" type1="thienopyridine" type2="" comment=""/>
    </MEDICATION>
    <HYPERTENSION id="DOC21" time="before DCT" indicator="mention">
      <HYPERTENSION id="H9" start="325" end="337" text="hypertension" time="before DCT" indicator="mention" comment=""/>
      <HYPERTENSION id="H10" start="325" end="337" text="hypertension" time="before DCT" indicator="mention" comment=""/>
      <HYPERTENSION id="H11" start="325" end="337" text="hypertension" time="before DCT" indicator="mention" comment=""/>
    </HYPERTENSION>
    <FAMILY_HIST id="DOC22" indicator="not present">
      <FAMILY_HIST id="F0" indicator="not present"/>
      <FAMILY_HIST id="F1" indicator="not present"/>
      <FAMILY_HIST id="F2" indicator="not present"/>
    </FAMILY_HIST>
    <DIABETES id="DOC23" time="after DCT" indicator="mention">
      <DIABETES id="D6" start="306" end="323" text="diabetes mellitus" time="after DCT" indicator="mention" comment=""/>
      <DIABETES id="D7" start="306" end="323" text="diabetes mellitus" time="after DCT" indicator="mention" comment=""/>
      <DIABETES id="D8" start="306" end="323" text="diabetes mellitus" time="after DCT" indicator="mention" comment=""/>
    </DIABETES>
    <PHI id="P0" start="16" end="26" text="2076-09-24" TYPE="DATE"/>
    <PHI id="P1" start="74" end="83" text="9/23/2076" TYPE="DATE"/>
    <PHI id="P2" start="98" end="113" text="Carrillo, Percy" TYPE="PATIENT"/>
    <PHI id="P3" start="120" end="127" text="1668727" TYPE="MEDICALRECORD"/>
    <PHI id="P4" start="139" end="152" text="Kidd, Yechiel" TYPE="DOCTOR"/>
    <PHI id="P5" start="265" end="267" text="63" TYPE="AGE"/>
    <PHI id="P6" start="370" end="374" text="2075" TYPE="DATE"/>
    <PHI id="P7" start="1796" end="1804" text="Sep-2075" TYPE="DATE"/>
    <PHI id="P8" start="1949" end="1956" text="Kaufman" TYPE="DOCTOR"/>
    <PHI id="P9" start="1975" end="1988" text="July 14, 2076" TYPE="DATE"/>
    <PHI id="P10" start="2507" end="2514" text="Urquiza" TYPE="PATIENT"/>
    <PHI id="P11" start="3207" end="3217" text="09/23/2076" TYPE="DATE"/>
    <PHI id="P12" start="3288" end="3298" text="09/23/2076" TYPE="DATE"/>
    <PHI id="P13" start="3396" end="3406" text="09/23/2076" TYPE="DATE"/>
    <PHI id="P14" start="3418" end="3428" text="09/23/2076" TYPE="DATE"/>
    <PHI id="P15" start="3463" end="3473" text="09/23/2076" TYPE="DATE"/>
    <PHI id="P16" start="3603" end="3613" text="09/23/2076" TYPE="DATE"/>
    <PHI id="P17" start="3689" end="3699" text="09/23/2076" TYPE="DATE"/>
    <PHI id="P18" start="3716" end="3726" text="09/23/2076" TYPE="DATE"/>
    <PHI id="P19" start="3869" end="3879" text="09/23/2076" TYPE="DATE"/>
    <PHI id="P20" start="4327" end="4329" text="63" TYPE="AGE"/>
    <PHI id="P21" start="4432" end="4436" text="2075" TYPE="DATE"/>
    <PHI id="P22" start="5012" end="5022" text="Tito Quast" TYPE="DOCTOR"/>
  </TAGS>
</root>
