<?xml version='1.0' encoding='UTF-8'?>
<root>
  <TEXT><![CDATA[


Record date: 2076-01-24

Pt is a pleasant obese 31yo man presenting for f/u DM, HTN, lipids, insomnia and depression.

Problems

Diabetes mellitus type 2 

Hypertension 

Hyperlipidemia 

Elevated triglycerides 

Depression 

Obesity 

Back pain : DISH 



Medications

Motrin (IBUPROFEN) 800 MG (800MG TABLET take 1) PO TID PRN pain

Metformin 875 MG (875MG TABLET take 1) PO TID  

Lisinopril 40 MG (40MG TABLET take 1) PO QD , dose increase

Prozac (FLUOXETINE HCL) 40 MG (20MG TABLET take 2) PO QD 

Zocor (SIMVASTATIN) 40 MG (40MG TABLET take 1) PO QHS , replaces Lipitor (insurance)

Hydrochlorothiazide 25 MG (25MG TABLET take 1) PO QD x 30 days

Serax (OXAZEPAM) 10 MG (10MG TABLET take 1) PO QHS PRN insomnia x 30 days

Fioricet (BUTALBITAL+APAP+CAFFEINE) 1 TAB (325-40-50 CAPSULE ) PO Q4H PRN headache



Last seen by PCP 1 mo ago. At that time, he had been complaining of hypoglycemia w/ sugars in the 70's causing him to feel shakey and anxious. Glyburide was stopped, Metformin dose was adjusted from 1000mg bid to 875mg tid. Today he states he has had no hypoglycemic sxs since these changes. He forgot his logbook today. Reports lowest sugar in the 80's, highest 180. Most fastings around 100, randoms 140-150's. He is still walking every day. States his back is "fine", no longer painful, though sometimes stiff upon wakening. Has appt at Promptcare for eye exam later this month.

Has gained #14 in 1 month, which he blames on increased stress at home. His cat was injured and recuperating. His mother was recently dx'd w/ "carcinoma", but he is unclear of type. He eats when he is stressed. Has not seen psych yet, but states they have been playing "phone tag". He continues to have insomnia and finds neither the Prozac or Serax helpful. Depression is stable, but not any better. Would like to change from Prozac to something else. Plans to call psych today and discuss. Denies SI/HI.

HTN managed w/ Lisinopril 40mg and HCTZ 25mg qd added last time. He is tolerating the med w/ no dizziness, CP, SOB, palps, edema. 

Lipids managed w/ Zocor, increased from 20 to 40mg qd last month. He denies myalgias. Has not made appt to see nutrition yet. He is a non-smoker.

Recent significant labs include urine malb/creat 4314, down from 6381. A1c 8.0, down from 10.6 at time of dx.

Exam: pleasant obese 31yo man NAD, in good spirits today. Improved eye contact, smiling

Bp 144/99 in triage,   144/92 lg cuff rechecked by me  HR 100reg  Wt #319

Random fingerstick 114

Lungs: clear; no rales, ronchi, wheezes

Cor: RRR; (+)tachy at 100 bpm

Extrems: no pedal edema bilat

A/P: 31yo man w/ multiple medical problems. DM control improving over time w/ no recurrence of hypoglycemia since stopping Glyburide and adjusting Metformin to 875mg tid. No changes made today. Pt encouraged to make appt w/ nutrition to assist w/ DM diet and wt loss. Keep upcoming appt at Promptcare for eye exam. HTN uncontrolled w/ addition of HCTZ, on ACEI also for renal protection. Per PCP, add Atenolol 25mg qd. Potential risks, benefits reviewed. For lipids, on increased Zocor x 1 mo. Recheck LFT's today on increased dose, recheck lipids at next PCP appt in 2 mos. Insomnia and depression stable, but not improving on Prozac and Serax. Pt promises to f/u w/ psych today by phone and meet w/ them ASAP for f/u. Sent to lab for LFT's, plus basic panel and repeat urine malb/creat; f/u as needed. PCP notified of today's visit and plan.


_____________________________________________

Nina I Morris,N.P.,M.S.



]]></TEXT>
  <TAGS>
    <MEDICATION id="DOC0" time="during DCT" type1="ACE inhibitor" type2="">
      <MEDICATION id="M0" start="387" end="397" text="Lisinopril" time="during DCT" type1="ACE inhibitor" type2="" comment=""/>
      <MEDICATION id="M1" start="1923" end="1933" text="Lisinopril" time="during DCT" type1="ACE inhibitor" type2="" comment=""/>
      <MEDICATION id="M2" start="387" end="397" text="Lisinopril" time="during DCT" type1="ACE inhibitor" type2="" comment=""/>
      <MEDICATION id="M3" start="387" end="398" text="Lisinopril " time="during DCT" type1="ACE inhibitor" type2="" comment=""/>
    </MEDICATION>
    <MEDICATION id="DOC1" time="after DCT" type1="statin" type2="">
      <MEDICATION id="M4" start="507" end="512" text="Zocor" time="after DCT" type1="statin" type2="" comment=""/>
      <MEDICATION id="M5" start="2058" end="2063" text="Zocor" time="after DCT" type1="statin" type2="" comment=""/>
      <MEDICATION id="M6" start="3069" end="3074" text="Zocor" time="after DCT" type1="statin" type2="" comment=""/>
      <MEDICATION id="M7" start="507" end="512" text="Zocor" time="after DCT" type1="statin" type2="" comment=""/>
      <MEDICATION id="M8" start="507" end="513" text="Zocor " time="after DCT" type1="statin" type2="" comment=""/>
    </MEDICATION>
    <MEDICATION id="DOC2" time="after DCT" type1="metformin" type2="">
      <MEDICATION id="M9" start="338" end="347" text="Metformin" time="after DCT" type1="metformin" type2="" comment=""/>
      <MEDICATION id="M10" start="984" end="993" text="Metformin" time="after DCT" type1="metformin" type2="" comment=""/>
      <MEDICATION id="M11" start="2736" end="2745" text="Metformin" time="after DCT" type1="metformin" type2="" comment=""/>
      <MEDICATION id="M12" start="338" end="347" text="Metformin" time="after DCT" type1="metformin" type2="" comment=""/>
      <MEDICATION id="M13" start="338" end="347" text="Metformin" time="after DCT" type1="metformin" type2="" comment=""/>
    </MEDICATION>
    <OBESE id="DOC3" time="after DCT" indicator="mention">
      <OBESE id="O0" start="229" end="236" text="Obesity" time="after DCT" indicator="mention" comment=""/>
      <OBESE id="O1" start="2313" end="2318" text="obese" time="after DCT" indicator="mention" comment=""/>
      <OBESE id="O2" start="229" end="236" text="Obesity" time="after DCT" indicator="mention" comment=""/>
      <OBESE id="O3" start="45" end="50" text="obese" time="after DCT" indicator="mention" comment=""/>
    </OBESE>
    <MEDICATION id="DOC4" time="during DCT" type1="metformin" type2="">
      <MEDICATION id="M14" start="338" end="347" text="Metformin" time="during DCT" type1="metformin" type2="" comment=""/>
      <MEDICATION id="M15" start="984" end="993" text="Metformin" time="during DCT" type1="metformin" type2="" comment=""/>
      <MEDICATION id="M16" start="2736" end="2745" text="Metformin" time="during DCT" type1="metformin" type2="" comment=""/>
      <MEDICATION id="M17" start="338" end="347" text="Metformin" time="during DCT" type1="metformin" type2="" comment=""/>
      <MEDICATION id="M18" start="338" end="347" text="Metformin" time="during DCT" type1="metformin" type2="" comment=""/>
    </MEDICATION>
    <HYPERTENSION id="DOC5" time="during DCT" indicator="mention">
      <HYPERTENSION id="H0" start="83" end="86" text="HTN" time="during DCT" indicator="mention" comment=""/>
      <HYPERTENSION id="H1" start="159" end="173" text="Hypertension  " time="during DCT" indicator="mention" comment=""/>
      <HYPERTENSION id="H2" start="1908" end="1911" text="HTN" time="during DCT" indicator="mention" comment=""/>
      <HYPERTENSION id="H3" start="2904" end="2907" text="HTN" time="during DCT" indicator="mention" comment=""/>
      <HYPERTENSION id="H4" start="83" end="86" text="HTN" time="during DCT" indicator="mention" comment=""/>
      <HYPERTENSION id="H5" start="83" end="86" text="HTN" time="during DCT" indicator="mention" comment=""/>
    </HYPERTENSION>
    <MEDICATION id="DOC6" time="after DCT" type1="ACE inhibitor" type2="">
      <MEDICATION id="M19" start="387" end="397" text="Lisinopril" time="after DCT" type1="ACE inhibitor" type2="" comment=""/>
      <MEDICATION id="M20" start="1923" end="1933" text="Lisinopril" time="after DCT" type1="ACE inhibitor" type2="" comment=""/>
      <MEDICATION id="M21" start="387" end="397" text="Lisinopril" time="after DCT" type1="ACE inhibitor" type2="" comment=""/>
      <MEDICATION id="M22" start="387" end="398" text="Lisinopril " time="after DCT" type1="ACE inhibitor" type2="" comment=""/>
    </MEDICATION>
    <MEDICATION id="DOC7" time="before DCT" type1="ACE inhibitor" type2="">
      <MEDICATION id="M23" start="387" end="397" text="Lisinopril" time="before DCT" type1="ACE inhibitor" type2="" comment=""/>
      <MEDICATION id="M24" start="1923" end="1933" text="Lisinopril" time="before DCT" type1="ACE inhibitor" type2="" comment=""/>
      <MEDICATION id="M25" start="387" end="397" text="Lisinopril" time="before DCT" type1="ACE inhibitor" type2="" comment=""/>
      <MEDICATION id="M26" start="387" end="398" text="Lisinopril " time="before DCT" type1="ACE inhibitor" type2="" comment=""/>
    </MEDICATION>
    <DIABETES id="DOC8" time="during DCT" indicator="mention">
      <DIABETES id="D0" start="79" end="81" text="DM" time="during DCT" indicator="mention" comment=""/>
      <DIABETES id="D1" start="132" end="157" text="Diabetes mellitus type 2 " time="during DCT" indicator="mention" comment=""/>
      <DIABETES id="D2" start="2633" end="2635" text="DM" time="during DCT" indicator="mention" comment=""/>
      <DIABETES id="D3" start="79" end="81" text="DM" time="during DCT" indicator="mention" comment=""/>
      <DIABETES id="D4" start="79" end="81" text="DM" time="during DCT" indicator="mention" comment=""/>
    </DIABETES>
    <MEDICATION id="DOC9" time="before DCT" type1="diuretic" type2="">
      <MEDICATION id="M27" start="593" end="612" text="Hydrochlorothiazide" time="before DCT" type1="diuretic" type2="" comment=""/>
      <MEDICATION id="M28" start="1943" end="1947" text="HCTZ" time="before DCT" type1="diuretic" type2="" comment=""/>
      <MEDICATION id="M29" start="2936" end="2940" text="HCTZ" time="before DCT" type1="diuretic" type2="" comment=""/>
      <MEDICATION id="M30" start="593" end="612" text="Hydrochlorothiazide" time="before DCT" type1="diuretic" type2="" comment=""/>
      <MEDICATION id="M31" start="593" end="612" text="Hydrochlorothiazide" time="before DCT" type1="diuretic" type2="" comment=""/>
    </MEDICATION>
    <HYPERLIPIDEMIA id="DOC10" time="during DCT" indicator="mention">
      <HYPERLIPIDEMIA id="HY0" start="88" end="94" text="lipids" time="during DCT" indicator="mention" comment=""/>
      <HYPERLIPIDEMIA id="HY1" start="174" end="188" text="Hyperlipidemia" time="during DCT" indicator="mention" comment=""/>
      <HYPERLIPIDEMIA id="HY2" start="2040" end="2046" text="Lipids" time="during DCT" indicator="mention" comment=""/>
      <HYPERLIPIDEMIA id="HY3" start="3048" end="3054" text="lipids" time="during DCT" indicator="mention" comment=""/>
      <HYPERLIPIDEMIA id="HY4" start="174" end="188" text="Hyperlipidemia" time="during DCT" indicator="mention" comment=""/>
      <HYPERLIPIDEMIA id="HY5" start="88" end="94" text="lipids" time="during DCT" indicator="mention" comment=""/>
    </HYPERLIPIDEMIA>
    <HYPERTENSION id="DOC11" time="during DCT" indicator="high bp">
      <HYPERTENSION id="H6" start="2387" end="2396" text="Bp 144/99" time="during DCT" indicator="high bp" comment=""/>
      <HYPERTENSION id="H7" start="2410" end="2434" text="144/92 lg cuff rechecked" time="during DCT" indicator="high bp" comment=""/>
      <HYPERTENSION id="H8" start="2387" end="2398" text="Bp 144/99 i" time="during DCT" indicator="high bp" comment=""/>
      <HYPERTENSION id="H9" start="2390" end="2396" text="144/99" time="during DCT" indicator="high bp" comment=""/>
    </HYPERTENSION>
    <HYPERTENSION id="DOC12" time="after DCT" indicator="mention">
      <HYPERTENSION id="H10" start="83" end="86" text="HTN" time="after DCT" indicator="mention" comment=""/>
      <HYPERTENSION id="H11" start="159" end="173" text="Hypertension  " time="after DCT" indicator="mention" comment=""/>
      <HYPERTENSION id="H12" start="1908" end="1911" text="HTN" time="after DCT" indicator="mention" comment=""/>
      <HYPERTENSION id="H13" start="2904" end="2907" text="HTN" time="after DCT" indicator="mention" comment=""/>
      <HYPERTENSION id="H14" start="83" end="86" text="HTN" time="after DCT" indicator="mention" comment=""/>
      <HYPERTENSION id="H15" start="83" end="86" text="HTN" time="after DCT" indicator="mention" comment=""/>
    </HYPERTENSION>
    <MEDICATION id="DOC13" time="after DCT" type1="beta blocker" type2="">
      <MEDICATION id="M32" start="2990" end="2998" text="Atenolol" time="after DCT" type1="beta blocker" type2="" comment=""/>
      <MEDICATION id="M33" start="2990" end="2998" text="Atenolol" time="after DCT" type1="beta blocker" type2="" comment=""/>
    </MEDICATION>
    <SMOKER id="DOC14" status="unknown">
      <SMOKER id="S0" status="unknown"/>
      <SMOKER id="S1" start="28" end="31" text="Pt " status="unknown" comment=""/>
    </SMOKER>
    <DIABETES id="DOC15" time="before DCT" indicator="mention">
      <DIABETES id="D5" start="79" end="81" text="DM" time="before DCT" indicator="mention" comment=""/>
      <DIABETES id="D6" start="132" end="157" text="Diabetes mellitus type 2 " time="before DCT" indicator="mention" comment=""/>
      <DIABETES id="D7" start="2633" end="2635" text="DM" time="before DCT" indicator="mention" comment=""/>
      <DIABETES id="D8" start="79" end="81" text="DM" time="before DCT" indicator="mention" comment=""/>
      <DIABETES id="D9" start="79" end="81" text="DM" time="before DCT" indicator="mention" comment=""/>
    </DIABETES>
    <MEDICATION id="DOC16" time="before DCT" type1="statin" type2="">
      <MEDICATION id="M34" start="507" end="512" text="Zocor" time="before DCT" type1="statin" type2="" comment=""/>
      <MEDICATION id="M35" start="572" end="579" text="Lipitor" time="before DCT" type1="statin" type2="" comment=""/>
      <MEDICATION id="M36" start="2058" end="2063" text="Zocor" time="before DCT" type1="statin" type2="" comment=""/>
      <MEDICATION id="M37" start="3069" end="3074" text="Zocor" time="before DCT" type1="statin" type2="" comment=""/>
      <MEDICATION id="M38" start="507" end="512" text="Zocor" time="before DCT" type1="statin" type2="" comment=""/>
      <MEDICATION id="M39" start="507" end="513" text="Zocor " time="before DCT" type1="statin" type2="" comment=""/>
    </MEDICATION>
    <MEDICATION id="DOC17" time="during DCT" type1="statin" type2="">
      <MEDICATION id="M40" start="507" end="512" text="Zocor" time="during DCT" type1="statin" type2="" comment=""/>
      <MEDICATION id="M41" start="2058" end="2063" text="Zocor" time="during DCT" type1="statin" type2="" comment=""/>
      <MEDICATION id="M42" start="3069" end="3074" text="Zocor" time="during DCT" type1="statin" type2="" comment=""/>
      <MEDICATION id="M43" start="507" end="512" text="Zocor" time="during DCT" type1="statin" type2="" comment=""/>
      <MEDICATION id="M44" start="507" end="513" text="Zocor " time="during DCT" type1="statin" type2="" comment=""/>
    </MEDICATION>
    <MEDICATION id="DOC18" time="during DCT" type1="diuretic" type2="">
      <MEDICATION id="M45" start="593" end="612" text="Hydrochlorothiazide" time="during DCT" type1="diuretic" type2="" comment=""/>
      <MEDICATION id="M46" start="1943" end="1947" text="HCTZ" time="during DCT" type1="diuretic" type2="" comment=""/>
      <MEDICATION id="M47" start="2936" end="2940" text="HCTZ" time="during DCT" type1="diuretic" type2="" comment=""/>
      <MEDICATION id="M48" start="593" end="612" text="Hydrochlorothiazide" time="during DCT" type1="diuretic" type2="" comment=""/>
      <MEDICATION id="M49" start="593" end="612" text="Hydrochlorothiazide" time="during DCT" type1="diuretic" type2="" comment=""/>
    </MEDICATION>
    <MEDICATION id="DOC19" time="before DCT" type1="metformin" type2="">
      <MEDICATION id="M50" start="338" end="347" text="Metformin" time="before DCT" type1="metformin" type2="" comment=""/>
      <MEDICATION id="M51" start="984" end="993" text="Metformin" time="before DCT" type1="metformin" type2="" comment=""/>
      <MEDICATION id="M52" start="2736" end="2745" text="Metformin" time="before DCT" type1="metformin" type2="" comment=""/>
      <MEDICATION id="M53" start="338" end="347" text="Metformin" time="before DCT" type1="metformin" type2="" comment=""/>
      <MEDICATION id="M54" start="338" end="347" text="Metformin" time="before DCT" type1="metformin" type2="" comment=""/>
    </MEDICATION>
    <OBESE id="DOC20" time="before DCT" indicator="mention">
      <OBESE id="O4" start="229" end="236" text="Obesity" time="before DCT" indicator="mention" comment=""/>
      <OBESE id="O5" start="2313" end="2318" text="obese" time="before DCT" indicator="mention" comment=""/>
      <OBESE id="O6" start="229" end="236" text="Obesity" time="before DCT" indicator="mention" comment=""/>
      <OBESE id="O7" start="45" end="50" text="obese" time="before DCT" indicator="mention" comment=""/>
    </OBESE>
    <FAMILY_HIST id="DOC21" indicator="not present">
      <FAMILY_HIST id="F0" indicator="not present"/>
      <FAMILY_HIST id="F1" indicator="not present"/>
      <FAMILY_HIST id="F2" indicator="not present"/>
    </FAMILY_HIST>
    <HYPERLIPIDEMIA id="DOC22" time="after DCT" indicator="mention">
      <HYPERLIPIDEMIA id="HY6" start="88" end="94" text="lipids" time="after DCT" indicator="mention" comment=""/>
      <HYPERLIPIDEMIA id="HY7" start="174" end="188" text="Hyperlipidemia" time="after DCT" indicator="mention" comment=""/>
      <HYPERLIPIDEMIA id="HY8" start="2040" end="2046" text="Lipids" time="after DCT" indicator="mention" comment=""/>
      <HYPERLIPIDEMIA id="HY9" start="3048" end="3054" text="lipids" time="after DCT" indicator="mention" comment=""/>
      <HYPERLIPIDEMIA id="HY10" start="174" end="188" text="Hyperlipidemia" time="after DCT" indicator="mention" comment=""/>
      <HYPERLIPIDEMIA id="HY11" start="88" end="94" text="lipids" time="after DCT" indicator="mention" comment=""/>
    </HYPERLIPIDEMIA>
    <MEDICATION id="DOC23" time="after DCT" type1="diuretic" type2="">
      <MEDICATION id="M55" start="593" end="612" text="Hydrochlorothiazide" time="after DCT" type1="diuretic" type2="" comment=""/>
      <MEDICATION id="M56" start="1943" end="1947" text="HCTZ" time="after DCT" type1="diuretic" type2="" comment=""/>
      <MEDICATION id="M57" start="2936" end="2940" text="HCTZ" time="after DCT" type1="diuretic" type2="" comment=""/>
      <MEDICATION id="M58" start="593" end="612" text="Hydrochlorothiazide" time="after DCT" type1="diuretic" type2="" comment=""/>
      <MEDICATION id="M59" start="593" end="612" text="Hydrochlorothiazide" time="after DCT" type1="diuretic" type2="" comment=""/>
    </MEDICATION>
    <HYPERLIPIDEMIA id="DOC24" time="before DCT" indicator="mention">
      <HYPERLIPIDEMIA id="HY12" start="88" end="94" text="lipids" time="before DCT" indicator="mention" comment=""/>
      <HYPERLIPIDEMIA id="HY13" start="174" end="188" text="Hyperlipidemia" time="before DCT" indicator="mention" comment=""/>
      <HYPERLIPIDEMIA id="HY14" start="2040" end="2046" text="Lipids" time="before DCT" indicator="mention" comment=""/>
      <HYPERLIPIDEMIA id="HY15" start="3048" end="3054" text="lipids" time="before DCT" indicator="mention" comment=""/>
      <HYPERLIPIDEMIA id="HY16" start="174" end="188" text="Hyperlipidemia" time="before DCT" indicator="mention" comment=""/>
      <HYPERLIPIDEMIA id="HY17" start="88" end="94" text="lipids" time="before DCT" indicator="mention" comment=""/>
    </HYPERLIPIDEMIA>
    <OBESE id="DOC25" time="during DCT" indicator="mention">
      <OBESE id="O8" start="229" end="236" text="Obesity" time="during DCT" indicator="mention" comment=""/>
      <OBESE id="O9" start="2313" end="2318" text="obese" time="during DCT" indicator="mention" comment=""/>
      <OBESE id="O10" start="229" end="236" text="Obesity" time="during DCT" indicator="mention" comment=""/>
      <OBESE id="O11" start="45" end="50" text="obese" time="during DCT" indicator="mention" comment=""/>
    </OBESE>
    <MEDICATION id="DOC26" time="before DCT" type1="sulfonylureas" type2="">
      <MEDICATION id="M60" start="961" end="970" text="Glyburide" time="before DCT" type1="sulfonylureas" type2="" comment=""/>
      <MEDICATION id="M61" start="2712" end="2721" text="Glyburide" time="before DCT" type1="sulfonylureas" type2="" comment=""/>
      <MEDICATION id="M62" start="961" end="970" text="Glyburide" time="before DCT" type1="sulfonylureas" type2="" comment=""/>
      <MEDICATION id="M63" start="961" end="971" text="Glyburide " time="before DCT" type1="sulfonylureas" type2="" comment=""/>
    </MEDICATION>
    <HYPERTENSION id="DOC27" time="before DCT" indicator="mention">
      <HYPERTENSION id="H16" start="83" end="86" text="HTN" time="before DCT" indicator="mention" comment=""/>
      <HYPERTENSION id="H17" start="159" end="173" text="Hypertension  " time="before DCT" indicator="mention" comment=""/>
      <HYPERTENSION id="H18" start="1908" end="1911" text="HTN" time="before DCT" indicator="mention" comment=""/>
      <HYPERTENSION id="H19" start="2904" end="2907" text="HTN" time="before DCT" indicator="mention" comment=""/>
      <HYPERTENSION id="H20" start="83" end="86" text="HTN" time="before DCT" indicator="mention" comment=""/>
      <HYPERTENSION id="H21" start="83" end="86" text="HTN" time="before DCT" indicator="mention" comment=""/>
    </HYPERTENSION>
    <DIABETES id="DOC28" time="after DCT" indicator="mention">
      <DIABETES id="D10" start="79" end="81" text="DM" time="after DCT" indicator="mention" comment=""/>
      <DIABETES id="D11" start="132" end="157" text="Diabetes mellitus type 2 " time="after DCT" indicator="mention" comment=""/>
      <DIABETES id="D12" start="2633" end="2635" text="DM" time="after DCT" indicator="mention" comment=""/>
      <DIABETES id="D13" start="79" end="81" text="DM" time="after DCT" indicator="mention" comment=""/>
      <DIABETES id="D14" start="79" end="81" text="DM" time="after DCT" indicator="mention" comment=""/>
    </DIABETES>
    <PHI id="P0" start="16" end="26" text="2076-01-24" TYPE="DATE"/>
    <PHI id="P1" start="51" end="53" text="31" TYPE="AGE"/>
    <PHI id="P2" start="1358" end="1368" text="Promptcare" TYPE="HOSPITAL"/>
    <PHI id="P3" start="2319" end="2321" text="31" TYPE="AGE"/>
    <PHI id="P4" start="2594" end="2596" text="31" TYPE="AGE"/>
    <PHI id="P5" start="2879" end="2889" text="Promptcare" TYPE="HOSPITAL"/>
    <PHI id="P6" start="3482" end="3495" text="Nina I Morris" TYPE="DOCTOR"/>
  </TAGS>
</root>
