<?xml version='1.0' encoding='UTF-8'?>
<root>
  <TEXT><![CDATA[


Record date: 2076-08-30

EDVISIT^24490460^VAUGHN, FRANK^08/30/76^JABLONSKI, SHIRLEY

The patient was interviewed and examined by myself, Dr. Jablonski,

as well as the resident, Dr. Ortiz for visit on 08/30/2076. 

Please see note for details reviewed in full.

HISTORY OF PRESENT ILLNESS:  This is an obese 32-year-old

gentleman with history of high cholesterol, hypertension, and

diabetes who comes in after trying to increase his exercise over

the last couple of weeks with shortness of breath and fatigue and

difficulty breathing since his walking yesterday.  He went to bed

and woke up today with continued symptoms.

FAMILY HISTORY:  Besides his past medical history, he has a

significant CAD in his grandfather with CHF.  His father died at

early age of 19 of a traumatic accident.

SOCIAL HISTORY:  She does not drink and does not smoke.

PAST SURGICAL HISTORY:  He himself has had no surgeries except a

cholecystectomy.

REVIEW OF SYSTEMS:  Shortness of breath, no chest pain, no

lightheadedness, no leg swelling, no palpitations, and came in

acutely diaphoretic with shortness of breath.

MEDICATIONS:  Lantus, glipizide, Zocor, atenolol, and was

recently started insulin as above a week ago.

ALLERGIES:  No known drug allergies.

PHYSICAL EXAMINATION:  Mildly obese gentleman with a pulse of

100, respiratory rate 28, O2 saturation 97 on 4 L, blood pressure

132/69, and temperature 98.1.  HEENT is anicteric.  Neck is

supple.  Heart is regular rate and rhythm although distant heart

sounds.  He is tachypneic but no obvious wheezes.  He has soft

abdomen.  Extremities showed no cyanosis, clubbing, or edema, no

calf tenderness.  Neurologic:  Oriented x3.  No obvious cranial,

motor, or sensory deficits.

Differential can be acute coronary syndrome versus PE.  His

weight is 330 pounds, went ahead and got a d-dimer, which was

negative.  We went ahead and got an EKG, which is normal.  Normal

chest x-ray.  Normal CKs, troponins, and SMA-7.  His magnesium is

slightly therapeutic at 1.7, which was repleted.  His hematocrit

and white count were normal.

DIAGNOSIS:  Shortness of breath, concern for ischemic equivalent.

DISPOSITION:  Admitted to the Medicine Service in stable

condition.

______________________________

JABLONSKI, SHIRLEY M.D.

D: 08/30/76

T: 08/30/76

Dictated By: JABLONSKI, SHIRLEY

eScription document:2-3735520 BFFocus

 ******** Not reviewed by Attending Physician ********





]]></TEXT>
  <TAGS>
    <MEDICATION id="DOC0" time="after DCT" type1="statin" type2="">
      <MEDICATION id="M0" start="1145" end="1150" text="Zocor" time="after DCT" type1="statin" type2="" comment=""/>
      <MEDICATION id="M1" start="1145" end="1150" text="Zocor" time="after DCT" type1="statin" type2="" comment=""/>
      <MEDICATION id="M2" start="1145" end="1150" text="Zocor" time="after DCT" type1="statin" type2="" comment=""/>
    </MEDICATION>
    <OBESE id="DOC1" time="after DCT" indicator="mention">
      <OBESE id="O0" start="304" end="310" text=" obese" time="after DCT" indicator="mention" comment=""/>
      <OBESE id="O1" start="305" end="310" text="obese" time="after DCT" indicator="mention" comment=""/>
      <OBESE id="O2" start="305" end="310" text="obese" time="after DCT" indicator="mention" comment=""/>
      <OBESE id="O3" start="1279" end="1291" text="Mildly obese" time="after DCT" indicator="mention" comment=""/>
    </OBESE>
    <HYPERTENSION id="DOC2" time="during DCT" indicator="mention">
      <HYPERTENSION id="H0" start="368" end="380" text="hypertension" time="during DCT" indicator="mention" comment=""/>
      <HYPERTENSION id="H1" start="368" end="380" text="hypertension" time="during DCT" indicator="mention" comment=""/>
      <HYPERTENSION id="H2" start="368" end="380" text="hypertension" time="during DCT" indicator="mention" comment=""/>
    </HYPERTENSION>
    <HYPERLIPIDEMIA id="DOC3" time="before DCT" indicator="mention">
      <HYPERLIPIDEMIA id="HY0" start="350" end="367" text="high cholesterol," time="before DCT" indicator="mention" comment=""/>
      <HYPERLIPIDEMIA id="HY1" start="350" end="366" text="high cholesterol" time="before DCT" indicator="mention" comment=""/>
      <HYPERLIPIDEMIA id="HY2" start="350" end="366" text="high cholesterol" time="before DCT" indicator="mention" comment=""/>
    </HYPERLIPIDEMIA>
    <DIABETES id="DOC4" time="during DCT" indicator="mention">
      <DIABETES id="D0" start="387" end="395" text="diabetes" time="during DCT" indicator="mention" comment=""/>
      <DIABETES id="D1" start="387" end="395" text="diabetes" time="during DCT" indicator="mention" comment=""/>
      <DIABETES id="D2" start="387" end="395" text="diabetes" time="during DCT" indicator="mention" comment=""/>
    </DIABETES>
    <HYPERLIPIDEMIA id="DOC5" time="during DCT" indicator="mention">
      <HYPERLIPIDEMIA id="HY3" start="350" end="367" text="high cholesterol," time="during DCT" indicator="mention" comment=""/>
      <HYPERLIPIDEMIA id="HY4" start="350" end="366" text="high cholesterol" time="during DCT" indicator="mention" comment=""/>
      <HYPERLIPIDEMIA id="HY5" start="350" end="366" text="high cholesterol" time="during DCT" indicator="mention" comment=""/>
    </HYPERLIPIDEMIA>
    <MEDICATION id="DOC6" time="after DCT" type1="insulin" type2="">
      <MEDICATION id="M3" start="1126" end="1132" text="Lantus" time="after DCT" type1="insulin" type2="" comment=""/>
      <MEDICATION id="M4" start="1126" end="1132" text="Lantus" time="after DCT" type1="insulin" type2="" comment=""/>
      <MEDICATION id="M5" start="1126" end="1132" text="Lantus" time="after DCT" type1="insulin" type2="" comment=""/>
    </MEDICATION>
    <MEDICATION id="DOC7" time="after DCT" type1="sulfonylureas" type2="">
      <MEDICATION id="M6" start="1134" end="1143" text="glipizide" time="after DCT" type1="sulfonylureas" type2="" comment=""/>
      <MEDICATION id="M7" start="1134" end="1143" text="glipizide" time="after DCT" type1="sulfonylureas" type2="" comment=""/>
      <MEDICATION id="M8" start="1134" end="1143" text="glipizide" time="after DCT" type1="sulfonylureas" type2="" comment=""/>
    </MEDICATION>
    <MEDICATION id="DOC8" time="during DCT" type1="sulfonylureas" type2="">
      <MEDICATION id="M9" start="1134" end="1143" text="glipizide" time="during DCT" type1="sulfonylureas" type2="" comment=""/>
      <MEDICATION id="M10" start="1134" end="1143" text="glipizide" time="during DCT" type1="sulfonylureas" type2="" comment=""/>
      <MEDICATION id="M11" start="1134" end="1143" text="glipizide" time="during DCT" type1="sulfonylureas" type2="" comment=""/>
    </MEDICATION>
    <FAMILY_HIST id="DOC9" indicator="present">
      <FAMILY_HIST id="F0" start="689" end="726" text="a  significant CAD in his grandfather" indicator="present" comment=""/>
      <FAMILY_HIST id="F1" start="715" end="726" text="grandfather" indicator="present" comment=""/>
    </FAMILY_HIST>
    <HYPERTENSION id="DOC10" time="after DCT" indicator="mention">
      <HYPERTENSION id="H3" start="368" end="380" text="hypertension" time="after DCT" indicator="mention" comment=""/>
      <HYPERTENSION id="H4" start="368" end="380" text="hypertension" time="after DCT" indicator="mention" comment=""/>
      <HYPERTENSION id="H5" start="368" end="380" text="hypertension" time="after DCT" indicator="mention" comment=""/>
    </HYPERTENSION>
    <MEDICATION id="DOC11" time="after DCT" type1="beta blocker" type2="">
      <MEDICATION id="M12" start="1152" end="1160" text="atenolol" time="after DCT" type1="beta blocker" type2="" comment=""/>
      <MEDICATION id="M13" start="1152" end="1160" text="atenolol" time="after DCT" type1="beta blocker" type2="" comment=""/>
      <MEDICATION id="M14" start="1152" end="1160" text="atenolol" time="after DCT" type1="beta blocker" type2="" comment=""/>
    </MEDICATION>
    <DIABETES id="DOC12" time="before DCT" indicator="mention">
      <DIABETES id="D3" start="387" end="395" text="diabetes" time="before DCT" indicator="mention" comment=""/>
      <DIABETES id="D4" start="387" end="395" text="diabetes" time="before DCT" indicator="mention" comment=""/>
      <DIABETES id="D5" start="387" end="395" text="diabetes" time="before DCT" indicator="mention" comment=""/>
    </DIABETES>
    <MEDICATION id="DOC13" time="before DCT" type1="statin" type2="">
      <MEDICATION id="M15" start="1145" end="1150" text="Zocor" time="before DCT" type1="statin" type2="" comment=""/>
      <MEDICATION id="M16" start="1145" end="1150" text="Zocor" time="before DCT" type1="statin" type2="" comment=""/>
      <MEDICATION id="M17" start="1145" end="1150" text="Zocor" time="before DCT" type1="statin" type2="" comment=""/>
    </MEDICATION>
    <MEDICATION id="DOC14" time="during DCT" type1="statin" type2="">
      <MEDICATION id="M18" start="1145" end="1150" text="Zocor" time="during DCT" type1="statin" type2="" comment=""/>
      <MEDICATION id="M19" start="1145" end="1150" text="Zocor" time="during DCT" type1="statin" type2="" comment=""/>
      <MEDICATION id="M20" start="1145" end="1150" text="Zocor" time="during DCT" type1="statin" type2="" comment=""/>
    </MEDICATION>
    <OBESE id="DOC15" time="before DCT" indicator="mention">
      <OBESE id="O4" start="304" end="310" text=" obese" time="before DCT" indicator="mention" comment=""/>
      <OBESE id="O5" start="305" end="310" text="obese" time="before DCT" indicator="mention" comment=""/>
      <OBESE id="O6" start="305" end="310" text="obese" time="before DCT" indicator="mention" comment=""/>
      <OBESE id="O7" start="1279" end="1291" text="Mildly obese" time="before DCT" indicator="mention" comment=""/>
    </OBESE>
    <HYPERLIPIDEMIA id="DOC16" time="after DCT" indicator="mention">
      <HYPERLIPIDEMIA id="HY6" start="350" end="367" text="high cholesterol," time="after DCT" indicator="mention" comment=""/>
      <HYPERLIPIDEMIA id="HY7" start="350" end="366" text="high cholesterol" time="after DCT" indicator="mention" comment=""/>
      <HYPERLIPIDEMIA id="HY8" start="350" end="366" text="high cholesterol" time="after DCT" indicator="mention" comment=""/>
    </HYPERLIPIDEMIA>
    <SMOKER id="DOC17" status="never">
      <SMOKER id="S0" start="840" end="854" text="does not smoke" status="never" comment=""/>
      <SMOKER id="S1" start="840" end="854" text="does not smoke" status="never" comment=""/>
      <SMOKER id="S2" start="840" end="854" text="does not smoke" status="never" comment=""/>
    </SMOKER>
    <MEDICATION id="DOC18" time="before DCT" type1="insulin" type2="">
      <MEDICATION id="M21" start="1126" end="1132" text="Lantus" time="before DCT" type1="insulin" type2="" comment=""/>
      <MEDICATION id="M22" start="1126" end="1132" text="Lantus" time="before DCT" type1="insulin" type2="" comment=""/>
      <MEDICATION id="M23" start="1126" end="1132" text="Lantus" time="before DCT" type1="insulin" type2="" comment=""/>
    </MEDICATION>
    <OBESE id="DOC19" time="during DCT" indicator="mention">
      <OBESE id="O8" start="304" end="310" text=" obese" time="during DCT" indicator="mention" comment=""/>
      <OBESE id="O9" start="305" end="310" text="obese" time="during DCT" indicator="mention" comment=""/>
      <OBESE id="O10" start="305" end="310" text="obese" time="during DCT" indicator="mention" comment=""/>
      <OBESE id="O11" start="1279" end="1291" text="Mildly obese" time="during DCT" indicator="mention" comment=""/>
    </OBESE>
    <MEDICATION id="DOC20" time="before DCT" type1="sulfonylureas" type2="">
      <MEDICATION id="M24" start="1134" end="1143" text="glipizide" time="before DCT" type1="sulfonylureas" type2="" comment=""/>
      <MEDICATION id="M25" start="1134" end="1143" text="glipizide" time="before DCT" type1="sulfonylureas" type2="" comment=""/>
      <MEDICATION id="M26" start="1134" end="1143" text="glipizide" time="before DCT" type1="sulfonylureas" type2="" comment=""/>
    </MEDICATION>
    <HYPERTENSION id="DOC21" time="before DCT" indicator="mention">
      <HYPERTENSION id="H6" start="368" end="380" text="hypertension" time="before DCT" indicator="mention" comment=""/>
      <HYPERTENSION id="H7" start="368" end="380" text="hypertension" time="before DCT" indicator="mention" comment=""/>
      <HYPERTENSION id="H8" start="368" end="380" text="hypertension" time="before DCT" indicator="mention" comment=""/>
    </HYPERTENSION>
    <MEDICATION id="DOC22" time="during DCT" type1="insulin" type2="">
      <MEDICATION id="M27" start="1126" end="1132" text="Lantus" time="during DCT" type1="insulin" type2="" comment=""/>
      <MEDICATION id="M28" start="1126" end="1132" text="Lantus" time="during DCT" type1="insulin" type2="" comment=""/>
      <MEDICATION id="M29" start="1126" end="1132" text="Lantus" time="during DCT" type1="insulin" type2="" comment=""/>
    </MEDICATION>
    <MEDICATION id="DOC23" time="before DCT" type1="beta blocker" type2="">
      <MEDICATION id="M30" start="1152" end="1160" text="atenolol" time="before DCT" type1="beta blocker" type2="" comment=""/>
      <MEDICATION id="M31" start="1152" end="1160" text="atenolol" time="before DCT" type1="beta blocker" type2="" comment=""/>
      <MEDICATION id="M32" start="1152" end="1160" text="atenolol" time="before DCT" type1="beta blocker" type2="" comment=""/>
    </MEDICATION>
    <MEDICATION id="DOC24" time="during DCT" type1="beta blocker" type2="">
      <MEDICATION id="M33" start="1152" end="1160" text="atenolol" time="during DCT" type1="beta blocker" type2="" comment=""/>
      <MEDICATION id="M34" start="1152" end="1160" text="atenolol" time="during DCT" type1="beta blocker" type2="" comment=""/>
      <MEDICATION id="M35" start="1152" end="1160" text="atenolol" time="during DCT" type1="beta blocker" type2="" comment=""/>
    </MEDICATION>
    <DIABETES id="DOC25" time="after DCT" indicator="mention">
      <DIABETES id="D6" start="387" end="395" text="diabetes" time="after DCT" indicator="mention" comment=""/>
      <DIABETES id="D7" start="387" end="395" text="diabetes" time="after DCT" indicator="mention" comment=""/>
      <DIABETES id="D8" start="387" end="395" text="diabetes" time="after DCT" indicator="mention" comment=""/>
    </DIABETES>
    <PHI id="P0" start="16" end="26" text="2076-08-30" TYPE="DATE"/>
    <PHI id="P1" start="36" end="44" text="24490460" TYPE="MEDICALRECORD"/>
    <PHI id="P2" start="45" end="58" text="VAUGHN, FRANK" TYPE="PATIENT"/>
    <PHI id="P3" start="59" end="67" text="08/30/76" TYPE="DATE"/>
    <PHI id="P4" start="68" end="86" text="JABLONSKI, SHIRLEY" TYPE="DOCTOR"/>
    <PHI id="P5" start="144" end="153" text="Jablonski" TYPE="DOCTOR"/>
    <PHI id="P6" start="185" end="190" text="Ortiz" TYPE="DOCTOR"/>
    <PHI id="P7" start="204" end="214" text="08/30/2076" TYPE="DATE"/>
    <PHI id="P8" start="311" end="313" text="32" TYPE="AGE"/>
    <PHI id="P9" start="771" end="773" text="19" TYPE="AGE"/>
    <PHI id="P10" start="2261" end="2279" text="JABLONSKI, SHIRLEY" TYPE="DOCTOR"/>
    <PHI id="P11" start="2289" end="2297" text="08/30/76" TYPE="DATE"/>
    <PHI id="P12" start="2302" end="2310" text="08/30/76" TYPE="DATE"/>
    <PHI id="P13" start="2325" end="2343" text="JABLONSKI, SHIRLEY" TYPE="DOCTOR"/>
    <PHI id="P14" start="2365" end="2374" text="2-3735520" TYPE="IDNUM"/>
  </TAGS>
</root>
