<?xml version='1.0' encoding='UTF-8'?>
<root>
  <TEXT><![CDATA[


Record date: 2097-10-31



INTERNAL MEDICINE ASSOCIATES
ROSELAND COMMUNITY HOSPITAL

Reason for visit
	
  f/u high blood sugar

Major Problems


Diabetes mellitus
PT here with no complaints except sugar still high. She was seen 2 days ago , for ?UTI and UC was neg. SHe has been taking bactrim . She is up at night urinating  freq , denies fever, GI sx, cough, rash , joint pain. She is taking her meds. Daughter in with her.

Active Medications

Bactrim DS 160mg/800mg po bid x 7 days
Ecotrin 325 mg po daily
ferrous sulfate 325mg po bid
free text medications  qid one touch ultra lancets
furosemide 20mg po daily
glipizide 10mg po bid take 30min before a meal
lisinopril 40 mg po daily
lovastatin 10mg po qpm take with food
metoprolol 25mg,  3 tabs po bid
Norvasc 10mg po daily
Prandin 2 mg before each meal
vitamin d 1000 units po daily

Physical Exam
Blood pressure 147/78  
Pulse 54  
Weight 159 today,  154 pounds
Office blood glucose fingerstick 448  at noon after breakfast
Office O2 saturation 100%  
General appearance   Well developed, well nourished, no acute distress.
Skin   Warm and dry.  No rashes
HEENT   ? jaundice to eyes
Nodes    no  cervical lymphadenopathy
Chest   Lungs are clear
Cor   Unremarkable
Abdomen   Nontender without masses
Musc skel   no CVA tenderness

Assessment and plan
	
  A elevated sugar ? infection? source
P discuss with Dr. Armstrong to ER for complete work up. ER notifiec and pt escorted to ER&gt;

Victoria Keene, NP

Signed electronically by  Victoria Keene, NP
Document Status: Final



]]></TEXT>
  <TAGS>
    <MEDICATION id="DOC0" time="during DCT" type1="ACE inhibitor" type2="">
      <MEDICATION id="M0" start="665" end="676" text="lisinopril " time="during DCT" type1="ACE inhibitor" type2="" comment=""/>
      <MEDICATION id="M1" start="665" end="675" text="lisinopril" time="during DCT" type1="ACE inhibitor" type2="" comment=""/>
      <MEDICATION id="M2" start="665" end="675" text="lisinopril" time="during DCT" type1="ACE inhibitor" type2="" comment=""/>
    </MEDICATION>
    <MEDICATION id="DOC1" time="after DCT" type1="statin" type2="">
      <MEDICATION id="M3" start="691" end="701" text="lovastatin" time="after DCT" type1="statin" type2="" comment=""/>
      <MEDICATION id="M4" start="691" end="701" text="lovastatin" time="after DCT" type1="statin" type2="" comment=""/>
      <MEDICATION id="M5" start="691" end="701" text="lovastatin" time="after DCT" type1="statin" type2="" comment=""/>
    </MEDICATION>
    <MEDICATION id="DOC2" time="during DCT" type1="aspirin" type2="">
      <MEDICATION id="M6" start="489" end="496" text="Ecotrin" time="during DCT" type1="aspirin" type2="" comment=""/>
      <MEDICATION id="M7" start="489" end="496" text="Ecotrin" time="during DCT" type1="aspirin" type2="" comment=""/>
      <MEDICATION id="M8" start="489" end="496" text="Ecotrin" time="during DCT" type1="aspirin" type2="" comment=""/>
    </MEDICATION>
    <MEDICATION id="DOC3" time="after DCT" type1="ACE inhibitor" type2="">
      <MEDICATION id="M9" start="665" end="676" text="lisinopril " time="after DCT" type1="ACE inhibitor" type2="" comment=""/>
      <MEDICATION id="M10" start="665" end="675" text="lisinopril" time="after DCT" type1="ACE inhibitor" type2="" comment=""/>
      <MEDICATION id="M11" start="665" end="675" text="lisinopril" time="after DCT" type1="ACE inhibitor" type2="" comment=""/>
    </MEDICATION>
    <MEDICATION id="DOC4" time="before DCT" type1="ACE inhibitor" type2="">
      <MEDICATION id="M12" start="665" end="676" text="lisinopril " time="before DCT" type1="ACE inhibitor" type2="" comment=""/>
      <MEDICATION id="M13" start="665" end="675" text="lisinopril" time="before DCT" type1="ACE inhibitor" type2="" comment=""/>
      <MEDICATION id="M14" start="665" end="675" text="lisinopril" time="before DCT" type1="ACE inhibitor" type2="" comment=""/>
    </MEDICATION>
    <DIABETES id="DOC5" time="during DCT" indicator="mention">
      <DIABETES id="D0" start="148" end="165" text="Diabetes mellitus" time="during DCT" indicator="mention" comment=""/>
      <DIABETES id="D1" start="148" end="165" text="Diabetes mellitus" time="during DCT" indicator="mention" comment=""/>
      <DIABETES id="D2" start="148" end="165" text="Diabetes mellitus" time="during DCT" indicator="mention" comment=""/>
    </DIABETES>
    <MEDICATION id="DOC6" time="after DCT" type1="aspirin" type2="">
      <MEDICATION id="M15" start="489" end="496" text="Ecotrin" time="after DCT" type1="aspirin" type2="" comment=""/>
      <MEDICATION id="M16" start="489" end="496" text="Ecotrin" time="after DCT" type1="aspirin" type2="" comment=""/>
      <MEDICATION id="M17" start="489" end="496" text="Ecotrin" time="after DCT" type1="aspirin" type2="" comment=""/>
    </MEDICATION>
    <MEDICATION id="DOC7" time="during DCT" type1="calcium channel blocker" type2="">
      <MEDICATION id="M18" start="761" end="768" text="Norvasc" time="during DCT" type1="calcium channel blocker" type2="" comment=""/>
      <MEDICATION id="M19" start="761" end="768" text="Norvasc" time="during DCT" type1="calcium channel blocker" type2="" comment=""/>
      <MEDICATION id="M20" start="761" end="768" text="Norvasc" time="during DCT" type1="calcium channel blocker" type2="" comment=""/>
    </MEDICATION>
    <HYPERTENSION id="DOC8" time="during DCT" indicator="high bp">
      <HYPERTENSION id="H0" start="858" end="881" text="Blood pressure 147/78  " time="during DCT" indicator="high bp" comment=""/>
      <HYPERTENSION id="H1" start="858" end="879" text="Blood pressure 147/78" time="during DCT" indicator="high bp" comment=""/>
      <HYPERTENSION id="H2" start="858" end="881" text="Blood pressure 147/78  " time="during DCT" indicator="high bp" comment=""/>
    </HYPERTENSION>
    <MEDICATION id="DOC9" time="after DCT" type1="sulfonylureas" type2="">
      <MEDICATION id="M21" start="618" end="627" text="glipizide" time="after DCT" type1="sulfonylureas" type2="" comment=""/>
      <MEDICATION id="M22" start="618" end="627" text="glipizide" time="after DCT" type1="sulfonylureas" type2="" comment=""/>
      <MEDICATION id="M23" start="618" end="627" text="glipizide" time="after DCT" type1="sulfonylureas" type2="" comment=""/>
    </MEDICATION>
    <MEDICATION id="DOC10" time="before DCT" type1="calcium channel blocker" type2="">
      <MEDICATION id="M24" start="761" end="768" text="Norvasc" time="before DCT" type1="calcium channel blocker" type2="" comment=""/>
      <MEDICATION id="M25" start="761" end="768" text="Norvasc" time="before DCT" type1="calcium channel blocker" type2="" comment=""/>
      <MEDICATION id="M26" start="761" end="768" text="Norvasc" time="before DCT" type1="calcium channel blocker" type2="" comment=""/>
    </MEDICATION>
    <MEDICATION id="DOC11" time="during DCT" type1="sulfonylureas" type2="">
      <MEDICATION id="M27" start="618" end="627" text="glipizide" time="during DCT" type1="sulfonylureas" type2="" comment=""/>
      <MEDICATION id="M28" start="618" end="627" text="glipizide" time="during DCT" type1="sulfonylureas" type2="" comment=""/>
      <MEDICATION id="M29" start="618" end="627" text="glipizide" time="during DCT" type1="sulfonylureas" type2="" comment=""/>
    </MEDICATION>
    <MEDICATION id="DOC12" time="after DCT" type1="beta blocker" type2="">
      <MEDICATION id="M30" start="729" end="740" text="metoprolol " time="after DCT" type1="beta blocker" type2="" comment=""/>
      <MEDICATION id="M31" start="729" end="739" text="metoprolol" time="after DCT" type1="beta blocker" type2="" comment=""/>
      <MEDICATION id="M32" start="729" end="739" text="metoprolol" time="after DCT" type1="beta blocker" type2="" comment=""/>
    </MEDICATION>
    <SMOKER id="DOC13" status="unknown">
      <SMOKER id="S0" start="88" end="94" text="Reason" status="unknown" comment=""/>
      <SMOKER id="S1" status="unknown"/>
      <SMOKER id="S2" status="unknown"/>
    </SMOKER>
    <DIABETES id="DOC14" time="before DCT" indicator="mention">
      <DIABETES id="D3" start="148" end="165" text="Diabetes mellitus" time="before DCT" indicator="mention" comment=""/>
      <DIABETES id="D4" start="148" end="165" text="Diabetes mellitus" time="before DCT" indicator="mention" comment=""/>
      <DIABETES id="D5" start="148" end="165" text="Diabetes mellitus" time="before DCT" indicator="mention" comment=""/>
    </DIABETES>
    <MEDICATION id="DOC15" time="before DCT" type1="statin" type2="">
      <MEDICATION id="M33" start="691" end="701" text="lovastatin" time="before DCT" type1="statin" type2="" comment=""/>
      <MEDICATION id="M34" start="691" end="701" text="lovastatin" time="before DCT" type1="statin" type2="" comment=""/>
      <MEDICATION id="M35" start="691" end="701" text="lovastatin" time="before DCT" type1="statin" type2="" comment=""/>
    </MEDICATION>
    <MEDICATION id="DOC16" time="during DCT" type1="statin" type2="">
      <MEDICATION id="M36" start="691" end="701" text="lovastatin" time="during DCT" type1="statin" type2="" comment=""/>
      <MEDICATION id="M37" start="691" end="701" text="lovastatin" time="during DCT" type1="statin" type2="" comment=""/>
      <MEDICATION id="M38" start="691" end="701" text="lovastatin" time="during DCT" type1="statin" type2="" comment=""/>
    </MEDICATION>
    <FAMILY_HIST id="DOC17" indicator="not present">
      <FAMILY_HIST id="F0" indicator="not present"/>
      <FAMILY_HIST id="F1" indicator="not present"/>
      <FAMILY_HIST id="F2" indicator="not present"/>
    </FAMILY_HIST>
    <MEDICATION id="DOC18" time="before DCT" type1="aspirin" type2="">
      <MEDICATION id="M39" start="489" end="496" text="Ecotrin" time="before DCT" type1="aspirin" type2="" comment=""/>
      <MEDICATION id="M40" start="489" end="496" text="Ecotrin" time="before DCT" type1="aspirin" type2="" comment=""/>
      <MEDICATION id="M41" start="489" end="496" text="Ecotrin" time="before DCT" type1="aspirin" type2="" comment=""/>
    </MEDICATION>
    <MEDICATION id="DOC19" time="before DCT" type1="sulfonylureas" type2="">
      <MEDICATION id="M42" start="618" end="627" text="glipizide" time="before DCT" type1="sulfonylureas" type2="" comment=""/>
      <MEDICATION id="M43" start="618" end="627" text="glipizide" time="before DCT" type1="sulfonylureas" type2="" comment=""/>
      <MEDICATION id="M44" start="618" end="627" text="glipizide" time="before DCT" type1="sulfonylureas" type2="" comment=""/>
    </MEDICATION>
    <MEDICATION id="DOC20" time="after DCT" type1="calcium channel blocker" type2="">
      <MEDICATION id="M45" start="761" end="768" text="Norvasc" time="after DCT" type1="calcium channel blocker" type2="" comment=""/>
      <MEDICATION id="M46" start="761" end="768" text="Norvasc" time="after DCT" type1="calcium channel blocker" type2="" comment=""/>
      <MEDICATION id="M47" start="761" end="768" text="Norvasc" time="after DCT" type1="calcium channel blocker" type2="" comment=""/>
    </MEDICATION>
    <MEDICATION id="DOC21" time="before DCT" type1="beta blocker" type2="">
      <MEDICATION id="M48" start="729" end="740" text="metoprolol " time="before DCT" type1="beta blocker" type2="" comment=""/>
      <MEDICATION id="M49" start="729" end="739" text="metoprolol" time="before DCT" type1="beta blocker" type2="" comment=""/>
      <MEDICATION id="M50" start="729" end="739" text="metoprolol" time="before DCT" type1="beta blocker" type2="" comment=""/>
    </MEDICATION>
    <MEDICATION id="DOC22" time="during DCT" type1="beta blocker" type2="">
      <MEDICATION id="M51" start="729" end="740" text="metoprolol " time="during DCT" type1="beta blocker" type2="" comment=""/>
      <MEDICATION id="M52" start="729" end="739" text="metoprolol" time="during DCT" type1="beta blocker" type2="" comment=""/>
      <MEDICATION id="M53" start="729" end="739" text="metoprolol" time="during DCT" type1="beta blocker" type2="" comment=""/>
    </MEDICATION>
    <DIABETES id="DOC23" time="after DCT" indicator="mention">
      <DIABETES id="D6" start="148" end="165" text="Diabetes mellitus" time="after DCT" indicator="mention" comment=""/>
      <DIABETES id="D7" start="148" end="165" text="Diabetes mellitus" time="after DCT" indicator="mention" comment=""/>
      <DIABETES id="D8" start="148" end="165" text="Diabetes mellitus" time="after DCT" indicator="mention" comment=""/>
    </DIABETES>
    <PHI id="P0" start="16" end="26" text="2097-10-31" TYPE="DATE"/>
    <PHI id="P1" start="59" end="86" text="ROSELAND COMMUNITY HOSPITAL" TYPE="HOSPITAL"/>
    <PHI id="P2" start="1371" end="1380" text="Armstrong" TYPE="DOCTOR"/>
    <PHI id="P3" start="1448" end="1462" text="Victoria Keene" TYPE="DOCTOR"/>
    <PHI id="P4" start="1494" end="1508" text="Victoria Keene" TYPE="DOCTOR"/>
  </TAGS>
</root>
