<?xml version='1.0' encoding='UTF-8'?>
<root>
  <TEXT><![CDATA[


Record date: 2094-08-12

                                                       Patient Name: HOLDEN,MATIAS [ MRN: 97198841PGH ]

                                                         Date of Visit: 08/12/94





Reason for Visit	

Return visit for this 39m with hx poorly controlled DM who comes for  further mgmt of DM, HCV.



History of Present Illness	

Decided to change his lantus to bid (30 u bid) and found great response--> bs now 90-120 range mostly, all under 200.  

troubled by his hcv infxn, has been ruminating on how he got it.  had 2 episodes needle sticks at a past job 2+ yrs ago, wonders if could have gotten then.  never used iv drugs, never had partner who used iv drugs.  reviewed methods of transmission, low risk of sexual transmission, etc.





Problems	  

DM	      

H/O NEPHROLITHIASIS	      

ANKLE FRACTURE	      

H/O DRUG ABUSE	      

TOBACCO	      

WORK # 310-7911 EXT 5	      

ROSACEA	      

Elevated lipids	      

Microalbuminuria	      

? migraine	      

FHX: M/F/Sis/Bro DM, F s/p LE amputation; Sis migraines; no CAD/CVA, no htn, no prostate/colon CA	      

New Phone 3/11/94: 124-607-0785, work 485-914-7948	      



Allergies	  

NKA	      



Medications	  

ECASA (ASPIRIN ENTERIC COATED)	   (81MG TABLET EC take 1 Tablet(s)) PO QD

*   GLUCOSE TEST STRIPS	 TOPICAL   (   take  ) TOP DAILY USE

INSULIN SYRINGES	 FOR DAILY  (   take  ) TP bid and prn

*   LANCETS	 Topical   (   take  ) TOP daily use

LANTUS (INSULIN GLARGINE)	 30 UNITS  SC BID

LISINOPRIL	 10 MG  PO QD

METFORMIN	 850 MG  PO TID

PRAVASTATIN	   (40MG TABLET take 1 Tablet(s)) PO QHS

on 20 at time of visit



Social History	

Lives with GF and her children.  Is no longer involved with ex-wife, who is mother of his children.   From Portugal originally; lived in OR for 18 yrs, in palacios since 2080, plans to stay.  Recently visited father/family in Portugal.

Has dtr 9, son 11 in Portugal.  Works as aveterinary assisstant, oversees 19 clients, really likes it.  Feels he understands what they are going thru from his own prior experience.  Not happy with his ins plan d/t hi copays & poor rx coverage, but his employer only offers one plan.



No etoh, no drug use currently.  No hx ivdu.

Has Rx coverage, but copays have all been increasing.  



Vital Signs	  

Blood Pressure:	 105/68   Left Arm

Pulse:	 68   Regular

Weight:	 220   Pounds



Physical Exam	

Gen: well appearing, NAD, good spirits.  



Impression	

39m with poorly controlled DM, albuminuria who comes for further mgmt dm and with recently dx'd hcv.  Over 1/2 this 25 minute visit was spent discussing modes of transmission of hcv and counseling regarding likely etiology/plans for bs, as well as disc of DM mgmt.



Plan	

DM: a1c had come down from 11.8-->9.9, but up to 10.4 last check.  now bs much better on total lantus 60u daily, split bid.  cont current regimen, recheck a1c next visit.  gave # for pt to r/s f/u with optho, last visit spring 2093.  cont metformin.  had abnl findings w/photos taken on dil exam; was to have f/u 2/94 but didn't happen.   malb elevated 97 in 9/93; on acei.  taking asa qd.  had pneumovax 2090.  foot exam nl 12/93.



Albuminuria: cont acei.  last 97 9/93.  cr stable 1.2 12/93.  follow cr on metformin.



HCV: hiv was neg.  hbv immune.  hav immune.  he had a needle stick around june 2092 at work, wasn't tested at that time for hcv/hiv, but had f/u test (for hiv only apparently) w/dr. roberson, neg at that time.  discussed that hcv may well have been from needle stick.  ruq u/s was nl, hcv genotype 1a.  lfts have been consistently nl, last 6/94.  was to have liver bx w/dr. kruse in april, but never occurred.  i will contact dr. kruse to facilitate arrangement of bx.



Atypical nevus: dnka appt w/derm for eval in march.  will rerefer at future visit.  copays $35 for nonpcp visit - difficult for him.



Hyperlipidemia: has low hdl 33 in 6/94, reviewed today & rec'd exercise.  ldl 119 on pravastatin -- inc to 40 mg.  lfts nl 6/94.  recheck lipids/lfts on inc prava next visit.



HM: lipids as above.  had Td booster 2089.  re: tob cessation/cutting down - he remains precontemplative.  tried wellbutrin in past w/no effect.  gave him # for pharm to consider Rx assistance progs, as he has been interested in this, filled out some paperwork for cheaper meds in past.  also offered to switch back to nph for cost reasons today, but he declined.



rtc 2-3mos f/u dm, hcv,  check lipids/lfts, umalb







______________________________                              



Kari Marlene Pryor, M.D.



]]></TEXT>
  <TAGS>
    <MEDICATION id="DOC0" time="during DCT" type1="ACE inhibitor" type2="">
      <MEDICATION id="M0" start="1507" end="1517" text="LISINOPRIL" time="during DCT" type1="ACE inhibitor" type2="" comment=""/>
      <MEDICATION id="M1" start="1507" end="1518" text="LISINOPRIL " time="during DCT" type1="ACE inhibitor" type2="" comment=""/>
      <MEDICATION id="M2" start="1507" end="1517" text="LISINOPRIL" time="during DCT" type1="ACE inhibitor" type2="" comment=""/>
    </MEDICATION>
    <MEDICATION id="DOC1" time="after DCT" type1="statin" type2="">
      <MEDICATION id="M3" start="1560" end="1571" text="PRAVASTATIN" time="after DCT" type1="statin" type2="" comment=""/>
      <MEDICATION id="M4" start="1560" end="1572" text="PRAVASTATIN " time="after DCT" type1="statin" type2="" comment=""/>
      <MEDICATION id="M5" start="1560" end="1571" text="PRAVASTATIN" time="after DCT" type1="statin" type2="" comment=""/>
    </MEDICATION>
    <MEDICATION id="DOC2" time="during DCT" type1="aspirin" type2="">
      <MEDICATION id="M6" start="1218" end="1223" text="ECASA" time="during DCT" type1="aspirin" type2="" comment=""/>
      <MEDICATION id="M7" start="1218" end="1224" text="ECASA " time="during DCT" type1="aspirin" type2="" comment=""/>
      <MEDICATION id="M8" start="1218" end="1223" text="ECASA" time="during DCT" type1="aspirin" type2="" comment=""/>
    </MEDICATION>
    <MEDICATION id="DOC3" time="after DCT" type1="metformin" type2="">
      <MEDICATION id="M9" start="1533" end="1542" text="METFORMIN" time="after DCT" type1="metformin" type2="" comment=""/>
      <MEDICATION id="M10" start="1533" end="1543" text="METFORMIN " time="after DCT" type1="metformin" type2="" comment=""/>
      <MEDICATION id="M11" start="1533" end="1542" text="METFORMIN" time="after DCT" type1="metformin" type2="" comment=""/>
    </MEDICATION>
    <MEDICATION id="DOC4" time="during DCT" type1="metformin" type2="">
      <MEDICATION id="M12" start="1533" end="1542" text="METFORMIN" time="during DCT" type1="metformin" type2="" comment=""/>
      <MEDICATION id="M13" start="1533" end="1543" text="METFORMIN " time="during DCT" type1="metformin" type2="" comment=""/>
      <MEDICATION id="M14" start="1533" end="1542" text="METFORMIN" time="during DCT" type1="metformin" type2="" comment=""/>
    </MEDICATION>
    <MEDICATION id="DOC5" time="after DCT" type1="ACE inhibitor" type2="">
      <MEDICATION id="M15" start="1507" end="1517" text="LISINOPRIL" time="after DCT" type1="ACE inhibitor" type2="" comment=""/>
      <MEDICATION id="M16" start="1507" end="1518" text="LISINOPRIL " time="after DCT" type1="ACE inhibitor" type2="" comment=""/>
      <MEDICATION id="M17" start="1507" end="1517" text="LISINOPRIL" time="after DCT" type1="ACE inhibitor" type2="" comment=""/>
    </MEDICATION>
    <HYPERLIPIDEMIA id="DOC6" time="during DCT" indicator="high LDL">
      <HYPERLIPIDEMIA id="HY0" start="3939" end="3946" text="ldl 119" time="during DCT" indicator="high LDL" comment=""/>
      <HYPERLIPIDEMIA id="HY1" start="3939" end="3946" text="ldl 119" time="during DCT" indicator="high LDL" comment=""/>
    </HYPERLIPIDEMIA>
    <MEDICATION id="DOC7" time="before DCT" type1="ACE inhibitor" type2="">
      <MEDICATION id="M18" start="1507" end="1517" text="LISINOPRIL" time="before DCT" type1="ACE inhibitor" type2="" comment=""/>
      <MEDICATION id="M19" start="1507" end="1518" text="LISINOPRIL " time="before DCT" type1="ACE inhibitor" type2="" comment=""/>
      <MEDICATION id="M20" start="1507" end="1517" text="LISINOPRIL" time="before DCT" type1="ACE inhibitor" type2="" comment=""/>
    </MEDICATION>
    <DIABETES id="DOC8" time="during DCT" indicator="mention">
      <DIABETES id="D0" start="290" end="292" text="DM" time="during DCT" indicator="mention" comment=""/>
      <DIABETES id="D1" start="290" end="293" text="DM " time="during DCT" indicator="mention" comment=""/>
      <DIABETES id="D2" start="290" end="292" text="DM" time="during DCT" indicator="mention" comment=""/>
    </DIABETES>
    <MEDICATION id="DOC9" time="after DCT" type1="aspirin" type2="">
      <MEDICATION id="M21" start="1218" end="1223" text="ECASA" time="after DCT" type1="aspirin" type2="" comment=""/>
      <MEDICATION id="M22" start="1218" end="1224" text="ECASA " time="after DCT" type1="aspirin" type2="" comment=""/>
      <MEDICATION id="M23" start="1218" end="1223" text="ECASA" time="after DCT" type1="aspirin" type2="" comment=""/>
    </MEDICATION>
    <HYPERLIPIDEMIA id="DOC10" time="during DCT" indicator="mention">
      <HYPERLIPIDEMIA id="HY2" start="939" end="961" text="Elevated lipids       " time="during DCT" indicator="mention" comment=""/>
      <HYPERLIPIDEMIA id="HY3" start="939" end="955" text="Elevated lipids " time="during DCT" indicator="mention" comment=""/>
      <HYPERLIPIDEMIA id="HY4" start="939" end="954" text="Elevated lipids" time="during DCT" indicator="mention" comment=""/>
    </HYPERLIPIDEMIA>
    <MEDICATION id="DOC11" time="after DCT" type1="insulin" type2="">
      <MEDICATION id="M24" start="387" end="393" text="lantus" time="after DCT" type1="insulin" type2="" comment=""/>
      <MEDICATION id="M25" start="387" end="394" text="lantus " time="after DCT" type1="insulin" type2="" comment=""/>
      <MEDICATION id="M26" start="387" end="393" text="lantus" time="after DCT" type1="insulin" type2="" comment=""/>
    </MEDICATION>
    <DIABETES id="DOC12" time="before DCT" indicator="mention">
      <DIABETES id="D3" start="290" end="292" text="DM" time="before DCT" indicator="mention" comment=""/>
      <DIABETES id="D4" start="290" end="293" text="DM " time="before DCT" indicator="mention" comment=""/>
      <DIABETES id="D5" start="290" end="292" text="DM" time="before DCT" indicator="mention" comment=""/>
    </DIABETES>
    <DIABETES id="DOC13" time="before DCT" indicator="A1C">
      <DIABETES id="D6" start="2737" end="2797" text="a1c had come down from 11.8--&amp;gt;9.9, but up to 10.4 last check" time="before DCT" indicator="A1C" comment=""/>
      <DIABETES id="D7" start="2782" end="2797" text="10.4 last check" time="before DCT" indicator="A1C" comment=""/>
      <DIABETES id="D8" start="2737" end="2797" text="a1c had come down from 11.8--&amp;gt;9.9, but up to 10.4 last check" time="before DCT" indicator="A1C" comment=""/>
    </DIABETES>
    <MEDICATION id="DOC14" time="before DCT" type1="statin" type2="">
      <MEDICATION id="M27" start="1560" end="1571" text="PRAVASTATIN" time="before DCT" type1="statin" type2="" comment=""/>
      <MEDICATION id="M28" start="1560" end="1572" text="PRAVASTATIN " time="before DCT" type1="statin" type2="" comment=""/>
      <MEDICATION id="M29" start="1560" end="1571" text="PRAVASTATIN" time="before DCT" type1="statin" type2="" comment=""/>
    </MEDICATION>
    <MEDICATION id="DOC15" time="during DCT" type1="statin" type2="">
      <MEDICATION id="M30" start="1560" end="1571" text="PRAVASTATIN" time="during DCT" type1="statin" type2="" comment=""/>
      <MEDICATION id="M31" start="1560" end="1572" text="PRAVASTATIN " time="during DCT" type1="statin" type2="" comment=""/>
      <MEDICATION id="M32" start="1560" end="1571" text="PRAVASTATIN" time="during DCT" type1="statin" type2="" comment=""/>
    </MEDICATION>
    <MEDICATION id="DOC16" time="before DCT" type1="metformin" type2="">
      <MEDICATION id="M33" start="1533" end="1542" text="METFORMIN" time="before DCT" type1="metformin" type2="" comment=""/>
      <MEDICATION id="M34" start="1533" end="1543" text="METFORMIN " time="before DCT" type1="metformin" type2="" comment=""/>
      <MEDICATION id="M35" start="1533" end="1542" text="METFORMIN" time="before DCT" type1="metformin" type2="" comment=""/>
    </MEDICATION>
    <HYPERLIPIDEMIA id="DOC17" time="after DCT" indicator="mention">
      <HYPERLIPIDEMIA id="HY5" start="939" end="961" text="Elevated lipids       " time="after DCT" indicator="mention" comment=""/>
      <HYPERLIPIDEMIA id="HY6" start="939" end="955" text="Elevated lipids " time="after DCT" indicator="mention" comment=""/>
      <HYPERLIPIDEMIA id="HY7" start="939" end="954" text="Elevated lipids" time="after DCT" indicator="mention" comment=""/>
    </HYPERLIPIDEMIA>
    <MEDICATION id="DOC18" time="before DCT" type1="aspirin" type2="">
      <MEDICATION id="M36" start="1218" end="1223" text="ECASA" time="before DCT" type1="aspirin" type2="" comment=""/>
      <MEDICATION id="M37" start="1218" end="1224" text="ECASA " time="before DCT" type1="aspirin" type2="" comment=""/>
      <MEDICATION id="M38" start="1218" end="1223" text="ECASA" time="before DCT" type1="aspirin" type2="" comment=""/>
    </MEDICATION>
    <MEDICATION id="DOC19" time="before DCT" type1="insulin" type2="">
      <MEDICATION id="M39" start="387" end="393" text="lantus" time="before DCT" type1="insulin" type2="" comment=""/>
      <MEDICATION id="M40" start="387" end="394" text="lantus " time="before DCT" type1="insulin" type2="" comment=""/>
      <MEDICATION id="M41" start="387" end="393" text="lantus" time="before DCT" type1="insulin" type2="" comment=""/>
    </MEDICATION>
    <HYPERLIPIDEMIA id="DOC20" time="before DCT" indicator="mention">
      <HYPERLIPIDEMIA id="HY8" start="939" end="961" text="Elevated lipids       " time="before DCT" indicator="mention" comment=""/>
      <HYPERLIPIDEMIA id="HY9" start="939" end="955" text="Elevated lipids " time="before DCT" indicator="mention" comment=""/>
      <HYPERLIPIDEMIA id="HY10" start="939" end="954" text="Elevated lipids" time="before DCT" indicator="mention" comment=""/>
    </HYPERLIPIDEMIA>
    <SMOKER id="DOC21" status="current">
      <SMOKER id="S0" start="877" end="884" text="TOBACCO" status="current" comment=""/>
      <SMOKER id="S1" start="4087" end="4147" text="re: tob cessation/cutting down - he remains precontemplative" status="current" comment=""/>
    </SMOKER>
    <MEDICATION id="DOC22" time="during DCT" type1="insulin" type2="">
      <MEDICATION id="M42" start="387" end="393" text="lantus" time="during DCT" type1="insulin" type2="" comment=""/>
      <MEDICATION id="M43" start="387" end="394" text="lantus " time="during DCT" type1="insulin" type2="" comment=""/>
      <MEDICATION id="M44" start="387" end="393" text="lantus" time="during DCT" type1="insulin" type2="" comment=""/>
    </MEDICATION>
    <FAMILY_HIST id="DOC23" indicator="not present">
      <FAMILY_HIST id="F0" indicator="not present"/>
      <FAMILY_HIST id="F1" indicator="not present"/>
      <FAMILY_HIST id="F2" indicator="not present"/>
    </FAMILY_HIST>
    <DIABETES id="DOC24" time="after DCT" indicator="mention">
      <DIABETES id="D9" start="290" end="292" text="DM" time="after DCT" indicator="mention" comment=""/>
      <DIABETES id="D10" start="290" end="293" text="DM " time="after DCT" indicator="mention" comment=""/>
      <DIABETES id="D11" start="290" end="292" text="DM" time="after DCT" indicator="mention" comment=""/>
    </DIABETES>
    <PHI id="P0" start="16" end="26" text="2094-08-12" TYPE="DATE"/>
    <PHI id="P1" start="97" end="110" text="HOLDEN,MATIAS" TYPE="PATIENT"/>
    <PHI id="P2" start="118" end="126" text="97198841" TYPE="MEDICALRECORD"/>
    <PHI id="P3" start="126" end="129" text="PGH" TYPE="HOSPITAL"/>
    <PHI id="P4" start="205" end="213" text="08/12/94" TYPE="DATE"/>
    <PHI id="P5" start="260" end="262" text="39" TYPE="AGE"/>
    <PHI id="P6" start="900" end="908" text="310-7911" TYPE="PHONE"/>
    <PHI id="P7" start="913" end="914" text="5" TYPE="PHONE"/>
    <PHI id="P8" start="1123" end="1130" text="3/11/94" TYPE="DATE"/>
    <PHI id="P9" start="1132" end="1144" text="124-607-0785" TYPE="PHONE"/>
    <PHI id="P10" start="1151" end="1163" text="485-914-7948" TYPE="PHONE"/>
    <PHI id="P11" start="1764" end="1772" text="Portugal" TYPE="COUNTRY"/>
    <PHI id="P12" start="1794" end="1796" text="OR" TYPE="STATE"/>
    <PHI id="P13" start="1812" end="1820" text="palacios" TYPE="CITY"/>
    <PHI id="P14" start="1827" end="1831" text="2080" TYPE="DATE"/>
    <PHI id="P15" start="1883" end="1891" text="Portugal" TYPE="COUNTRY"/>
    <PHI id="P16" start="1902" end="1903" text="9" TYPE="AGE"/>
    <PHI id="P17" start="1909" end="1911" text="11" TYPE="AGE"/>
    <PHI id="P18" start="1915" end="1923" text="Portugal" TYPE="COUNTRY"/>
    <PHI id="P19" start="1936" end="1957" text="veterinary assisstant" TYPE="PROFESSION"/>
    <PHI id="P20" start="2458" end="2460" text="39" TYPE="AGE"/>
    <PHI id="P21" start="2953" end="2964" text="spring 2093" TYPE="DATE"/>
    <PHI id="P22" start="3046" end="3050" text="2/94" TYPE="DATE"/>
    <PHI id="P23" start="3092" end="3096" text="9/93" TYPE="DATE"/>
    <PHI id="P24" start="3138" end="3142" text="2090" TYPE="DATE"/>
    <PHI id="P25" start="3158" end="3163" text="12/93" TYPE="DATE"/>
    <PHI id="P26" start="3201" end="3205" text="9/93" TYPE="DATE"/>
    <PHI id="P27" start="3222" end="3227" text="12/93" TYPE="DATE"/>
    <PHI id="P28" start="3331" end="3340" text="june 2092" TYPE="DATE"/>
    <PHI id="P29" start="3439" end="3447" text="roberson" TYPE="DOCTOR"/>
    <PHI id="P30" start="3597" end="3601" text="6/94" TYPE="DATE"/>
    <PHI id="P31" start="3631" end="3636" text="kruse" TYPE="DOCTOR"/>
    <PHI id="P32" start="3640" end="3645" text="april" TYPE="DATE"/>
    <PHI id="P33" start="3687" end="3692" text="kruse" TYPE="DOCTOR"/>
    <PHI id="P34" start="3774" end="3779" text="march" TYPE="DATE"/>
    <PHI id="P35" start="3899" end="3903" text="6/94" TYPE="DATE"/>
    <PHI id="P36" start="3988" end="3992" text="6/94" TYPE="DATE"/>
    <PHI id="P37" start="4080" end="4084" text="2089" TYPE="DATE"/>
    <PHI id="P38" start="4531" end="4549" text="Kari Marlene Pryor" TYPE="DOCTOR"/>
  </TAGS>
</root>
