<?xml version='1.0' encoding='UTF-8'?>
<root>
  <TEXT><![CDATA[


Record date: 2081-03-30

Asked by Dr Dunn and Dr. Needham to comment on DM management in this 58 y/o man admited for amputation site debridement. He had fem-pop in 2080, and a R toe amp in 9/80. Howevere the site never healed, despite lack of clear infection. He is readmited on 3/28 for debridement. 



Narrative History

Type 2 DM diagnosed in  2078 - presented with urinary frequency and was not feeling well. He was admitted to the hospital for BG's of 400's and discharged on NPH insulin 30 units q am and 15 units q pm.  He has followed up with Dr. Dunn from our Diabetes department. He has not seen her since 3/80 but has kept up with her by phone. His home DM regimen consists of NPH insulin 25 units q am and 10 units q hs. Last A1c was 6.1 3/80 and his BG's run ~ 100. 



He has hypoglycemia unawareness.

He has PVD s/p fem-fem bypass graft 6/30/80, ulcer on R big toe, (+)peripheral neuropathy.



Past Medical History

Morbidly obese,  + sleep apnea, +BPH, h/o gastric reflux, h/o pseudotumor cerebri, s/p hip surgery



Family History

no diabetes



Social History

Smoking (+)



Medications Text

Meds now:

NPH insulin 25 units q am and 10 units q hs

regular insulin SS if BG > 125 

simvastatin

lasix

lisinopril

ECASA

esomeprazole

atenolol

SC heparin

Folate

Ancef 1 gm Q8H

Physical Exam

BP 140/73  

Pulse 48 reg

T 98.7

      General Appearance

morbidly obese

pleasant and talkative

      HEENT

anicteric sclerae

      Neck

trachea midline

      Chest

CTA

      Cor/Cardiac

RRR

      Abdomen

Soft, obese

      Extremity

dressing intact on ulcer, R foot

Neurological

alert, oriented

      Skin

(+) acanthosis nigracans



Laboratory Data

A1c 6.1 in 3/80

FS's 49 on admission (no sx)

        104  94  132  65  

        92  95

LFT wnl

Creat 1.3



Assessment

Type 2 DM complicated by PVD and neuropathy.  Well controlled on his home regimen. 

Recommendation

1.  Continue NPH insulin 25 units q am and 10 units q hs.

2.  Suggest to change regular insulin sliding scale to humalog as this is more physiologic (acts faster and clears faster as well).  Give only half doses of this at hs since he will not be eating then.

3.  Please get a Hemoglobin A1c.  This will help us assess blood glucose control for the past 2-3 months and can help in discharge planning.

4.  He should folow-up with Dr. Dunn from Diabetes.





Thank you.  







Barbara Ely MD



]]></TEXT>
  <TAGS>
    <MEDICATION id="DOC0" time="during DCT" type1="ACE inhibitor" type2="">
      <MEDICATION id="M0" start="1228" end="1238" text="lisinopril" time="during DCT" type1="ACE inhibitor" type2="" comment=""/>
      <MEDICATION id="M1" start="1228" end="1238" text="lisinopril" time="during DCT" type1="ACE inhibitor" type2="" comment=""/>
      <MEDICATION id="M2" start="1228" end="1238" text="lisinopril" time="during DCT" type1="ACE inhibitor" type2="" comment=""/>
    </MEDICATION>
    <MEDICATION id="DOC1" time="after DCT" type1="statin" type2="">
      <MEDICATION id="M3" start="1208" end="1219" text="simvastatin" time="after DCT" type1="statin" type2="" comment=""/>
      <MEDICATION id="M4" start="1208" end="1219" text="simvastatin" time="after DCT" type1="statin" type2="" comment=""/>
      <MEDICATION id="M5" start="1208" end="1219" text="simvastatin" time="after DCT" type1="statin" type2="" comment=""/>
    </MEDICATION>
    <MEDICATION id="DOC2" time="during DCT" type1="aspirin" type2="">
      <MEDICATION id="M6" start="1240" end="1245" text="ECASA" time="during DCT" type1="aspirin" type2="" comment=""/>
      <MEDICATION id="M7" start="1240" end="1245" text="ECASA" time="during DCT" type1="aspirin" type2="" comment=""/>
      <MEDICATION id="M8" start="1240" end="1245" text="ECASA" time="during DCT" type1="aspirin" type2="" comment=""/>
    </MEDICATION>
    <OBESE id="DOC3" time="after DCT" indicator="mention">
      <OBESE id="O0" start="946" end="951" text="obese" time="after DCT" indicator="mention" comment=""/>
      <OBESE id="O1" start="937" end="951" text="Morbidly obese" time="after DCT" indicator="mention" comment=""/>
      <OBESE id="O2" start="937" end="951" text="Morbidly obese" time="after DCT" indicator="mention" comment=""/>
      <OBESE id="O3" start="1383" end="1397" text="morbidly obese" time="after DCT" indicator="mention" comment=""/>
      <OBESE id="O4" start="1547" end="1552" text="obese" time="after DCT" indicator="mention" comment=""/>
    </OBESE>
    <MEDICATION id="DOC4" time="after DCT" type1="ACE inhibitor" type2="">
      <MEDICATION id="M9" start="1228" end="1238" text="lisinopril" time="after DCT" type1="ACE inhibitor" type2="" comment=""/>
      <MEDICATION id="M10" start="1228" end="1238" text="lisinopril" time="after DCT" type1="ACE inhibitor" type2="" comment=""/>
      <MEDICATION id="M11" start="1228" end="1238" text="lisinopril" time="after DCT" type1="ACE inhibitor" type2="" comment=""/>
    </MEDICATION>
    <DIABETES id="DOC5" time="during DCT" indicator="mention">
      <DIABETES id="D0" start="75" end="77" text="DM" time="during DCT" indicator="mention" comment=""/>
      <DIABETES id="D1" start="1825" end="1827" text="DM" time="during DCT" indicator="mention" comment=""/>
      <DIABETES id="D2" start="75" end="77" text="DM" time="during DCT" indicator="mention" comment=""/>
      <DIABETES id="D3" start="327" end="336" text="Type 2 DM" time="during DCT" indicator="mention" comment=""/>
      <DIABETES id="D4" start="1818" end="1827" text="Type 2 DM" time="during DCT" indicator="mention" comment=""/>
    </DIABETES>
    <MEDICATION id="DOC6" time="after DCT" type1="aspirin" type2="">
      <MEDICATION id="M12" start="1240" end="1245" text="ECASA" time="after DCT" type1="aspirin" type2="" comment=""/>
      <MEDICATION id="M13" start="1240" end="1245" text="ECASA" time="after DCT" type1="aspirin" type2="" comment=""/>
      <MEDICATION id="M14" start="1240" end="1245" text="ECASA" time="after DCT" type1="aspirin" type2="" comment=""/>
    </MEDICATION>
    <MEDICATION id="DOC7" time="after DCT" type1="insulin" type2="">
      <MEDICATION id="M15" start="485" end="497" text="NPH insulin " time="after DCT" type1="insulin" type2="" comment=""/>
      <MEDICATION id="M16" start="1993" end="2041" text="change regular insulin sliding scale to humalog " time="after DCT" type1="insulin" type2="" comment=""/>
      <MEDICATION id="M17" start="1134" end="1141" text="insulin" time="after DCT" type1="insulin" type2="" comment=""/>
      <MEDICATION id="M18" start="484" end="496" text=" NPH insulin" time="after DCT" type1="insulin" type2="" comment=""/>
      <MEDICATION id="M19" start="692" end="703" text="NPH insulin" time="after DCT" type1="insulin" type2="" comment=""/>
      <MEDICATION id="M20" start="1130" end="1142" text="NPH insulin " time="after DCT" type1="insulin" type2="" comment=""/>
      <MEDICATION id="M21" start="1932" end="1943" text="NPH insulin" time="after DCT" type1="insulin" type2="" comment=""/>
      <MEDICATION id="M22" start="2033" end="2040" text="humalog" time="after DCT" type1="insulin" type2="" comment=""/>
    </MEDICATION>
    <MEDICATION id="DOC8" time="after DCT" type1="beta blocker" type2="">
      <MEDICATION id="M23" start="1261" end="1269" text="atenolol" time="after DCT" type1="beta blocker" type2="" comment=""/>
      <MEDICATION id="M24" start="1261" end="1270" text="atenolol " time="after DCT" type1="beta blocker" type2="" comment=""/>
      <MEDICATION id="M25" start="1261" end="1269" text="atenolol" time="after DCT" type1="beta blocker" type2="" comment=""/>
    </MEDICATION>
    <DIABETES id="DOC9" time="before DCT" indicator="glucose">
      <DIABETES id="D5" start="453" end="466" text="BG's of 400's" time="before DCT" indicator="glucose" comment=""/>
      <DIABETES id="D6" start="1757" end="1760" text="132" time="before DCT" indicator="glucose" comment=""/>
      <DIABETES id="D7" start="453" end="466" text="BG's of 400's" time="before DCT" indicator="glucose" comment=""/>
    </DIABETES>
    <DIABETES id="DOC10" time="before DCT" indicator="mention">
      <DIABETES id="D8" start="75" end="77" text="DM" time="before DCT" indicator="mention" comment=""/>
      <DIABETES id="D9" start="1825" end="1827" text="DM" time="before DCT" indicator="mention" comment=""/>
      <DIABETES id="D10" start="75" end="77" text="DM" time="before DCT" indicator="mention" comment=""/>
      <DIABETES id="D11" start="327" end="336" text="Type 2 DM" time="before DCT" indicator="mention" comment=""/>
      <DIABETES id="D12" start="1818" end="1827" text="Type 2 DM" time="before DCT" indicator="mention" comment=""/>
    </DIABETES>
    <MEDICATION id="DOC11" time="before DCT" type1="statin" type2="">
      <MEDICATION id="M26" start="1208" end="1219" text="simvastatin" time="before DCT" type1="statin" type2="" comment=""/>
      <MEDICATION id="M27" start="1208" end="1219" text="simvastatin" time="before DCT" type1="statin" type2="" comment=""/>
      <MEDICATION id="M28" start="1208" end="1219" text="simvastatin" time="before DCT" type1="statin" type2="" comment=""/>
    </MEDICATION>
    <MEDICATION id="DOC12" time="during DCT" type1="statin" type2="">
      <MEDICATION id="M29" start="1208" end="1219" text="simvastatin" time="during DCT" type1="statin" type2="" comment=""/>
      <MEDICATION id="M30" start="1208" end="1219" text="simvastatin" time="during DCT" type1="statin" type2="" comment=""/>
      <MEDICATION id="M31" start="1208" end="1219" text="simvastatin" time="during DCT" type1="statin" type2="" comment=""/>
    </MEDICATION>
    <OBESE id="DOC13" time="before DCT" indicator="mention">
      <OBESE id="O5" start="946" end="951" text="obese" time="before DCT" indicator="mention" comment=""/>
      <OBESE id="O6" start="937" end="951" text="Morbidly obese" time="before DCT" indicator="mention" comment=""/>
      <OBESE id="O7" start="937" end="951" text="Morbidly obese" time="before DCT" indicator="mention" comment=""/>
      <OBESE id="O8" start="1383" end="1397" text="morbidly obese" time="before DCT" indicator="mention" comment=""/>
      <OBESE id="O9" start="1547" end="1552" text="obese" time="before DCT" indicator="mention" comment=""/>
    </OBESE>
    <FAMILY_HIST id="DOC14" indicator="not present">
      <FAMILY_HIST id="F0" indicator="not present"/>
      <FAMILY_HIST id="F1" indicator="not present"/>
      <FAMILY_HIST id="F2" indicator="not present"/>
    </FAMILY_HIST>
    <MEDICATION id="DOC15" time="before DCT" type1="ACE inhibitor" type2="">
      <MEDICATION id="M32" start="1228" end="1238" text="lisinopril" time="before DCT" type1="ACE inhibitor" type2="" comment=""/>
      <MEDICATION id="M33" start="1228" end="1238" text="lisinopril" time="before DCT" type1="ACE inhibitor" type2="" comment=""/>
      <MEDICATION id="M34" start="1228" end="1238" text="lisinopril" time="before DCT" type1="ACE inhibitor" type2="" comment=""/>
    </MEDICATION>
    <MEDICATION id="DOC16" time="before DCT" type1="aspirin" type2="">
      <MEDICATION id="M35" start="1240" end="1245" text="ECASA" time="before DCT" type1="aspirin" type2="" comment=""/>
      <MEDICATION id="M36" start="1240" end="1245" text="ECASA" time="before DCT" type1="aspirin" type2="" comment=""/>
      <MEDICATION id="M37" start="1240" end="1245" text="ECASA" time="before DCT" type1="aspirin" type2="" comment=""/>
    </MEDICATION>
    <MEDICATION id="DOC17" time="before DCT" type1="insulin" type2="">
      <MEDICATION id="M38" start="485" end="497" text="NPH insulin " time="before DCT" type1="insulin" type2="" comment=""/>
      <MEDICATION id="M39" start="1175" end="1191" text="regular insulin " time="before DCT" type1="insulin" type2="" comment=""/>
      <MEDICATION id="M40" start="1134" end="1141" text="insulin" time="before DCT" type1="insulin" type2="" comment=""/>
      <MEDICATION id="M41" start="484" end="496" text=" NPH insulin" time="before DCT" type1="insulin" type2="" comment=""/>
      <MEDICATION id="M42" start="692" end="703" text="NPH insulin" time="before DCT" type1="insulin" type2="" comment=""/>
      <MEDICATION id="M43" start="1130" end="1142" text="NPH insulin " time="before DCT" type1="insulin" type2="" comment=""/>
      <MEDICATION id="M44" start="1175" end="1190" text="regular insulin" time="before DCT" type1="insulin" type2="" comment=""/>
      <MEDICATION id="M45" start="1932" end="1943" text="NPH insulin" time="before DCT" type1="insulin" type2="" comment=""/>
    </MEDICATION>
    <SMOKER id="DOC18" status="current">
      <SMOKER id="S0" start="1086" end="1097" text="Smoking (+)" status="current" comment=""/>
      <SMOKER id="S1" start="1086" end="1097" text="Smoking (+)" status="current" comment=""/>
      <SMOKER id="S2" start="1086" end="1097" text="Smoking (+)" status="current" comment=""/>
    </SMOKER>
    <OBESE id="DOC19" time="during DCT" indicator="mention">
      <OBESE id="O10" start="946" end="951" text="obese" time="during DCT" indicator="mention" comment=""/>
      <OBESE id="O11" start="937" end="951" text="Morbidly obese" time="during DCT" indicator="mention" comment=""/>
      <OBESE id="O12" start="937" end="951" text="Morbidly obese" time="during DCT" indicator="mention" comment=""/>
      <OBESE id="O13" start="1383" end="1397" text="morbidly obese" time="during DCT" indicator="mention" comment=""/>
      <OBESE id="O14" start="1547" end="1552" text="obese" time="during DCT" indicator="mention" comment=""/>
    </OBESE>
    <MEDICATION id="DOC20" time="during DCT" type1="insulin" type2="">
      <MEDICATION id="M46" start="485" end="497" text="NPH insulin " time="during DCT" type1="insulin" type2="" comment=""/>
      <MEDICATION id="M47" start="1134" end="1141" text="insulin" time="during DCT" type1="insulin" type2="" comment=""/>
      <MEDICATION id="M48" start="484" end="496" text=" NPH insulin" time="during DCT" type1="insulin" type2="" comment=""/>
      <MEDICATION id="M49" start="692" end="703" text="NPH insulin" time="during DCT" type1="insulin" type2="" comment=""/>
      <MEDICATION id="M50" start="1130" end="1142" text="NPH insulin " time="during DCT" type1="insulin" type2="" comment=""/>
      <MEDICATION id="M51" start="1932" end="1943" text="NPH insulin" time="during DCT" type1="insulin" type2="" comment=""/>
    </MEDICATION>
    <MEDICATION id="DOC21" time="before DCT" type1="beta blocker" type2="">
      <MEDICATION id="M52" start="1261" end="1269" text="atenolol" time="before DCT" type1="beta blocker" type2="" comment=""/>
      <MEDICATION id="M53" start="1261" end="1270" text="atenolol " time="before DCT" type1="beta blocker" type2="" comment=""/>
      <MEDICATION id="M54" start="1261" end="1269" text="atenolol" time="before DCT" type1="beta blocker" type2="" comment=""/>
    </MEDICATION>
    <MEDICATION id="DOC22" time="during DCT" type1="beta blocker" type2="">
      <MEDICATION id="M55" start="1261" end="1269" text="atenolol" time="during DCT" type1="beta blocker" type2="" comment=""/>
      <MEDICATION id="M56" start="1261" end="1270" text="atenolol " time="during DCT" type1="beta blocker" type2="" comment=""/>
      <MEDICATION id="M57" start="1261" end="1269" text="atenolol" time="during DCT" type1="beta blocker" type2="" comment=""/>
    </MEDICATION>
    <DIABETES id="DOC23" time="after DCT" indicator="mention">
      <DIABETES id="D13" start="75" end="77" text="DM" time="after DCT" indicator="mention" comment=""/>
      <DIABETES id="D14" start="1825" end="1827" text="DM" time="after DCT" indicator="mention" comment=""/>
      <DIABETES id="D15" start="75" end="77" text="DM" time="after DCT" indicator="mention" comment=""/>
      <DIABETES id="D16" start="327" end="336" text="Type 2 DM" time="after DCT" indicator="mention" comment=""/>
      <DIABETES id="D17" start="1818" end="1827" text="Type 2 DM" time="after DCT" indicator="mention" comment=""/>
    </DIABETES>
    <PHI id="P0" start="16" end="26" text="2081-03-30" TYPE="DATE"/>
    <PHI id="P1" start="40" end="44" text="Dunn" TYPE="DOCTOR"/>
    <PHI id="P2" start="53" end="60" text="Needham" TYPE="DOCTOR"/>
    <PHI id="P3" start="97" end="99" text="58" TYPE="AGE"/>
    <PHI id="P4" start="167" end="171" text="2080" TYPE="DATE"/>
    <PHI id="P5" start="192" end="196" text="9/80" TYPE="DATE"/>
    <PHI id="P6" start="282" end="286" text="3/28" TYPE="DATE"/>
    <PHI id="P7" start="351" end="355" text="2078" TYPE="DATE"/>
    <PHI id="P8" start="559" end="563" text="Dunn" TYPE="DOCTOR"/>
    <PHI id="P9" start="573" end="592" text="Diabetes department" TYPE="DEPARTMENT"/>
    <PHI id="P10" start="620" end="624" text="3/80" TYPE="DATE"/>
    <PHI id="P11" start="754" end="758" text="3/80" TYPE="DATE"/>
    <PHI id="P12" start="857" end="864" text="6/30/80" TYPE="DATE"/>
    <PHI id="P13" start="1704" end="1708" text="3/80" TYPE="DATE"/>
    <PHI id="P14" start="2355" end="2359" text="Dunn" TYPE="DOCTOR"/>
    <PHI id="P15" start="2365" end="2373" text="Diabetes" TYPE="DEPARTMENT"/>
    <PHI id="P16" start="2400" end="2411" text="Barbara Ely" TYPE="DOCTOR"/>
  </TAGS>
</root>
