<?xml version='1.0' encoding='UTF-8'?>
<root>
  <TEXT><![CDATA[


Record date: 2096-09-05






Stonybrook Team 2 
Admission Note



PATIENT:  Dalley, Wade

MRN:  5694653

ADMIT DATE: 09/05/96  

PCP:  Dr. Xavier

CONTACT:  Dr. Xavier



CC: Diarrhea and cough



HPI: This is a 61 y.o male w/ h.o of aspiration PNA (says he has had many bouts over past 2 yrs and though due to dyskienisa and all studies in past negative), PE, Promyel. Leukemia in remission since 2090, TIA (on coumadin 7.5mg), dyskinesia, DM2 who presents with non productive cough x2 days w/ diarrhea and mild nausea. Diarrhea began at 1:00am night before he was seen by PCP. Had hamburger and hot dog the night before. No history of C. Diff in past, was not on abx at the time, and only sick contact was wife who had bronchitis that began 2 days prior but she did not have any GI symptoms. He was seen by PCP dr. xavier the next day who though he had a PNA and felt GI symptoms were food or PNA related. He was started on augmentin 875/125 which did not help him. The diarrhea worsened but denied BRPR, melena, Hematoschezia. Colonsocopy in past only significant for diverticulosis. He took his temp at home and was 102.8 and had episode of chills but no CP, SOB, Ab Pain, or other symptoms. No recent travel, sputum was clear and minimal, and no hemoptysis. No recent hospitalizations. Was advised to come to ED by PCP. 





ED COURSE:  In the ED his Vs were 98.8, 88-109, 112-145/63-77, 22-24, 93% on 2L and 94% on 2L. He as given fluids, Levofloxacin 750mg x1, Mg and K was repleted as it was 1.5 and 3.3 respectively. CXR showed LLL PNA . Bcx sent. 



OTHER ROS:  Negative except per history





MEDICAL HISTORY

Promyelocytic Leukemia in remission for since 08/2090

Dyskinesia likely 2/2 to perphenazine exposure during last chemo

HTN now resolved

PE in 3/93 s/p thyroid nodule removal and was on 6mo course of coumadin

TIA at PCH in 7/93 and on coumadin since. Past coag work-up negative

PNA- h/o of aspiration pneumonia

DM2

s/p subtotal thyroidectomy (no cancer) on levo for hypthroid 

Spondylosis

DM2



Colonoscopy in 2094 showed divertiuclosis but no polyps

Echo in 2093 was nml w/ EF of 60%

Barium swallow in 2093 normal



FAMILY HISTORY

Mother died of breast Ca at 76 and father of MI at 67

2 daughters are healthy




SOCIAL HISTORY

1ppd for 15yrs and stopped 15yrs ago

Rare EtOH

Works at dupont



ALLERGIES:  Perphenazine, caused dyskinesia



MEDICATIONS ON ADMISSION

  1. Acetylsalicylic Acid (Aspirin)   PO QD 81MG form: TABLET CHEWABLE take: 1  Tablet(s)

  2. Albuterol Inhaler Hfa (Proair Hfa)  2 PUFF INH QID prn wheeze/cough

  3. Tessalon Perles (Benzonatate)   PO TID prn cough 100MG form: CAPSULE LF take: 1  Capsule(s)

  4. Clozapine  125 MG PO QD

  5. Levothyroxine Sodium  125 MCG PO QD

  6. Metformin  850 MG PO TID with meals

  7. Multivitamins  1 CAPSULE PO QD

  8. Prilosec (Omeprazole)   PO BID 20MG form: CAPSULE CR take: 1  Capsule(s)

  9. Reserpine  1.5 MG PO QD


10. Simvastatin  20 MG PO QHS


11. Sitagliptin (Januvia)  100 MG PO QD


12. Venlafaxine Extended Release (Effexor Xr)  150 MG PO QD


13. Warfarin Sodium  7.5 MG PO QPM adjusted to maintain INR 2-3.





PHYSICAL EXAM

VITALS:  99.1, 89, 121/71, 20, 96% on 4L

Gen: NAD, A&amp;Ox3

HEENT: oral mucosa clear, no lymphadenopathy, PERLA, EOMI

Neck: no JVP, no nodules, no tenderness

Chest: Rhonci most pronounced on left and e-a changes on LL base

CVS: RRR, no MRG

Ab: soft, NT, ND, No rebound, no HSM





Labs

CBC: 8.6/38.5/198     Electrolytes: Na 137, K 3.3, Cl 103, CO2 24,5, BUN/Cr 12/1.30   Ca 9.4, Mg 1.3, Phos 2.5

INR 3.5, UA -, Bcx in past negative



Radiology

CXR: LLL PNA



ASSESSMENT &amp; PLAN: This is a 61 y.o male w/ h.o of aspiration PNA, PE, Promyel. Leukemia in remission since 2090, TIA (on coumadin 7.5mg), dyskinesia, DM2 who presents with non productive cough x2 days w/ diarrhea and mild nausea. The diarrhea seems to have been present before the abx and like worsened by it. Considering its sudden nature after meal likely a gastroenteritis and it is now worsened with augmenting. His PNA is either 2/2 to aspiration or CAP.





ISSUE #1: PNA- will tx with levo 750mg po x5-7 days. Remains afebrile and BP stable

- BCX, UCx, Urine Legionella


ISSUE #2: Combination of gastroenteritis and worsened by augmentin

-         Stop augmentin
-         Send C. Diff and dydrate




ISSUE #3: Cr increase- likely pre-renal and will give fluids. If does not resolve will send urine studies



ISSUE #4: DM2- will hold metformin and juanivia and start sliding scale while he is in the hospital



ISSUE #5: h/o of TIA and supratherapeutic INR- will hold coumadin today and recheck INR tommarow and adjust accordingly



Otherwise for all other PMHx issues will maintain on home medications as they are not active issues at this point 



FEN: Regular diabetic diet. Fluids of NS at 125cc/hr





PROPHYLAXIS

GI: Colace, senna. Continue PPI

DVT: Already on coumadin



CODE:  Full

__________________________________

Jonnie Vue, Pager 36407




]]></TEXT>
  <TAGS>
    <MEDICATION id="DOC0" time="after DCT" type1="statin" type2="">
      <MEDICATION id="M0" start="2941" end="2953" text="Simvastatin " time="after DCT" type1="statin" type2="" comment=""/>
      <MEDICATION id="M1" start="2941" end="2952" text="Simvastatin" time="after DCT" type1="statin" type2="" comment=""/>
    </MEDICATION>
    <MEDICATION id="DOC1" time="during DCT" type1="aspirin" type2="">
      <MEDICATION id="M2" start="2440" end="2447" text="Aspirin" time="during DCT" type1="aspirin" type2="" comment=""/>
      <MEDICATION id="M3" start="2418" end="2438" text="Acetylsalicylic Acid" time="during DCT" type1="aspirin" type2="" comment=""/>
      <MEDICATION id="M4" start="2417" end="2447" text=" Acetylsalicylic Acid (Aspirin" time="during DCT" type1="aspirin" type2="" comment=""/>
    </MEDICATION>
    <SMOKER id="DOC2" status="past">
      <SMOKER id="S0" start="2272" end="2309" text="1ppd for 15yrs and stopped 15yrs ago " status="past" comment=""/>
      <SMOKER id="S1" start="2271" end="2309" text=" 1ppd for 15yrs and stopped 15yrs ago " status="past" comment=""/>
    </SMOKER>
    <HYPERTENSION id="DOC3" time="during DCT" indicator="mention">
      <HYPERTENSION id="H0" start="1749" end="1752" text="HTN" time="during DCT" indicator="mention" comment=""/>
      <HYPERTENSION id="H1" start="1749" end="1752" text="HTN" time="during DCT" indicator="mention" comment=""/>
    </HYPERTENSION>
    <DIABETES id="DOC4" time="during DCT" indicator="mention">
      <DIABETES id="D0" start="445" end="449" text="DM2 " time="during DCT" indicator="mention" comment=""/>
      <DIABETES id="D1" start="445" end="448" text="DM2" time="during DCT" indicator="mention" comment=""/>
      <DIABETES id="D2" start="445" end="448" text="DM2" time="during DCT" indicator="mention" comment=""/>
      <DIABETES id="D3" start="1944" end="1947" text="DM2" time="during DCT" indicator="mention" comment=""/>
      <DIABETES id="D4" start="2025" end="2028" text="DM2" time="during DCT" indicator="mention" comment=""/>
      <DIABETES id="D5" start="3786" end="3789" text="DM2" time="during DCT" indicator="mention" comment=""/>
      <DIABETES id="D6" start="4468" end="4471" text="DM2" time="during DCT" indicator="mention" comment=""/>
    </DIABETES>
    <MEDICATION id="DOC5" time="after DCT" type1="aspirin" type2="">
      <MEDICATION id="M5" start="2440" end="2447" text="Aspirin" time="after DCT" type1="aspirin" type2="" comment=""/>
      <MEDICATION id="M6" start="2418" end="2438" text="Acetylsalicylic Acid" time="after DCT" type1="aspirin" type2="" comment=""/>
      <MEDICATION id="M7" start="2417" end="2447" text=" Acetylsalicylic Acid (Aspirin" time="after DCT" type1="aspirin" type2="" comment=""/>
    </MEDICATION>
    <MEDICATION id="DOC6" time="before DCT" type1="DPP4 inhibitors" type2="">
      <MEDICATION id="M8" start="2986" end="2993" text="Januvia" time="before DCT" type1="DPP4 inhibitors" type2="" comment=""/>
      <MEDICATION id="M9" start="2973" end="2984" text="Sitagliptin" time="before DCT" type1="DPP4 inhibitors" type2="" comment=""/>
      <MEDICATION id="M10" start="2973" end="2994" text="Sitagliptin (Januvia)" time="before DCT" type1="DPP4 inhibitors" type2="" comment=""/>
    </MEDICATION>
    <DIABETES id="DOC7" time="before DCT" indicator="mention">
      <DIABETES id="D7" start="445" end="449" text="DM2 " time="before DCT" indicator="mention" comment=""/>
      <DIABETES id="D8" start="445" end="448" text="DM2" time="before DCT" indicator="mention" comment=""/>
      <DIABETES id="D9" start="445" end="448" text="DM2" time="before DCT" indicator="mention" comment=""/>
      <DIABETES id="D10" start="1944" end="1947" text="DM2" time="before DCT" indicator="mention" comment=""/>
      <DIABETES id="D11" start="2025" end="2028" text="DM2" time="before DCT" indicator="mention" comment=""/>
      <DIABETES id="D12" start="3786" end="3789" text="DM2" time="before DCT" indicator="mention" comment=""/>
      <DIABETES id="D13" start="4468" end="4471" text="DM2" time="before DCT" indicator="mention" comment=""/>
    </DIABETES>
    <MEDICATION id="DOC8" time="before DCT" type1="statin" type2="">
      <MEDICATION id="M11" start="2941" end="2952" text="Simvastatin" time="before DCT" type1="statin" type2="" comment=""/>
      <MEDICATION id="M12" start="2941" end="2953" text="Simvastatin " time="before DCT" type1="statin" type2="" comment=""/>
      <MEDICATION id="M13" start="2941" end="2952" text="Simvastatin" time="before DCT" type1="statin" type2="" comment=""/>
    </MEDICATION>
    <MEDICATION id="DOC9" time="during DCT" type1="statin" type2="">
      <MEDICATION id="M14" start="2941" end="2953" text="Simvastatin " time="during DCT" type1="statin" type2="" comment=""/>
      <MEDICATION id="M15" start="2941" end="2952" text="Simvastatin" time="during DCT" type1="statin" type2="" comment=""/>
    </MEDICATION>
    <MEDICATION id="DOC10" time="before DCT" type1="metformin" type2="">
      <MEDICATION id="M16" start="2753" end="2762" text="Metformin" time="before DCT" type1="metformin" type2="" comment=""/>
      <MEDICATION id="M17" start="2752" end="2762" text=" Metformin" time="before DCT" type1="metformin" type2="" comment=""/>
      <MEDICATION id="M18" start="2753" end="2762" text="Metformin" time="before DCT" type1="metformin" type2="" comment=""/>
    </MEDICATION>
    <MEDICATION id="DOC11" time="before DCT" type1="aspirin" type2="">
      <MEDICATION id="M19" start="2440" end="2447" text="Aspirin" time="before DCT" type1="aspirin" type2="" comment=""/>
      <MEDICATION id="M20" start="2418" end="2438" text="Acetylsalicylic Acid" time="before DCT" type1="aspirin" type2="" comment=""/>
      <MEDICATION id="M21" start="2417" end="2447" text=" Acetylsalicylic Acid (Aspirin" time="before DCT" type1="aspirin" type2="" comment=""/>
    </MEDICATION>
    <HYPERTENSION id="DOC12" time="before DCT" indicator="high bp">
      <HYPERTENSION id="H2" start="1383" end="1396" text="112-145/63-77" time="before DCT" indicator="high bp" comment=""/>
      <HYPERTENSION id="H3" start="1383" end="1396" text="112-145/63-77" time="before DCT" indicator="high bp" comment=""/>
    </HYPERTENSION>
    <MEDICATION id="DOC13" time="during DCT" type1="insulin" type2="">
      <MEDICATION id="M22" start="4516" end="4529" text="sliding scale" time="during DCT" type1="insulin" type2="" comment=""/>
      <MEDICATION id="M23" start="4516" end="4529" text="sliding scale" time="during DCT" type1="insulin" type2="" comment=""/>
    </MEDICATION>
    <FAMILY_HIST id="DOC14" indicator="not present">
      <FAMILY_HIST id="F0" indicator="not present"/>
      <FAMILY_HIST id="F1" indicator="not present"/>
      <FAMILY_HIST id="F2" indicator="not present"/>
    </FAMILY_HIST>
    <DIABETES id="DOC15" time="after DCT" indicator="mention">
      <DIABETES id="D14" start="445" end="449" text="DM2 " time="after DCT" indicator="mention" comment=""/>
      <DIABETES id="D15" start="445" end="448" text="DM2" time="after DCT" indicator="mention" comment=""/>
      <DIABETES id="D16" start="445" end="448" text="DM2" time="after DCT" indicator="mention" comment=""/>
      <DIABETES id="D17" start="1944" end="1947" text="DM2" time="after DCT" indicator="mention" comment=""/>
      <DIABETES id="D18" start="2025" end="2028" text="DM2" time="after DCT" indicator="mention" comment=""/>
      <DIABETES id="D19" start="3786" end="3789" text="DM2" time="after DCT" indicator="mention" comment=""/>
      <DIABETES id="D20" start="4468" end="4471" text="DM2" time="after DCT" indicator="mention" comment=""/>
    </DIABETES>
    <PHI id="P0" start="16" end="26" text="2096-09-05" TYPE="DATE"/>
    <PHI id="P1" start="33" end="43" text="Stonybrook" TYPE="HOSPITAL"/>
    <PHI id="P2" start="80" end="92" text="Dalley, Wade" TYPE="PATIENT"/>
    <PHI id="P3" start="100" end="107" text="5694653" TYPE="MEDICALRECORD"/>
    <PHI id="P4" start="121" end="129" text="09/05/96" TYPE="DATE"/>
    <PHI id="P5" start="143" end="149" text="Xavier" TYPE="DOCTOR"/>
    <PHI id="P6" start="165" end="171" text="Xavier" TYPE="DOCTOR"/>
    <PHI id="P7" start="216" end="218" text="61" TYPE="AGE"/>
    <PHI id="P8" start="402" end="406" text="2090" TYPE="DATE"/>
    <PHI id="P9" start="821" end="827" text="xavier" TYPE="DOCTOR"/>
    <PHI id="P10" start="1674" end="1681" text="08/2090" TYPE="DATE"/>
    <PHI id="P11" start="1773" end="1777" text="3/93" TYPE="DATE"/>
    <PHI id="P12" start="1847" end="1850" text="PCH" TYPE="HOSPITAL"/>
    <PHI id="P13" start="1854" end="1858" text="7/93" TYPE="DATE"/>
    <PHI id="P14" start="2047" end="2051" text="2094" TYPE="DATE"/>
    <PHI id="P15" start="2097" end="2101" text="2093" TYPE="DATE"/>
    <PHI id="P16" start="2142" end="2146" text="2093" TYPE="DATE"/>
    <PHI id="P17" start="2201" end="2203" text="76" TYPE="AGE"/>
    <PHI id="P18" start="2224" end="2226" text="67" TYPE="AGE"/>
    <PHI id="P19" start="2330" end="2336" text="dupont" TYPE="ORGANIZATION"/>
    <PHI id="P20" start="3664" end="3666" text="61" TYPE="AGE"/>
    <PHI id="P21" start="3743" end="3747" text="2090" TYPE="DATE"/>
    <PHI id="P22" start="4983" end="4993" text="Jonnie Vue" TYPE="DOCTOR"/>
    <PHI id="P23" start="5001" end="5006" text="36407" TYPE="PHONE"/>
  </TAGS>
</root>
