<?xml version='1.0' encoding='UTF-8'?>
<root>
  <TEXT><![CDATA[


Record date: 2077-01-31



LEPROSARIUM INPATIENT DIALYSIS ADMIT NOTE



Outpatient Nephrologist:   Dr. Mcgee

Outpatient Dialysis Unit:   BH

Estimated dry weight:  68.5 kg

Dialysis access:  RUE AVF



Reason for admission: hypoglycemia



HPI: 

76F ESRD on HD.  Felt "woozy" last night and found by daughter to be confused.  Daughter called 911 and FS glucose 30.  Pt has had recurrent episodes of hypoglycemia - says b/c she "doesn't want to eat".  She says she has an endocrinologist, Dr. Hayes, but does not remember where the office is located.  She takes insulin once a day (30u NPH and 10u R).  ROS otherwise negative in detail.



Past Medical History: 

ESRD presumed 2/2 type 2 DM

 - on HD since 2075, TTS

Type 2 DM (Insulin-dependent) 

 - multiple episodes of hypoglycemia in the past

asthma - no intubations d/t asthma exacerbation, has previously been on steroids

stroke/TIA in past

seizure 2069, unclear etiology

multinodular goiter

HTN

hyperlipidemia



Past Surgical History: 

s/p TAH-BSO



Vascular access history:  

R brachiocephalic fistula 11/75 after 3 prior failed attempts at access

   - given high risk of further thrombosis, started on coumadin 11/75

   - negative hypercoaguable w/u as per LMR notes



Allergies: NKDA



Medications: 

insulin

methyldopa 250mg qd

lisinopril 10mg qd

diltiazem 300mg qd

pravastatin 10mg qhs

Nephrocaps

heparin 5000u bid

colace 100mg bid



Social History:   40 pack-years, 2-3 EtOH drink/week, lives alone.  



Family History: 



PHYSICAL EXAM

Weight: 72.8kg

Temp: 98.4

BP: 150/82

HR: 91

RR: 22

O2 sat 100%



Gen: Obese AA woman in NAD.

HEENT: sclerae non-icteric, O&P clear and moist

Neck: supple, no LAD, JVP elevated

Lungs: CTA b/l

Cor: regular, s1s2, no m/c/r/g

Abd: soft, NTND, no HSM, no abdominal bruits

Ext: no edema in LE b/l, 2+ pulses distally

Skin: warm, smooth, no rashes

Back: no CVAT

Vascular access: site clean and without inflammation, systolic and diastolic bruit present



LABS:

Date/Time         WBC            HGB            HCT            MCV            

01/31/2077       8.15           11.5 (#)       34.7 (*)       87.3           



Date/Time         PLT            

01/31/2077       231            



Date/Time         UA-GLUC        UA-KET         UA-SPGR        UA-BLD         

01/31/2077       TR             NEG            1.009          1+             



Date/Time         UA-PH          UA-PROT        UA-NIT         UA-WBC         

01/31/2077       8.0            2+             NEG            NEG            



Date/Time         UAS-BACT       

01/31/2077       TR             



Date/Time         NA             K              CL             CO2            

01/31/2077       137            5.1 (*)        95 (*)         27             

01/31/2077       134 (*)        6.2 (*)        94 (*)         25             

01/31/2077       136            5.8 (*)        97 (*)         20 (*)         



Date/Time         BUN            CRE            EGFR           GLU            

01/31/2077       49 (*)         8.0 (*)        5              68             

01/31/2077       43 (*)         8.0 (*)        5              83             



Date/Time         ANION          

01/31/2077       15                  



Date/Time         CA             PHOS           MG             

01/31/2077       10.2                          1.9            

01/31/2077       10.6 (*)       5.8 (*)        2.0            



Date/Time         CK             CK-MB          TROP-I         

01/31/2077      insufficient blood



Date/Time         PT             PT-INR         PTT            

01/31/2077       15.8 (*)       1.3 (*)        28.6 (#)       



Blood cultures negative to date (01/31/77)



ASSESSMENT AND PLAN:



76F ESRD presumed from Type 2 DM, now admitted for hypoglycemia.



1.  DM: Check HbA1c.  Endocrine to see, given recurrent hypoglycemia.  Nutrition to see.

2.  HD today, as per usual schedule.  Will check iron studies, PTH, 25OH Vit D, URR.

3.  Hyperkalemia: Recirculation studies with HD today.

4.  CAD risk: Check fasting lipids, start ECASA 81mg qd, wean diltiazem and methyldopa and increase lisinopril as tolerated by BP.  Would not start beta-blocker at present until hypoglycemic episodes resolved.

5.  INR: Aiming for INR 1.5-2 - adjust coumadin accordingly.

6.  PO4: Start Phoslo 667mg po tid with meals.

6.  Dispo: Needs social work, PT, OT to see, as does not appear to be safe at home.



Lois Ochs

Renal Fellow

48324



]]></TEXT>
  <TAGS>
    <MEDICATION id="DOC0" time="during DCT" type1="ACE inhibitor" type2="">
      <MEDICATION id="M0" start="1312" end="1322" text="lisinopril" time="during DCT" type1="ACE inhibitor" type2="" comment=""/>
      <MEDICATION id="M1" start="1312" end="1323" text="lisinopril " time="during DCT" type1="ACE inhibitor" type2="" comment=""/>
      <MEDICATION id="M2" start="4162" end="4172" text="lisinopril" time="during DCT" type1="ACE inhibitor" type2="" comment=""/>
      <MEDICATION id="M3" start="1312" end="1323" text="lisinopril " time="during DCT" type1="ACE inhibitor" type2="" comment=""/>
    </MEDICATION>
    <MEDICATION id="DOC1" time="after DCT" type1="statin" type2="">
      <MEDICATION id="M4" start="1352" end="1363" text="pravastatin" time="after DCT" type1="statin" type2="" comment=""/>
      <MEDICATION id="M5" start="1352" end="1363" text="pravastatin" time="after DCT" type1="statin" type2="" comment=""/>
      <MEDICATION id="M6" start="1352" end="1363" text="pravastatin" time="after DCT" type1="statin" type2="" comment=""/>
    </MEDICATION>
    <OBESE id="DOC2" time="after DCT" indicator="mention">
      <OBESE id="O0" start="1608" end="1613" text="Obese" time="after DCT" indicator="mention" comment=""/>
      <OBESE id="O1" start="1608" end="1613" text="Obese" time="after DCT" indicator="mention" comment=""/>
    </OBESE>
    <HYPERTENSION id="DOC3" time="during DCT" indicator="mention">
      <HYPERTENSION id="H0" start="960" end="963" text="HTN" time="during DCT" indicator="mention" comment=""/>
      <HYPERTENSION id="H1" start="960" end="963" text="HTN" time="during DCT" indicator="mention" comment=""/>
      <HYPERTENSION id="H2" start="960" end="963" text="HTN" time="during DCT" indicator="mention" comment=""/>
    </HYPERTENSION>
    <MEDICATION id="DOC4" time="after DCT" type1="ACE inhibitor" type2="">
      <MEDICATION id="M7" start="1312" end="1322" text="lisinopril" time="after DCT" type1="ACE inhibitor" type2="" comment=""/>
      <MEDICATION id="M8" start="1312" end="1323" text="lisinopril " time="after DCT" type1="ACE inhibitor" type2="" comment=""/>
      <MEDICATION id="M9" start="4162" end="4172" text="lisinopril" time="after DCT" type1="ACE inhibitor" type2="" comment=""/>
      <MEDICATION id="M10" start="1312" end="1323" text="lisinopril " time="after DCT" type1="ACE inhibitor" type2="" comment=""/>
    </MEDICATION>
    <MEDICATION id="DOC5" time="before DCT" type1="ACE inhibitor" type2="">
      <MEDICATION id="M11" start="1312" end="1322" text="lisinopril" time="before DCT" type1="ACE inhibitor" type2="" comment=""/>
      <MEDICATION id="M12" start="1312" end="1323" text="lisinopril " time="before DCT" type1="ACE inhibitor" type2="" comment=""/>
      <MEDICATION id="M13" start="4162" end="4172" text="lisinopril" time="before DCT" type1="ACE inhibitor" type2="" comment=""/>
      <MEDICATION id="M14" start="1312" end="1323" text="lisinopril " time="before DCT" type1="ACE inhibitor" type2="" comment=""/>
    </MEDICATION>
    <DIABETES id="DOC6" time="during DCT" indicator="mention">
      <DIABETES id="D0" start="693" end="695" text="DM" time="during DCT" indicator="mention" comment=""/>
      <DIABETES id="D1" start="686" end="695" text="type 2 DM" time="during DCT" indicator="mention" comment=""/>
      <DIABETES id="D2" start="723" end="753" text="Type 2 DM (Insulin-dependent) " time="during DCT" indicator="mention" comment=""/>
      <DIABETES id="D3" start="3785" end="3795" text="Type 2 DM," time="during DCT" indicator="mention" comment=""/>
      <DIABETES id="D4" start="3834" end="3836" text="DM" time="during DCT" indicator="mention" comment=""/>
      <DIABETES id="D5" start="729" end="732" text=" DM" time="during DCT" indicator="mention" comment=""/>
    </DIABETES>
    <MEDICATION id="DOC7" time="after DCT" type1="aspirin" type2="">
      <MEDICATION id="M15" start="4104" end="4109" text="ECASA" time="after DCT" type1="aspirin" type2="" comment=""/>
      <MEDICATION id="M16" start="4104" end="4109" text="ECASA" time="after DCT" type1="aspirin" type2="" comment=""/>
      <MEDICATION id="M17" start="4098" end="4109" text="start ECASA" time="after DCT" type1="aspirin" type2="" comment=""/>
    </MEDICATION>
    <HYPERLIPIDEMIA id="DOC8" time="during DCT" indicator="mention">
      <HYPERLIPIDEMIA id="HY0" start="965" end="979" text="hyperlipidemia" time="during DCT" indicator="mention" comment=""/>
      <HYPERLIPIDEMIA id="HY1" start="964" end="979" text=" hyperlipidemia" time="during DCT" indicator="mention" comment=""/>
      <HYPERLIPIDEMIA id="HY2" start="965" end="979" text="hyperlipidemia" time="during DCT" indicator="mention" comment=""/>
    </HYPERLIPIDEMIA>
    <MEDICATION id="DOC9" time="during DCT" type1="calcium channel blocker" type2="">
      <MEDICATION id="M18" start="1332" end="1341" text="diltiazem" time="during DCT" type1="calcium channel blocker" type2="" comment=""/>
      <MEDICATION id="M19" start="1332" end="1341" text="diltiazem" time="during DCT" type1="calcium channel blocker" type2="" comment=""/>
      <MEDICATION id="M20" start="4124" end="4133" text="diltiazem" time="during DCT" type1="calcium channel blocker" type2="" comment=""/>
      <MEDICATION id="M21" start="4124" end="4133" text="diltiazem" time="during DCT" type1="calcium channel blocker" type2="" comment=""/>
    </MEDICATION>
    <MEDICATION id="DOC10" time="after DCT" type1="insulin" type2="">
      <MEDICATION id="M22" start="566" end="573" text="insulin" time="after DCT" type1="insulin" type2="" comment=""/>
      <MEDICATION id="M23" start="590" end="593" text="NPH" time="after DCT" type1="insulin" type2="" comment=""/>
      <MEDICATION id="M24" start="598" end="603" text="10u R" time="after DCT" type1="insulin" type2="" comment=""/>
      <MEDICATION id="M25" start="1282" end="1289" text="insulin" time="after DCT" type1="insulin" type2="" comment=""/>
      <MEDICATION id="M26" start="566" end="573" text="insulin" time="after DCT" type1="insulin" type2="" comment=""/>
    </MEDICATION>
    <HYPERTENSION id="DOC11" time="during DCT" indicator="high bp">
      <HYPERTENSION id="H3" start="1560" end="1570" text="BP: 150/82" time="during DCT" indicator="high bp" comment=""/>
      <HYPERTENSION id="H4" start="1564" end="1570" text="150/82" time="during DCT" indicator="high bp" comment=""/>
      <HYPERTENSION id="H5" start="1559" end="1570" text=" BP: 150/82" time="during DCT" indicator="high bp" comment=""/>
    </HYPERTENSION>
    <MEDICATION id="DOC12" time="before DCT" type1="calcium channel blocker" type2="">
      <MEDICATION id="M27" start="1332" end="1341" text="diltiazem" time="before DCT" type1="calcium channel blocker" type2="" comment=""/>
      <MEDICATION id="M28" start="1332" end="1341" text="diltiazem" time="before DCT" type1="calcium channel blocker" type2="" comment=""/>
      <MEDICATION id="M29" start="4124" end="4133" text="diltiazem" time="before DCT" type1="calcium channel blocker" type2="" comment=""/>
      <MEDICATION id="M30" start="4124" end="4133" text="diltiazem" time="before DCT" type1="calcium channel blocker" type2="" comment=""/>
    </MEDICATION>
    <HYPERTENSION id="DOC13" time="after DCT" indicator="mention">
      <HYPERTENSION id="H6" start="960" end="963" text="HTN" time="after DCT" indicator="mention" comment=""/>
      <HYPERTENSION id="H7" start="960" end="963" text="HTN" time="after DCT" indicator="mention" comment=""/>
      <HYPERTENSION id="H8" start="960" end="963" text="HTN" time="after DCT" indicator="mention" comment=""/>
    </HYPERTENSION>
    <DIABETES id="DOC14" time="before DCT" indicator="mention">
      <DIABETES id="D6" start="693" end="695" text="DM" time="before DCT" indicator="mention" comment=""/>
      <DIABETES id="D7" start="686" end="695" text="type 2 DM" time="before DCT" indicator="mention" comment=""/>
      <DIABETES id="D8" start="723" end="753" text="Type 2 DM (Insulin-dependent) " time="before DCT" indicator="mention" comment=""/>
      <DIABETES id="D9" start="3785" end="3795" text="Type 2 DM," time="before DCT" indicator="mention" comment=""/>
      <DIABETES id="D10" start="3834" end="3836" text="DM" time="before DCT" indicator="mention" comment=""/>
      <DIABETES id="D11" start="729" end="732" text=" DM" time="before DCT" indicator="mention" comment=""/>
    </DIABETES>
    <MEDICATION id="DOC15" time="before DCT" type1="statin" type2="">
      <MEDICATION id="M31" start="1352" end="1363" text="pravastatin" time="before DCT" type1="statin" type2="" comment=""/>
      <MEDICATION id="M32" start="1352" end="1363" text="pravastatin" time="before DCT" type1="statin" type2="" comment=""/>
      <MEDICATION id="M33" start="1352" end="1363" text="pravastatin" time="before DCT" type1="statin" type2="" comment=""/>
    </MEDICATION>
    <MEDICATION id="DOC16" time="during DCT" type1="statin" type2="">
      <MEDICATION id="M34" start="1352" end="1363" text="pravastatin" time="during DCT" type1="statin" type2="" comment=""/>
      <MEDICATION id="M35" start="1352" end="1363" text="pravastatin" time="during DCT" type1="statin" type2="" comment=""/>
      <MEDICATION id="M36" start="1352" end="1363" text="pravastatin" time="during DCT" type1="statin" type2="" comment=""/>
    </MEDICATION>
    <OBESE id="DOC17" time="before DCT" indicator="mention">
      <OBESE id="O2" start="1608" end="1613" text="Obese" time="before DCT" indicator="mention" comment=""/>
      <OBESE id="O3" start="1608" end="1613" text="Obese" time="before DCT" indicator="mention" comment=""/>
    </OBESE>
    <HYPERLIPIDEMIA id="DOC18" time="after DCT" indicator="mention">
      <HYPERLIPIDEMIA id="HY3" start="965" end="979" text="hyperlipidemia" time="after DCT" indicator="mention" comment=""/>
      <HYPERLIPIDEMIA id="HY4" start="964" end="979" text=" hyperlipidemia" time="after DCT" indicator="mention" comment=""/>
      <HYPERLIPIDEMIA id="HY5" start="965" end="979" text="hyperlipidemia" time="after DCT" indicator="mention" comment=""/>
    </HYPERLIPIDEMIA>
    <MEDICATION id="DOC19" time="before DCT" type1="insulin" type2="">
      <MEDICATION id="M37" start="566" end="573" text="insulin" time="before DCT" type1="insulin" type2="" comment=""/>
      <MEDICATION id="M38" start="590" end="593" text="NPH" time="before DCT" type1="insulin" type2="" comment=""/>
      <MEDICATION id="M39" start="598" end="603" text="10u R" time="before DCT" type1="insulin" type2="" comment=""/>
      <MEDICATION id="M40" start="1282" end="1289" text="insulin" time="before DCT" type1="insulin" type2="" comment=""/>
      <MEDICATION id="M41" start="566" end="573" text="insulin" time="before DCT" type1="insulin" type2="" comment=""/>
    </MEDICATION>
    <HYPERLIPIDEMIA id="DOC20" time="before DCT" indicator="mention">
      <HYPERLIPIDEMIA id="HY6" start="965" end="979" text="hyperlipidemia" time="before DCT" indicator="mention" comment=""/>
      <HYPERLIPIDEMIA id="HY7" start="964" end="979" text=" hyperlipidemia" time="before DCT" indicator="mention" comment=""/>
      <HYPERLIPIDEMIA id="HY8" start="965" end="979" text="hyperlipidemia" time="before DCT" indicator="mention" comment=""/>
    </HYPERLIPIDEMIA>
    <SMOKER id="DOC21" status="current">
      <SMOKER id="S0" start="1443" end="1456" text="40 pack-years" status="current" comment=""/>
      <SMOKER id="S1" start="1443" end="1456" text="40 pack-years" status="current" comment=""/>
    </SMOKER>
    <OBESE id="DOC22" time="during DCT" indicator="mention">
      <OBESE id="O4" start="1608" end="1613" text="Obese" time="during DCT" indicator="mention" comment=""/>
      <OBESE id="O5" start="1608" end="1613" text="Obese" time="during DCT" indicator="mention" comment=""/>
      <OBESE id="O6" start="1608" end="1613" text="Obese" time="during DCT" indicator="mention" comment=""/>
    </OBESE>
    <MEDICATION id="DOC23" time="after DCT" type1="calcium channel blocker" type2="">
      <MEDICATION id="M42" start="1332" end="1341" text="diltiazem" time="after DCT" type1="calcium channel blocker" type2="" comment=""/>
      <MEDICATION id="M43" start="1332" end="1341" text="diltiazem" time="after DCT" type1="calcium channel blocker" type2="" comment=""/>
      <MEDICATION id="M44" start="4124" end="4133" text="diltiazem" time="after DCT" type1="calcium channel blocker" type2="" comment=""/>
      <MEDICATION id="M45" start="4124" end="4133" text="diltiazem" time="after DCT" type1="calcium channel blocker" type2="" comment=""/>
    </MEDICATION>
    <HYPERTENSION id="DOC24" time="before DCT" indicator="mention">
      <HYPERTENSION id="H9" start="960" end="963" text="HTN" time="before DCT" indicator="mention" comment=""/>
      <HYPERTENSION id="H10" start="960" end="963" text="HTN" time="before DCT" indicator="mention" comment=""/>
      <HYPERTENSION id="H11" start="960" end="963" text="HTN" time="before DCT" indicator="mention" comment=""/>
    </HYPERTENSION>
    <MEDICATION id="DOC25" time="during DCT" type1="insulin" type2="">
      <MEDICATION id="M46" start="566" end="573" text="insulin" time="during DCT" type1="insulin" type2="" comment=""/>
      <MEDICATION id="M47" start="590" end="593" text="NPH" time="during DCT" type1="insulin" type2="" comment=""/>
      <MEDICATION id="M48" start="598" end="603" text="10u R" time="during DCT" type1="insulin" type2="" comment=""/>
      <MEDICATION id="M49" start="1282" end="1289" text="insulin" time="during DCT" type1="insulin" type2="" comment=""/>
      <MEDICATION id="M50" start="566" end="573" text="insulin" time="during DCT" type1="insulin" type2="" comment=""/>
    </MEDICATION>
    <FAMILY_HIST id="DOC26" indicator="not present">
      <FAMILY_HIST id="F0" indicator="not present"/>
      <FAMILY_HIST id="F1" indicator="not present"/>
      <FAMILY_HIST id="F2" indicator="not present"/>
    </FAMILY_HIST>
    <DIABETES id="DOC27" time="after DCT" indicator="mention">
      <DIABETES id="D12" start="693" end="695" text="DM" time="after DCT" indicator="mention" comment=""/>
      <DIABETES id="D13" start="686" end="695" text="type 2 DM" time="after DCT" indicator="mention" comment=""/>
      <DIABETES id="D14" start="723" end="753" text="Type 2 DM (Insulin-dependent) " time="after DCT" indicator="mention" comment=""/>
      <DIABETES id="D15" start="3785" end="3795" text="Type 2 DM," time="after DCT" indicator="mention" comment=""/>
      <DIABETES id="D16" start="3834" end="3836" text="DM" time="after DCT" indicator="mention" comment=""/>
      <DIABETES id="D17" start="729" end="732" text=" DM" time="after DCT" indicator="mention" comment=""/>
    </DIABETES>
    <PHI id="P0" start="16" end="26" text="2077-01-31" TYPE="DATE"/>
    <PHI id="P1" start="30" end="41" text="LEPROSARIUM" TYPE="HOSPITAL"/>
    <PHI id="P2" start="106" end="111" text="Mcgee" TYPE="DOCTOR"/>
    <PHI id="P3" start="141" end="143" text="BH" TYPE="HOSPITAL"/>
    <PHI id="P4" start="251" end="253" text="76" TYPE="AGE"/>
    <PHI id="P5" start="497" end="502" text="Hayes" TYPE="DOCTOR"/>
    <PHI id="P6" start="712" end="716" text="2075" TYPE="DATE"/>
    <PHI id="P7" start="718" end="719" text="T" TYPE="DATE"/>
    <PHI id="P8" start="719" end="720" text="T" TYPE="DATE"/>
    <PHI id="P9" start="720" end="721" text="S" TYPE="DATE"/>
    <PHI id="P10" start="915" end="919" text="2069" TYPE="DATE"/>
    <PHI id="P11" start="1077" end="1082" text="11/75" TYPE="DATE"/>
    <PHI id="P12" start="1188" end="1193" text="11/75" TYPE="DATE"/>
    <PHI id="P13" start="2083" end="2093" text="01/31/2077" TYPE="DATE"/>
    <PHI id="P14" start="2199" end="2209" text="01/31/2077" TYPE="DATE"/>
    <PHI id="P15" start="2315" end="2325" text="01/31/2077" TYPE="DATE"/>
    <PHI id="P16" start="2476" end="2486" text="01/31/2077" TYPE="DATE"/>
    <PHI id="P17" start="2592" end="2602" text="01/31/2077" TYPE="DATE"/>
    <PHI id="P18" start="2708" end="2718" text="01/31/2077" TYPE="DATE"/>
    <PHI id="P19" start="2787" end="2797" text="01/31/2077" TYPE="DATE"/>
    <PHI id="P20" start="2866" end="2876" text="01/31/2077" TYPE="DATE"/>
    <PHI id="P21" start="3027" end="3037" text="01/31/2077" TYPE="DATE"/>
    <PHI id="P22" start="3106" end="3116" text="01/31/2077" TYPE="DATE"/>
    <PHI id="P23" start="3222" end="3232" text="01/31/2077" TYPE="DATE"/>
    <PHI id="P24" start="3328" end="3338" text="01/31/2077" TYPE="DATE"/>
    <PHI id="P25" start="3392" end="3402" text="01/31/2077" TYPE="DATE"/>
    <PHI id="P26" start="3523" end="3533" text="01/31/2077" TYPE="DATE"/>
    <PHI id="P27" start="3626" end="3636" text="01/31/2077" TYPE="DATE"/>
    <PHI id="P28" start="3725" end="3733" text="01/31/77" TYPE="DATE"/>
    <PHI id="P29" start="3762" end="3764" text="76" TYPE="AGE"/>
    <PHI id="P30" start="4470" end="4479" text="Lois Ochs" TYPE="DOCTOR"/>
    <PHI id="P31" start="4495" end="4500" text="48324" TYPE="PHONE"/>
  </TAGS>
</root>
