<?xml version='1.0' encoding='UTF-8'?>
<root>
  <TEXT><![CDATA[


Record date: 2082-04-10







Records not available

Here for follow up on DM,  and HTN 

Doing well, no new problems. No polis

Pt did not bring BS chart. 

AM values:   78 ,    138 (after breakfast)

  Weight:  gained  lbs

Exercise: yes   no

Smoking:  no

Main problem is back and knee pains on and off, worse with bad weather, no swelling , Motrim helps

HTN: 168/78   at home, no cp, no sob

Recurrent utis : no dysuria , no sxs

MEDICATIONS





PREMARIN (CONJUGATED ESTROGENS) 2 GM     PV QHS SIG ONE APPLICATOR FULL AT HSX 1WK THEN TWICE PER WEEK

ATIVAN (LORAZEPAM)   0.5MG  1 Tablet(s) PNGT QD  

GLYBURIDE   5MG  1 Tablet(s) PO QD 

COZAAR (LOSARTAN)   50MG  1 Tablet(s) PO QD  





PROBLEMS



Diabetes mellitus  

Hypertension  





ALLERGIES



Penicillins  Rash  

Codeine  GI upset  

Sulfa  Rash  

* lisinopril  cough  







PE:         

BP:     160/80                  HR:        78         

Chest:  clear

Heart: reg, nl S1, S2

Abd: soft, non tender        

Extr: no edema



A-P : 



DM:   A ( A1C), B (blood pressure)  and  C  (cholesterol) targets emphasized. 

Diet: No sweets, low fat  diet reinforced.

Nutritionist  Referral done. 

Podiatry  referral done 

Opthalmology referral done

Exercise encouraged. 

Check BS twice a day, write them down and bring log book all visits. Recheck A1c before next visit.

Meds: Cont oral agent, same dose.  

ASA 325 mg qd recommended., done.

Blood pressure:is high. Will double Cozaar dose to 50 bid.  Check chem 7 

LDL Cholesterol: on target. Cont same tx. Recheck cho  in      

Pneumonia vac today

Follow up in  3   months.

mammogram ordered

We did not deal with bone density, records are not available and I do not remember what we did about it. Will rediscuss issue next visit



HEALTH MAINTENANCE



Complete Physical Exam 05/19/2081   

Breast Exam 05/19/2081  Done 

Home glucose monitoring  04/10/2082   

Hypoglycemia Assessment/Counseling  04/10/2082   

M-alb/creat ratio 04/10/2082 ordered  

Microalbumin 04/10/2082   

Microalbumin 04/10/2082 ordered  

Nutrition Referral 04/10/2082 referral done  

Ophthal Exam 04/10/2082 referrala done Other 

Colonoscopy 04/10/2082 offered , she will think about it  

Stool Guaiac 04/10/2082 stool cards givne Other 

Pneumovax 04/10/2082  Done 

Podiatry exam 04/10/2082 referral done  

Influenza Vaccine 10/24/2081   

Cholesterol 08/02/2081 212  DESIRABLE: less then 200

Mammogram 02/08/2081 BilScrMammo  

Pap Smear 12/29/2079 See report in Results  

Smoking status 01/26/2082  Never a smoker 

UA-Protein 01/24/2082 Negative  

HBA1C 08/03/2081 7.20  

Domestic Violence Screening 01/26/2082 neg  









____________________________

Tatyana A. Morris, M.D.







]]></TEXT>
  <TAGS>
    <DIABETES id="DOC0" time="during DCT" indicator="A1C">
      <DIABETES id="D0" start="2578" end="2599" text="HBA1C 08/03/2081 7.20" time="during DCT" indicator="A1C" comment=""/>
      <DIABETES id="D1" start="2578" end="2601" text="HBA1C 08/03/2081 7.20  " time="during DCT" indicator="A1C" comment=""/>
    </DIABETES>
    <DIABETES id="DOC1" time="before DCT" indicator="mention">
      <DIABETES id="D2" start="78" end="81" text=" DM" time="before DCT" indicator="mention" comment=""/>
      <DIABETES id="D3" start="79" end="81" text="DM" time="before DCT" indicator="mention" comment=""/>
      <DIABETES id="D4" start="712" end="731" text="Diabetes mellitus  " time="before DCT" indicator="mention" comment=""/>
      <DIABETES id="D5" start="1019" end="1021" text="DM" time="before DCT" indicator="mention" comment=""/>
      <DIABETES id="D6" start="79" end="81" text="DM" time="before DCT" indicator="mention" comment=""/>
    </DIABETES>
    <HYPERTENSION id="DOC2" time="before DCT" indicator="mention">
      <HYPERTENSION id="H0" start="88" end="93" text="HTN  " time="before DCT" indicator="mention" comment=""/>
      <HYPERTENSION id="H1" start="88" end="91" text="HTN" time="before DCT" indicator="mention" comment=""/>
      <HYPERTENSION id="H2" start="733" end="745" text="Hypertension" time="before DCT" indicator="mention" comment=""/>
      <HYPERTENSION id="H3" start="88" end="91" text="HTN" time="before DCT" indicator="mention" comment=""/>
    </HYPERTENSION>
    <MEDICATION id="DOC3" time="before DCT" type1="sulfonylureas" type2="">
      <MEDICATION id="M0" start="612" end="622" text="GLYBURIDE " time="before DCT" type1="sulfonylureas" type2="" comment=""/>
      <MEDICATION id="M1" start="612" end="647" text="GLYBURIDE   5MG  1 Tablet(s) PO QD " time="before DCT" type1="sulfonylureas" type2="" comment=""/>
      <MEDICATION id="M2" start="612" end="621" text="GLYBURIDE" time="before DCT" type1="sulfonylureas" type2="" comment=""/>
    </MEDICATION>
    <DIABETES id="DOC4" time="during DCT" indicator="mention">
      <DIABETES id="D7" start="78" end="81" text=" DM" time="during DCT" indicator="mention" comment=""/>
      <DIABETES id="D8" start="79" end="81" text="DM" time="during DCT" indicator="mention" comment=""/>
      <DIABETES id="D9" start="712" end="731" text="Diabetes mellitus  " time="during DCT" indicator="mention" comment=""/>
      <DIABETES id="D10" start="1019" end="1021" text="DM" time="during DCT" indicator="mention" comment=""/>
      <DIABETES id="D11" start="79" end="81" text="DM" time="during DCT" indicator="mention" comment=""/>
    </DIABETES>
    <HYPERTENSION id="DOC5" time="during DCT" indicator="high bp">
      <HYPERTENSION id="H4" start="866" end="885" text="BP:     160/80     " time="during DCT" indicator="high bp" comment=""/>
      <HYPERTENSION id="H5" start="866" end="880" text="BP:     160/80" time="during DCT" indicator="high bp" comment=""/>
      <HYPERTENSION id="H6" start="369" end="375" text="168/78" time="during DCT" indicator="high bp" comment=""/>
    </HYPERTENSION>
    <HYPERTENSION id="DOC6" time="during DCT" indicator="mention">
      <HYPERTENSION id="H7" start="88" end="93" text="HTN  " time="during DCT" indicator="mention" comment=""/>
      <HYPERTENSION id="H8" start="88" end="91" text="HTN" time="during DCT" indicator="mention" comment=""/>
      <HYPERTENSION id="H9" start="733" end="745" text="Hypertension" time="during DCT" indicator="mention" comment=""/>
      <HYPERTENSION id="H10" start="88" end="91" text="HTN" time="during DCT" indicator="mention" comment=""/>
    </HYPERTENSION>
    <MEDICATION id="DOC7" time="after DCT" type1="sulfonylureas" type2="">
      <MEDICATION id="M3" start="612" end="622" text="GLYBURIDE " time="after DCT" type1="sulfonylureas" type2="" comment=""/>
      <MEDICATION id="M4" start="612" end="647" text="GLYBURIDE   5MG  1 Tablet(s) PO QD " time="after DCT" type1="sulfonylureas" type2="" comment=""/>
      <MEDICATION id="M5" start="612" end="621" text="GLYBURIDE" time="after DCT" type1="sulfonylureas" type2="" comment=""/>
    </MEDICATION>
    <MEDICATION id="DOC8" time="during DCT" type1="sulfonylureas" type2="">
      <MEDICATION id="M6" start="612" end="622" text="GLYBURIDE " time="during DCT" type1="sulfonylureas" type2="" comment=""/>
      <MEDICATION id="M7" start="612" end="647" text="GLYBURIDE   5MG  1 Tablet(s) PO QD " time="during DCT" type1="sulfonylureas" type2="" comment=""/>
      <MEDICATION id="M8" start="612" end="621" text="GLYBURIDE" time="during DCT" type1="sulfonylureas" type2="" comment=""/>
    </MEDICATION>
    <MEDICATION id="DOC9" time="after DCT" type1="ARB" type2="">
      <MEDICATION id="M9" start="649" end="656" text="COZAAR " time="after DCT" type1="ARB" type2="" comment=""/>
      <MEDICATION id="M10" start="649" end="694" text="COZAAR (LOSARTAN)   50MG  1 Tablet(s) PO QD  " time="after DCT" type1="ARB" type2="" comment=""/>
      <MEDICATION id="M11" start="649" end="655" text="COZAAR" time="after DCT" type1="ARB" type2="" comment=""/>
    </MEDICATION>
    <HYPERTENSION id="DOC10" time="after DCT" indicator="mention">
      <HYPERTENSION id="H11" start="88" end="93" text="HTN  " time="after DCT" indicator="mention" comment=""/>
      <HYPERTENSION id="H12" start="88" end="91" text="HTN" time="after DCT" indicator="mention" comment=""/>
      <HYPERTENSION id="H13" start="733" end="745" text="Hypertension" time="after DCT" indicator="mention" comment=""/>
      <HYPERTENSION id="H14" start="88" end="91" text="HTN" time="after DCT" indicator="mention" comment=""/>
    </HYPERTENSION>
    <MEDICATION id="DOC11" time="after DCT" type1="aspirin" type2="">
      <MEDICATION id="M12" start="1389" end="1392" text="ASA" time="after DCT" type1="aspirin" type2="" comment=""/>
      <MEDICATION id="M13" start="1389" end="1414" text="ASA 325 mg qd recommended" time="after DCT" type1="aspirin" type2="" comment=""/>
    </MEDICATION>
    <FAMILY_HIST id="DOC12" indicator="not present">
      <FAMILY_HIST id="F0" indicator="not present"/>
      <FAMILY_HIST id="F1" indicator="not present"/>
      <FAMILY_HIST id="F2" indicator="not present"/>
    </FAMILY_HIST>
    <HYPERTENSION id="DOC13" time="before DCT" indicator="high bp">
      <HYPERTENSION id="H15" start="369" end="385" text="168/78   at home" time="before DCT" indicator="high bp" comment=""/>
      <HYPERTENSION id="H16" start="364" end="375" text="HTN: 168/78" time="before DCT" indicator="high bp" comment=""/>
    </HYPERTENSION>
    <DIABETES id="DOC14" time="after DCT" indicator="mention">
      <DIABETES id="D12" start="78" end="81" text=" DM" time="after DCT" indicator="mention" comment=""/>
      <DIABETES id="D13" start="79" end="81" text="DM" time="after DCT" indicator="mention" comment=""/>
      <DIABETES id="D14" start="712" end="731" text="Diabetes mellitus  " time="after DCT" indicator="mention" comment=""/>
      <DIABETES id="D15" start="1019" end="1021" text="DM" time="after DCT" indicator="mention" comment=""/>
      <DIABETES id="D16" start="79" end="81" text="DM" time="after DCT" indicator="mention" comment=""/>
    </DIABETES>
    <MEDICATION id="DOC15" time="during DCT" type1="ARB" type2="">
      <MEDICATION id="M14" start="649" end="656" text="COZAAR " time="during DCT" type1="ARB" type2="" comment=""/>
      <MEDICATION id="M15" start="649" end="694" text="COZAAR (LOSARTAN)   50MG  1 Tablet(s) PO QD  " time="during DCT" type1="ARB" type2="" comment=""/>
      <MEDICATION id="M16" start="1459" end="1481" text="Cozaar dose to 50 bid" time="during DCT" type1="ARB" type2="" comment=""/>
      <MEDICATION id="M17" start="649" end="655" text="COZAAR" time="during DCT" type1="ARB" type2="" comment=""/>
    </MEDICATION>
    <MEDICATION id="DOC16" time="before DCT" type1="ARB" type2="">
      <MEDICATION id="M18" start="649" end="656" text="COZAAR " time="before DCT" type1="ARB" type2="" comment=""/>
      <MEDICATION id="M19" start="649" end="694" text="COZAAR (LOSARTAN)   50MG  1 Tablet(s) PO QD  " time="before DCT" type1="ARB" type2="" comment=""/>
      <MEDICATION id="M20" start="649" end="655" text="COZAAR" time="before DCT" type1="ARB" type2="" comment=""/>
    </MEDICATION>
    <SMOKER id="DOC17" status="never">
      <SMOKER id="S0" start="250" end="262" text="Smoking:  no" status="never" comment=""/>
      <SMOKER id="S1" start="250" end="262" text="Smoking:  no" status="never" comment=""/>
      <SMOKER id="S2" start="2527" end="2542" text="Never a smoker " status="never" comment=""/>
      <SMOKER id="S3" start="250" end="262" text="Smoking:  no" status="never" comment=""/>
    </SMOKER>
    <PHI id="P0" start="16" end="26" text="2082-04-10" TYPE="DATE"/>
    <PHI id="P1" start="1816" end="1826" text="05/19/2081" TYPE="DATE"/>
    <PHI id="P2" start="1843" end="1853" text="05/19/2081" TYPE="DATE"/>
    <PHI id="P3" start="1887" end="1897" text="04/10/2082" TYPE="DATE"/>
    <PHI id="P4" start="1938" end="1948" text="04/10/2082" TYPE="DATE"/>
    <PHI id="P5" start="1971" end="1981" text="04/10/2082" TYPE="DATE"/>
    <PHI id="P6" start="2006" end="2016" text="04/10/2082" TYPE="DATE"/>
    <PHI id="P7" start="2034" end="2044" text="04/10/2082" TYPE="DATE"/>
    <PHI id="P8" start="2075" end="2085" text="04/10/2082" TYPE="DATE"/>
    <PHI id="P9" start="2116" end="2126" text="04/10/2082" TYPE="DATE"/>
    <PHI id="P10" start="2162" end="2172" text="04/10/2082" TYPE="DATE"/>
    <PHI id="P11" start="2223" end="2233" text="04/10/2082" TYPE="DATE"/>
    <PHI id="P12" start="2270" end="2280" text="04/10/2082" TYPE="DATE"/>
    <PHI id="P13" start="2303" end="2313" text="04/10/2082" TYPE="DATE"/>
    <PHI id="P14" start="2349" end="2359" text="10/24/2081" TYPE="DATE"/>
    <PHI id="P15" start="2376" end="2386" text="08/02/2081" TYPE="DATE"/>
    <PHI id="P16" start="2428" end="2438" text="02/08/2081" TYPE="DATE"/>
    <PHI id="P17" start="2464" end="2474" text="12/29/2079" TYPE="DATE"/>
    <PHI id="P18" start="2515" end="2525" text="01/26/2082" TYPE="DATE"/>
    <PHI id="P19" start="2555" end="2565" text="01/24/2082" TYPE="DATE"/>
    <PHI id="P20" start="2584" end="2594" text="08/03/2081" TYPE="DATE"/>
    <PHI id="P21" start="2631" end="2641" text="01/26/2082" TYPE="DATE"/>
    <PHI id="P22" start="2687" end="2704" text="Tatyana A. Morris" TYPE="DOCTOR"/>
  </TAGS>
</root>
