<?xml version='1.0' encoding='UTF-8'?>
<root>
  <TEXT><![CDATA[


Record date: 2088-06-24

                                                       Patient Name: CHAPMAN,NOOR [ MRN: 45479406HBMC ]

                                                         Date of Visit: 6/24/2088









Chief Complaint	

Mrs Chapman  is here today to follow up on HTN, DM



History of Present Illness	

She has been feeling well. Seen by orthopedics few days ago for shopulder pain. Offered steroid injection but she declined. Instead started NSAIDs and will follow up in 4 weeks.

Still has pain on her left shoulder.

She is checking glucose sometimes and has been in the high 90s. Not taking Metformin for 1 month, was told insurance won't pay for it.

Has been doing well overall. Eye exam scheduled for next month

Depression is stable. 

Taking all her meds as directed

Needs refills for meds

Walking 1 hour every day





Review of Systems	

C/P: Denies PND, orthopnea

General: Denies fever, chills

HEENT : No cold sx

GI : Denies nausea, vomiting, diarrhea. 

Psych: follow with therapist and psychiatry. Taking all her psych meds

GU: Denies dysuria, polyuria

Neuro: headaches 

Skin : no rashes

All other systems negative



Problems

ASTHMA 

HYPERTENSION 

INSOMNIA 

SCHIZOPHRENIA 

DIABETES MELLITUS 

10/08/85 R breast u/s with likely lipoma and simple cyst at 8 o'clock, repeat u/s in 6 months and mammography in 01/2086 

Renal mass 

OBESITY : Type 3 - BMI 44 





Allergies

NKA 





Medications

ATENOLOL   100MG TABLET  take 1  PO  QD 

ATIVAN (LORAZEPAM)   1MG TABLET  take 1 Tablet(s) PO 

CALCIUM CARBONATE  1250 MG (1.25G TABLET) PO  QD 

CLOBETASOL PROPIONATE 0.05% 1 APPLICATION  TOP  BID 

ECASA (ASPIRIN ENTERIC COATED)   325MG TABLET EC  take 1 Tablet(s) PO  QD 

IBUPROFEN 800 MG  PO  TID PRN shoulder pain

LIPITOR (ATORVASTATIN)   10MG TABLET  take 1 Tablet(s) PO  QD 

LISINOPRIL   40MG TABLET  take 1  PO  QD 

METFORMIN   500MG TABLET  take 1  PO  BID (Not taking it)

MULTIVITAMINS 1 CAPSULE  PO  QD 

NASACORT 2 PUFF  NA  QHS , 2 puffs in each nostril QHS

PAXIL 40 MG  PO  QHS 

PREMARIN (CONJUGATED ESTROGENS) 1 GM  PV  Q72H 

SERZONE (NEFAZODONE)   100MG TABLET  take 1 Tablet(s) PO  QHS 

VENTOLIN 2 PUFF  INH  QID PRN Shortness of breath, PRN

ZYPREXA (OLANZAPINE)   7.5MG TABLET  take 1 Tablet(s) PO  QHS 







Vital Signs

 Blood Pressure:  --  140/80  [Left Arm]  [Sitting]
 Pulse:  --  68  [Regular]  [Radial]
 Respiratory Rate:  --  14  [Regular]
 Weight:  --  225  [Pounds]




Physical Exam	

Alert, in no distress obese

HEENT :  PEERL, EOMI, oral mucosa moist, no lesions, Throat: clear, no plaques, exudates or erythema.

Neck : supple, no masses or nodes, no JVD.

Lungs: clear anteriorly and posteriroly to auscultation, no rhonchi, crackles or wheezes

Heart: regular,. S1S2 normal, no S3 or murmurs

Abdomen: soft, no tenderness, no masses no organomegalies BS(+), no rebound

Ext: no edema, normal skin

Feet exam: thick toenails, good DP, good capillary filling, normal microfillament test 



Assessment/Plan	

1.  HYPERTENSION

Well controlled on current therapy

Atenolol to 100 mg QD # 30 and 6 refills

Lisinopril 40 mg QD # 30 and 6 refills



2. DIABETES MELLITUS

On Metformin 500 mg BID # 60 and 6 refills. AllMed Insurance covers for it

Check glucose QAM

Recomm low fat and low carb diet and increase physical activity, continue walking QD

Last HbA1C in 5/88 7.4

LDL 69 5/88
Lipitor 10 mg QHS # 30 and 6 refills

Needs eye exam



3. ASTHMA

Stable for months 





See me in  4 months







______________________________                              



Cynthia Nancy-Nesmith, M.D.



]]></TEXT>
  <TAGS>
    <OBESE id="DOC4" time="after DCT" indicator="mention">
      <OBESE id="O0" start="1380" end="1387" text="OBESITY" time="after DCT" indicator="mention" comment=""/>
      <OBESE id="O1" start="1380" end="1387" text="OBESITY" time="after DCT" indicator="mention" comment=""/>
      <OBESE id="O2" start="1380" end="1397" text="OBESITY : Type 3 " time="after DCT" indicator="mention" comment=""/>
    </OBESE>
    <OBESE id="DOC19" time="before DCT" indicator="mention">
      <OBESE id="O3" start="1380" end="1387" text="OBESITY" time="before DCT" indicator="mention" comment=""/>
      <OBESE id="O4" start="1380" end="1387" text="OBESITY" time="before DCT" indicator="mention" comment=""/>
      <OBESE id="O5" start="1380" end="1397" text="OBESITY : Type 3 " time="before DCT" indicator="mention" comment=""/>
    </OBESE>
    <OBESE id="DOC23" time="during DCT" indicator="mention">
      <OBESE id="O6" start="1380" end="1387" text="OBESITY" time="during DCT" indicator="mention" comment=""/>
      <OBESE id="O7" start="1380" end="1387" text="OBESITY" time="during DCT" indicator="mention" comment=""/>
      <OBESE id="O8" start="2497" end="2502" text="obese" time="during DCT" indicator="mention" comment=""/>
      <OBESE id="O9" start="1380" end="1397" text="OBESITY : Type 3 " time="during DCT" indicator="mention" comment=""/>
    </OBESE>
    <OBESE id="DOC26" time="during DCT" indicator="BMI">
      <OBESE id="O10" start="1398" end="1406" text=" BMI 44 " time="during DCT" indicator="BMI" comment=""/>
      <OBESE id="O11" start="1399" end="1406" text="BMI 44 " time="during DCT" indicator="BMI" comment=""/>
    </OBESE>
    <MEDICATION id="DOC0" time="during DCT" type1="ACE inhibitor" type2="">
      <MEDICATION id="M0" start="1833" end="1843" text="LISINOPRIL" time="during DCT" type1="ACE inhibitor" type2="" comment=""/>
      <MEDICATION id="M1" start="1832" end="1843" text=" LISINOPRIL" time="during DCT" type1="ACE inhibitor" type2="" comment=""/>
      <MEDICATION id="M2" start="1833" end="1843" text="LISINOPRIL" time="during DCT" type1="ACE inhibitor" type2="" comment=""/>
      <MEDICATION id="M3" start="3099" end="3109" text="Lisinopril" time="during DCT" type1="ACE inhibitor" type2="" comment=""/>
    </MEDICATION>
    <MEDICATION id="DOC1" time="after DCT" type1="statin" type2="">
      <MEDICATION id="M4" start="1769" end="1776" text="LIPITOR" time="after DCT" type1="statin" type2="" comment=""/>
      <MEDICATION id="M5" start="1769" end="1776" text="LIPITOR" time="after DCT" type1="statin" type2="" comment=""/>
      <MEDICATION id="M6" start="1769" end="1776" text="LIPITOR" time="after DCT" type1="statin" type2="" comment=""/>
    </MEDICATION>
    <MEDICATION id="DOC2" time="during DCT" type1="aspirin" type2="">
      <MEDICATION id="M7" start="1648" end="1653" text="ECASA" time="during DCT" type1="aspirin" type2="" comment=""/>
      <MEDICATION id="M8" start="1648" end="1653" text="ECASA" time="during DCT" type1="aspirin" type2="" comment=""/>
      <MEDICATION id="M9" start="1648" end="1653" text="ECASA" time="during DCT" type1="aspirin" type2="" comment=""/>
    </MEDICATION>
    <MEDICATION id="DOC3" time="after DCT" type1="metformin" type2="">
      <MEDICATION id="M10" start="3163" end="3237" text="On Metformin 500 mg BID # 60 and 6 refills. AllMed Insurance covers for it" time="after DCT" type1="metformin" type2="" comment=""/>
      <MEDICATION id="M11" start="1875" end="1885" text=" METFORMIN" time="after DCT" type1="metformin" type2="" comment=""/>
      <MEDICATION id="M12" start="1876" end="1885" text="METFORMIN" time="after DCT" type1="metformin" type2="" comment=""/>
      <MEDICATION id="M13" start="3166" end="3175" text="Metformin" time="after DCT" type1="metformin" type2="" comment=""/>
    </MEDICATION>
    <MEDICATION id="DOC7" time="after DCT" type1="ACE inhibitor" type2="">
      <MEDICATION id="M14" start="1833" end="1843" text="LISINOPRIL" time="after DCT" type1="ACE inhibitor" type2="" comment=""/>
      <MEDICATION id="M15" start="1832" end="1843" text=" LISINOPRIL" time="after DCT" type1="ACE inhibitor" type2="" comment=""/>
      <MEDICATION id="M16" start="1833" end="1843" text="LISINOPRIL" time="after DCT" type1="ACE inhibitor" type2="" comment=""/>
      <MEDICATION id="M17" start="3099" end="3109" text="Lisinopril" time="after DCT" type1="ACE inhibitor" type2="" comment=""/>
    </MEDICATION>
    <MEDICATION id="DOC9" time="after DCT" type1="aspirin" type2="">
      <MEDICATION id="M18" start="1648" end="1653" text="ECASA" time="after DCT" type1="aspirin" type2="" comment=""/>
      <MEDICATION id="M19" start="1648" end="1653" text="ECASA" time="after DCT" type1="aspirin" type2="" comment=""/>
      <MEDICATION id="M20" start="1648" end="1653" text="ECASA" time="after DCT" type1="aspirin" type2="" comment=""/>
    </MEDICATION>
    <MEDICATION id="DOC12" time="after DCT" type1="beta blocker" type2="">
      <MEDICATION id="M21" start="1446" end="1454" text="ATENOLOL" time="after DCT" type1="beta blocker" type2="" comment=""/>
      <MEDICATION id="M22" start="1446" end="1454" text="ATENOLOL" time="after DCT" type1="beta blocker" type2="" comment=""/>
      <MEDICATION id="M23" start="1446" end="1454" text="ATENOLOL" time="after DCT" type1="beta blocker" type2="" comment=""/>
      <MEDICATION id="M24" start="3057" end="3065" text="Atenolol" time="after DCT" type1="beta blocker" type2="" comment=""/>
    </MEDICATION>
    <MEDICATION id="DOC15" time="during DCT" type1="metformin" type2="">
      <MEDICATION id="M25" start="1875" end="1885" text=" METFORMIN" time="during DCT" type1="metformin" type2="" comment=""/>
      <MEDICATION id="M26" start="1876" end="1885" text="METFORMIN" time="during DCT" type1="metformin" type2="" comment=""/>
      <MEDICATION id="M27" start="3166" end="3175" text="Metformin" time="during DCT" type1="metformin" type2="" comment=""/>
    </MEDICATION>
    <MEDICATION id="DOC16" time="before DCT" type1="statin" type2="">
      <MEDICATION id="M28" start="1769" end="1776" text="LIPITOR" time="before DCT" type1="statin" type2="" comment=""/>
      <MEDICATION id="M29" start="1769" end="1776" text="LIPITOR" time="before DCT" type1="statin" type2="" comment=""/>
      <MEDICATION id="M30" start="1769" end="1776" text="LIPITOR" time="before DCT" type1="statin" type2="" comment=""/>
    </MEDICATION>
    <MEDICATION id="DOC17" time="during DCT" type1="statin" type2="">
      <MEDICATION id="M31" start="1769" end="1776" text="LIPITOR" time="during DCT" type1="statin" type2="" comment=""/>
      <MEDICATION id="M32" start="1769" end="1776" text="LIPITOR" time="during DCT" type1="statin" type2="" comment=""/>
      <MEDICATION id="M33" start="1769" end="1776" text="LIPITOR" time="during DCT" type1="statin" type2="" comment=""/>
    </MEDICATION>
    <MEDICATION id="DOC18" time="before DCT" type1="metformin" type2="">
      <MEDICATION id="M34" start="606" end="638" text="Not taking Metformin for 1 month" time="before DCT" type1="metformin" type2="" comment=""/>
      <MEDICATION id="M35" start="1875" end="1885" text=" METFORMIN" time="before DCT" type1="metformin" type2="" comment=""/>
      <MEDICATION id="M36" start="617" end="626" text="Metformin" time="before DCT" type1="metformin" type2="" comment=""/>
      <MEDICATION id="M37" start="1876" end="1885" text="METFORMIN" time="before DCT" type1="metformin" type2="" comment=""/>
      <MEDICATION id="M38" start="3166" end="3175" text="Metformin" time="before DCT" type1="metformin" type2="" comment=""/>
    </MEDICATION>
    <MEDICATION id="DOC21" time="before DCT" type1="ACE inhibitor" type2="">
      <MEDICATION id="M39" start="1833" end="1843" text="LISINOPRIL" time="before DCT" type1="ACE inhibitor" type2="" comment=""/>
      <MEDICATION id="M40" start="1832" end="1843" text=" LISINOPRIL" time="before DCT" type1="ACE inhibitor" type2="" comment=""/>
      <MEDICATION id="M41" start="1833" end="1843" text="LISINOPRIL" time="before DCT" type1="ACE inhibitor" type2="" comment=""/>
      <MEDICATION id="M42" start="3099" end="3109" text="Lisinopril" time="before DCT" type1="ACE inhibitor" type2="" comment=""/>
    </MEDICATION>
    <MEDICATION id="DOC22" time="before DCT" type1="aspirin" type2="">
      <MEDICATION id="M43" start="1648" end="1653" text="ECASA" time="before DCT" type1="aspirin" type2="" comment=""/>
      <MEDICATION id="M44" start="1648" end="1653" text="ECASA" time="before DCT" type1="aspirin" type2="" comment=""/>
      <MEDICATION id="M45" start="1648" end="1653" text="ECASA" time="before DCT" type1="aspirin" type2="" comment=""/>
    </MEDICATION>
    <MEDICATION id="DOC25" time="before DCT" type1="beta blocker" type2="">
      <MEDICATION id="M46" start="1446" end="1454" text="ATENOLOL" time="before DCT" type1="beta blocker" type2="" comment=""/>
      <MEDICATION id="M47" start="1446" end="1454" text="ATENOLOL" time="before DCT" type1="beta blocker" type2="" comment=""/>
      <MEDICATION id="M48" start="1446" end="1454" text="ATENOLOL" time="before DCT" type1="beta blocker" type2="" comment=""/>
      <MEDICATION id="M49" start="3057" end="3065" text="Atenolol" time="before DCT" type1="beta blocker" type2="" comment=""/>
    </MEDICATION>
    <MEDICATION id="DOC27" time="during DCT" type1="beta blocker" type2="">
      <MEDICATION id="M50" start="1446" end="1454" text="ATENOLOL" time="during DCT" type1="beta blocker" type2="" comment=""/>
      <MEDICATION id="M51" start="1446" end="1454" text="ATENOLOL" time="during DCT" type1="beta blocker" type2="" comment=""/>
      <MEDICATION id="M52" start="1446" end="1454" text="ATENOLOL" time="during DCT" type1="beta blocker" type2="" comment=""/>
      <MEDICATION id="M53" start="3057" end="3065" text="Atenolol" time="during DCT" type1="beta blocker" type2="" comment=""/>
    </MEDICATION>
    <HYPERTENSION id="DOC6" time="during DCT" indicator="mention">
      <HYPERTENSION id="H0" start="285" end="288" text="HTN" time="during DCT" indicator="mention" comment=""/>
      <HYPERTENSION id="H1" start="285" end="288" text="HTN" time="during DCT" indicator="mention" comment=""/>
      <HYPERTENSION id="H2" start="285" end="288" text="HTN" time="during DCT" indicator="mention" comment=""/>
      <HYPERTENSION id="H3" start="1182" end="1194" text="HYPERTENSION" time="during DCT" indicator="mention" comment=""/>
      <HYPERTENSION id="H4" start="3007" end="3019" text="HYPERTENSION" time="during DCT" indicator="mention" comment=""/>
    </HYPERTENSION>
    <HYPERTENSION id="DOC10" time="during DCT" indicator="high bp">
      <HYPERTENSION id="H5" start="2322" end="2328" text="140/80" time="during DCT" indicator="high bp" comment=""/>
      <HYPERTENSION id="H6" start="2301" end="2351" text="Blood Pressure:  --  140/80  [Left Arm]  [Sitting]" time="during DCT" indicator="high bp" comment=""/>
    </HYPERTENSION>
    <HYPERTENSION id="DOC11" time="after DCT" indicator="mention">
      <HYPERTENSION id="H7" start="285" end="288" text="HTN" time="after DCT" indicator="mention" comment=""/>
      <HYPERTENSION id="H8" start="285" end="288" text="HTN" time="after DCT" indicator="mention" comment=""/>
      <HYPERTENSION id="H9" start="285" end="288" text="HTN" time="after DCT" indicator="mention" comment=""/>
      <HYPERTENSION id="H10" start="1182" end="1194" text="HYPERTENSION" time="after DCT" indicator="mention" comment=""/>
      <HYPERTENSION id="H11" start="3007" end="3019" text="HYPERTENSION" time="after DCT" indicator="mention" comment=""/>
    </HYPERTENSION>
    <HYPERTENSION id="DOC24" time="before DCT" indicator="mention">
      <HYPERTENSION id="H12" start="285" end="288" text="HTN" time="before DCT" indicator="mention" comment=""/>
      <HYPERTENSION id="H13" start="285" end="288" text="HTN" time="before DCT" indicator="mention" comment=""/>
      <HYPERTENSION id="H14" start="285" end="288" text="HTN" time="before DCT" indicator="mention" comment=""/>
      <HYPERTENSION id="H15" start="1182" end="1194" text="HYPERTENSION" time="before DCT" indicator="mention" comment=""/>
      <HYPERTENSION id="H16" start="3007" end="3019" text="HYPERTENSION" time="before DCT" indicator="mention" comment=""/>
    </HYPERTENSION>
    <FAMILY_HIST id="DOC20" indicator="not present">
      <FAMILY_HIST id="F0" indicator="not present"/>
      <FAMILY_HIST id="F1" indicator="not present"/>
      <FAMILY_HIST id="F2" indicator="not present"/>
    </FAMILY_HIST>
    <SMOKER id="DOC13" status="unknown">
      <SMOKER id="S0" status="unknown"/>
      <SMOKER id="S1" start="3" end="9" text="Record" status="unknown" comment=""/>
      <SMOKER id="S2" status="unknown"/>
    </SMOKER>
    <DIABETES id="DOC5" time="before DCT" indicator="A1C">
      <DIABETES id="D0" start="3344" end="3366" text="Last HbA1C in 5/88 7.4" time="before DCT" indicator="A1C" comment=""/>
      <DIABETES id="D1" start="3349" end="3366" text="HbA1C in 5/88 7.4" time="before DCT" indicator="A1C" comment=""/>
      <DIABETES id="D2" start="3344" end="3366" text="Last HbA1C in 5/88 7.4" time="before DCT" indicator="A1C" comment=""/>
    </DIABETES>
    <DIABETES id="DOC8" time="during DCT" indicator="mention">
      <DIABETES id="D3" start="290" end="292" text="DM" time="during DCT" indicator="mention" comment=""/>
      <DIABETES id="D4" start="290" end="292" text="DM" time="during DCT" indicator="mention" comment=""/>
      <DIABETES id="D5" start="290" end="292" text="DM" time="during DCT" indicator="mention" comment=""/>
      <DIABETES id="D6" start="1224" end="1242" text="DIABETES MELLITUS " time="during DCT" indicator="mention" comment=""/>
      <DIABETES id="D7" start="3144" end="3161" text="DIABETES MELLITUS" time="during DCT" indicator="mention" comment=""/>
    </DIABETES>
    <DIABETES id="DOC14" time="before DCT" indicator="mention">
      <DIABETES id="D8" start="290" end="292" text="DM" time="before DCT" indicator="mention" comment=""/>
      <DIABETES id="D9" start="290" end="292" text="DM" time="before DCT" indicator="mention" comment=""/>
      <DIABETES id="D10" start="290" end="292" text="DM" time="before DCT" indicator="mention" comment=""/>
      <DIABETES id="D11" start="1224" end="1242" text="DIABETES MELLITUS " time="before DCT" indicator="mention" comment=""/>
      <DIABETES id="D12" start="3144" end="3161" text="DIABETES MELLITUS" time="before DCT" indicator="mention" comment=""/>
    </DIABETES>
    <DIABETES id="DOC28" time="after DCT" indicator="mention">
      <DIABETES id="D13" start="290" end="292" text="DM" time="after DCT" indicator="mention" comment=""/>
      <DIABETES id="D14" start="290" end="292" text="DM" time="after DCT" indicator="mention" comment=""/>
      <DIABETES id="D15" start="290" end="292" text="DM" time="after DCT" indicator="mention" comment=""/>
      <DIABETES id="D16" start="1224" end="1242" text="DIABETES MELLITUS " time="after DCT" indicator="mention" comment=""/>
      <DIABETES id="D17" start="3144" end="3161" text="DIABETES MELLITUS" time="after DCT" indicator="mention" comment=""/>
    </DIABETES>
  </TAGS>
</root>
