<?xml version='1.0' encoding='UTF-8'?>
<root>
  <TEXT><![CDATA[


Record date: 2072-07-30




SCHLESWIG COUNTY CLINIC
Walk-in clinic
24 Weld St
Grandview, NE  13472

Xian, Imogene
64187177
07/30/72

CHIEF COMPLAINT:  Ms. Xian is a 75-year-old female who presented 
to the walk-in clinic this evening as a walk-in with a chief 
complaint of bilateral foot pain especially in the toe area, and 
she says that this has been going on for approximately two 
months.

ALLERGIES:  She denies any known drug allergies.

MEDICATIONS:  At present, she is taking Glucophage 500 mg one 
p.o. q.a.m, two p.o. q.p.m., Avandia 2 mg one p.o. q.a.m., Plavix 
75 mg one p.o. q.d., glipizide 5 mg two p.o. q.a.m., and two p.o. 
q.p.m., and Lipitor 20 mg q.d.

REVIEW OF SYSTEMS:  The patient states that she has had constant 
pain in her toes and at times with a feeling of tingling.  
Otherwise, she states she has been feeling well.  She denies any 
chest pain or heart palpitation.  She denies any shortness of 
breath.  She denies any nausea, vomiting or diarrhea.  She denies 
any frequency, dysuria or thirst.  She has a history of non-
insulin-dependent diabetes at this time.

PHYSICAL EXAMINATION:  Her temperature was 98.5 degrees p.o., her 
pulse was 80, her blood pressure was 118/60 in her right arm.  
Her weight was 117 pounds, which reflects a one-pound weight loss 
since her last visit.  Her blood sugar, which was random, was 
159, her last meal being at 12 noon.  Her son, who accompanied 
her states that it is questionable whether she is taking her 
medications as instructed and voiced an interest in having his 
mother take insulin, which she has taken in the past.  Her heart 
had a regular rate and rhythm at 80.  There was no evidence of 
any peripheral edema.  Examination of her toes revealed presence 
of some tinea interdigitally.

ASSESSMENT:
1.  Non-insulin-dependent diabetes mellitus, moderate control.
2.  Tinea pedis.

PLAN:  Medication refills were given for Glucotrol 5 mg dispensed 
No. 120 with two refills, two p.o. q.a.m., two p.o. q.p.m., 
Glucophage 500 mg No. 90 one p.o. q.a.m., two p.o. q.p.m., and 
Avandia 2 mg No. 30 with two refills one p.o. q.a.m., and a new 
prescription for Lotrimin AF 1% cream dispensed 12 g with one 
refill, apply to the affected area b.i.d. for up to four weeks.




Xian, Imogene
64187177
07/30/72
Page 2

The patient has an appointment scheduled with her primary care 
provider Dr. Paul Shaw for 8/16/72, and was advised to 
keep that appointment.



Grace Vann, N.P.

GV:arreola:06:278:08;37-60093.doc;DD:07/30/72;DT:08/01/72;DV:07/30/72;





]]></TEXT>
  <TAGS>
    <MEDICATION id="DOC0" time="after DCT" type1="statin" type2="">
      <MEDICATION id="M0" start="658" end="665" text="Lipitor" time="after DCT" type1="statin" type2="" comment=""/>
      <MEDICATION id="M1" start="658" end="665" text="Lipitor" time="after DCT" type1="statin" type2="" comment=""/>
    </MEDICATION>
    <MEDICATION id="DOC1" time="during DCT" type1="thienopyridine" type2="">
      <MEDICATION id="M2" start="571" end="577" text="Plavix" time="during DCT" type1="thienopyridine" type2="" comment=""/>
      <MEDICATION id="M3" start="571" end="577" text="Plavix" time="during DCT" type1="thienopyridine" type2="" comment=""/>
      <MEDICATION id="M4" start="571" end="577" text="Plavix" time="during DCT" type1="thienopyridine" type2="" comment=""/>
    </MEDICATION>
    <MEDICATION id="DOC2" time="after DCT" type1="metformin" type2="">
      <MEDICATION id="M5" start="489" end="499" text="Glucophage" time="after DCT" type1="metformin" type2="" comment=""/>
      <MEDICATION id="M6" start="2002" end="2012" text="Glucophage" time="after DCT" type1="metformin" type2="" comment=""/>
      <MEDICATION id="M7" start="489" end="499" text="Glucophage" time="after DCT" type1="metformin" type2="" comment=""/>
      <MEDICATION id="M8" start="489" end="499" text="Glucophage" time="after DCT" type1="metformin" type2="" comment=""/>
    </MEDICATION>
    <MEDICATION id="DOC3" time="during DCT" type1="metformin" type2="">
      <MEDICATION id="M9" start="489" end="499" text="Glucophage" time="during DCT" type1="metformin" type2="" comment=""/>
      <MEDICATION id="M10" start="2002" end="2012" text="Glucophage" time="during DCT" type1="metformin" type2="" comment=""/>
      <MEDICATION id="M11" start="489" end="499" text="Glucophage" time="during DCT" type1="metformin" type2="" comment=""/>
      <MEDICATION id="M12" start="489" end="499" text="Glucophage" time="during DCT" type1="metformin" type2="" comment=""/>
    </MEDICATION>
    <MEDICATION id="DOC5" time="after DCT" type1="sulfonylureas" type2="">
      <MEDICATION id="M13" start="600" end="609" text="glipizide" time="after DCT" type1="sulfonylureas" type2="" comment=""/>
      <MEDICATION id="M14" start="1915" end="1924" text="Glucotrol" time="after DCT" type1="sulfonylureas" type2="" comment=""/>
      <MEDICATION id="M15" start="600" end="609" text="glipizide" time="after DCT" type1="sulfonylureas" type2="" comment=""/>
      <MEDICATION id="M16" start="1915" end="1924" text="Glucotrol" time="after DCT" type1="sulfonylureas" type2="" comment=""/>
      <MEDICATION id="M17" start="599" end="609" text=" glipizide" time="after DCT" type1="sulfonylureas" type2="" comment=""/>
    </MEDICATION>
    <MEDICATION id="DOC6" time="during DCT" type1="sulfonylureas" type2="">
      <MEDICATION id="M18" start="600" end="609" text="glipizide" time="during DCT" type1="sulfonylureas" type2="" comment=""/>
      <MEDICATION id="M19" start="1915" end="1924" text="Glucotrol" time="during DCT" type1="sulfonylureas" type2="" comment=""/>
      <MEDICATION id="M20" start="600" end="609" text="glipizide" time="during DCT" type1="sulfonylureas" type2="" comment=""/>
      <MEDICATION id="M21" start="599" end="609" text=" glipizide" time="during DCT" type1="sulfonylureas" type2="" comment=""/>
    </MEDICATION>
    <MEDICATION id="DOC7" time="after DCT" type1="thienopyridine" type2="">
      <MEDICATION id="M22" start="571" end="577" text="Plavix" time="after DCT" type1="thienopyridine" type2="" comment=""/>
      <MEDICATION id="M23" start="571" end="577" text="Plavix" time="after DCT" type1="thienopyridine" type2="" comment=""/>
      <MEDICATION id="M24" start="571" end="577" text="Plavix" time="after DCT" type1="thienopyridine" type2="" comment=""/>
    </MEDICATION>
    <MEDICATION id="DOC8" time="before DCT" type1="thiazolidinedione" type2="">
      <MEDICATION id="M25" start="541" end="548" text="Avandia" time="before DCT" type1="thiazolidinedione" type2="" comment=""/>
      <MEDICATION id="M26" start="2066" end="2073" text="Avandia" time="before DCT" type1="thiazolidinedione" type2="" comment=""/>
      <MEDICATION id="M27" start="541" end="548" text="Avandia" time="before DCT" type1="thiazolidinedione" type2="" comment=""/>
      <MEDICATION id="M28" start="541" end="548" text="Avandia" time="before DCT" type1="thiazolidinedione" type2="" comment=""/>
    </MEDICATION>
    <MEDICATION id="DOC11" time="before DCT" type1="statin" type2="">
      <MEDICATION id="M29" start="658" end="665" text="Lipitor" time="before DCT" type1="statin" type2="" comment=""/>
      <MEDICATION id="M30" start="658" end="665" text="Lipitor" time="before DCT" type1="statin" type2="" comment=""/>
    </MEDICATION>
    <MEDICATION id="DOC12" time="during DCT" type1="statin" type2="">
      <MEDICATION id="M31" start="658" end="665" text="Lipitor" time="during DCT" type1="statin" type2="" comment=""/>
      <MEDICATION id="M32" start="658" end="665" text="Lipitor" time="during DCT" type1="statin" type2="" comment=""/>
    </MEDICATION>
    <MEDICATION id="DOC13" time="before DCT" type1="metformin" type2="">
      <MEDICATION id="M33" start="489" end="499" text="Glucophage" time="before DCT" type1="metformin" type2="" comment=""/>
      <MEDICATION id="M34" start="2002" end="2012" text="Glucophage" time="before DCT" type1="metformin" type2="" comment=""/>
      <MEDICATION id="M35" start="489" end="499" text="Glucophage" time="before DCT" type1="metformin" type2="" comment=""/>
      <MEDICATION id="M36" start="489" end="499" text="Glucophage" time="before DCT" type1="metformin" type2="" comment=""/>
    </MEDICATION>
    <MEDICATION id="DOC14" time="during DCT" type1="thiazolidinedione" type2="">
      <MEDICATION id="M37" start="541" end="548" text="Avandia" time="during DCT" type1="thiazolidinedione" type2="" comment=""/>
      <MEDICATION id="M38" start="2066" end="2073" text="Avandia" time="during DCT" type1="thiazolidinedione" type2="" comment=""/>
      <MEDICATION id="M39" start="541" end="548" text="Avandia" time="during DCT" type1="thiazolidinedione" type2="" comment=""/>
      <MEDICATION id="M40" start="541" end="548" text="Avandia" time="during DCT" type1="thiazolidinedione" type2="" comment=""/>
    </MEDICATION>
    <MEDICATION id="DOC15" time="before DCT" type1="sulfonylureas" type2="">
      <MEDICATION id="M41" start="600" end="609" text="glipizide" time="before DCT" type1="sulfonylureas" type2="" comment=""/>
      <MEDICATION id="M42" start="1915" end="1924" text="Glucotrol" time="before DCT" type1="sulfonylureas" type2="" comment=""/>
      <MEDICATION id="M43" start="600" end="609" text="glipizide" time="before DCT" type1="sulfonylureas" type2="" comment=""/>
      <MEDICATION id="M44" start="599" end="609" text=" glipizide" time="before DCT" type1="sulfonylureas" type2="" comment=""/>
    </MEDICATION>
    <MEDICATION id="DOC16" time="before DCT" type1="thienopyridine" type2="">
      <MEDICATION id="M45" start="571" end="577" text="Plavix" time="before DCT" type1="thienopyridine" type2="" comment=""/>
      <MEDICATION id="M46" start="571" end="577" text="Plavix" time="before DCT" type1="thienopyridine" type2="" comment=""/>
      <MEDICATION id="M47" start="571" end="577" text="Plavix" time="before DCT" type1="thienopyridine" type2="" comment=""/>
    </MEDICATION>
    <MEDICATION id="DOC17" time="after DCT" type1="thiazolidinedione" type2="">
      <MEDICATION id="M48" start="541" end="548" text="Avandia" time="after DCT" type1="thiazolidinedione" type2="" comment=""/>
      <MEDICATION id="M49" start="2066" end="2073" text="Avandia" time="after DCT" type1="thiazolidinedione" type2="" comment=""/>
      <MEDICATION id="M50" start="541" end="548" text="Avandia" time="after DCT" type1="thiazolidinedione" type2="" comment=""/>
      <MEDICATION id="M51" start="541" end="548" text="Avandia" time="after DCT" type1="thiazolidinedione" type2="" comment=""/>
    </MEDICATION>
    <FAMILY_HIST id="DOC18" indicator="not present">
      <FAMILY_HIST id="F0" indicator="not present"/>
      <FAMILY_HIST id="F1" indicator="not present"/>
      <FAMILY_HIST id="F2" indicator="not present"/>
    </FAMILY_HIST>
    <SMOKER id="DOC9" status="unknown">
      <SMOKER id="S0" status="unknown"/>
      <SMOKER id="S1" status="unknown"/>
      <SMOKER id="S2" start="3" end="10" text="Record " status="unknown" comment=""/>
    </SMOKER>
    <DIABETES id="DOC4" time="during DCT" indicator="mention">
      <DIABETES id="D0" start="1797" end="1836" text="Non-insulin-dependent diabetes mellitus" time="during DCT" indicator="mention" comment=""/>
      <DIABETES id="D1" start="1055" end="1087" text=" non- insulin-dependent diabetes" time="during DCT" indicator="mention" comment=""/>
      <DIABETES id="D2" start="1819" end="1827" text="diabetes" time="during DCT" indicator="mention" comment=""/>
    </DIABETES>
    <DIABETES id="DOC10" time="before DCT" indicator="mention">
      <DIABETES id="D3" start="1797" end="1836" text="Non-insulin-dependent diabetes mellitus" time="before DCT" indicator="mention" comment=""/>
      <DIABETES id="D4" start="1055" end="1087" text=" non- insulin-dependent diabetes" time="before DCT" indicator="mention" comment=""/>
      <DIABETES id="D5" start="1819" end="1827" text="diabetes" time="before DCT" indicator="mention" comment=""/>
    </DIABETES>
    <DIABETES id="DOC19" time="after DCT" indicator="mention">
      <DIABETES id="D6" start="1797" end="1836" text="Non-insulin-dependent diabetes mellitus" time="after DCT" indicator="mention" comment=""/>
      <DIABETES id="D7" start="1055" end="1087" text=" non- insulin-dependent diabetes" time="after DCT" indicator="mention" comment=""/>
      <DIABETES id="D8" start="1819" end="1827" text="diabetes" time="after DCT" indicator="mention" comment=""/>
    </DIABETES>
  </TAGS>
</root>
