<?xml version='1.0' encoding='UTF-8'?>
<root>
  <TEXT><![CDATA[


Record date: 2071-05-31

Walk-in clinic                                Xian, Imogene

                                              81376761

                                              5-31-71

 

 

HPI: Ms. Xian is a 74-year-old female who presented to clinic this 

evening for follow up of her diabetes. Patient was last seen in clinic in 

11-70 after which time she left for Ghana for the past six months. She 

returned this past Friday but has since run out of insulin. She states 

that she has been feeling well and has not had any problems but does not 

know the amount of insulin that she has been taking. It has been 

administered to her by a friend in Ghana. Our records show that when 

she left Ghana she was on a 70/30 of Humulin, 20 units per day and 

also 600mg of Rezulin and 20mg q.d. of Lipitor.

 

REVIEW OF SYSTEMS: Review of systems is positive for insulin dependent 

diabetes mellitus but other than that Ms. Xian is a fairly healthy woman. 

 

PHYSICAL EXAMINATION: On physical exam this evening her pulse is 80. Blood 

pressure was 152/80 in her left arm. Blood sugar was 262. It should be 

noted that she has not had any insulin since Sunday. Her weight was 116 1/2 

which reflects a 1/2 lb. weight loss since 11-70. Tonight her heart had a 

regular rate and rhythm at 80. Her neck veins were flat. Her lungs were 

clear to auscultation bilaterally and there was no evidence of peripheral 

edema. 

 

ASSESSMENT: Insulin dependent diabetes mellitus. 

 

PLAN: LFTs, A1C, basic panel this evening. Glucotrol 10mg dispense No. 60 

with 1 refill b.i.d. A VNA referral for medication management and patient 

was instructed to return to the clinic on Saturday 6-05 for repeat blood 

sugar and also to bring her glucometer at that time so that it could be 

calibrated correctly. 

 

 

________________________________

Grace Vann, R.N.P.                                                  

 

DG:WA:1749                                                              

DD:5-31-71                                                               

DT:6-1-71                                                               

DV:5-31-71                                                               





]]></TEXT>
  <TAGS>
    <MEDICATION id="DOC0" time="after DCT" type1="statin" type2="">
      <MEDICATION id="M0" start="818" end="825" text="Lipitor" time="after DCT" type1="statin" type2="" comment=""/>
      <MEDICATION id="M1" start="818" end="825" text="Lipitor" time="after DCT" type1="statin" type2="" comment=""/>
      <MEDICATION id="M2" start="818" end="825" text="Lipitor" time="after DCT" type1="statin" type2="" comment=""/>
    </MEDICATION>
    <MEDICATION id="DOC1" time="during DCT" type1="statin" type2="">
      <MEDICATION id="M3" start="818" end="825" text="Lipitor" time="during DCT" type1="statin" type2="" comment=""/>
      <MEDICATION id="M4" start="818" end="825" text="Lipitor" time="during DCT" type1="statin" type2="" comment=""/>
      <MEDICATION id="M5" start="818" end="825" text="Lipitor" time="during DCT" type1="statin" type2="" comment=""/>
    </MEDICATION>
    <MEDICATION id="DOC2" time="during DCT" type1="thiazolidinedione" type2="">
      <MEDICATION id="M6" start="793" end="801" text="Rezulin " time="during DCT" type1="thiazolidinedione" type2="" comment=""/>
      <MEDICATION id="M7" start="793" end="800" text="Rezulin" time="during DCT" type1="thiazolidinedione" type2="" comment=""/>
    </MEDICATION>
    <MEDICATION id="DOC3" time="before DCT" type1="insulin" type2="">
      <MEDICATION id="M8" start="591" end="598" text="insulin" time="before DCT" type1="insulin" type2="" comment=""/>
      <MEDICATION id="M9" start="738" end="754" text="70/30 of Humulin" time="before DCT" type1="insulin" type2="" comment=""/>
      <MEDICATION id="M10" start="738" end="755" text="70/30 of Humulin," time="before DCT" type1="insulin" type2="" comment=""/>
      <MEDICATION id="M11" start="475" end="482" text="insulin" time="before DCT" type1="insulin" type2="" comment=""/>
    </MEDICATION>
    <MEDICATION id="DOC4" time="before DCT" type1="statin" type2="">
      <MEDICATION id="M12" start="818" end="825" text="Lipitor" time="before DCT" type1="statin" type2="" comment=""/>
      <MEDICATION id="M13" start="818" end="825" text="Lipitor" time="before DCT" type1="statin" type2="" comment=""/>
      <MEDICATION id="M14" start="818" end="825" text="Lipitor" time="before DCT" type1="statin" type2="" comment=""/>
    </MEDICATION>
    <MEDICATION id="DOC6" time="after DCT" type1="thiazolidinedione" type2="">
      <MEDICATION id="M15" start="793" end="801" text="Rezulin " time="after DCT" type1="thiazolidinedione" type2="" comment=""/>
      <MEDICATION id="M16" start="793" end="800" text="Rezulin" time="after DCT" type1="thiazolidinedione" type2="" comment=""/>
    </MEDICATION>
    <MEDICATION id="DOC9" time="before DCT" type1="thiazolidinedione" type2="">
      <MEDICATION id="M17" start="793" end="801" text="Rezulin " time="before DCT" type1="thiazolidinedione" type2="" comment=""/>
      <MEDICATION id="M18" start="793" end="800" text="Rezulin" time="before DCT" type1="thiazolidinedione" type2="" comment=""/>
    </MEDICATION>
    <MEDICATION id="DOC10" time="during DCT" type1="insulin" type2="">
      <MEDICATION id="M19" start="591" end="598" text="insulin" time="during DCT" type1="insulin" type2="" comment=""/>
      <MEDICATION id="M20" start="738" end="754" text="70/30 of Humulin" time="during DCT" type1="insulin" type2="" comment=""/>
      <MEDICATION id="M21" start="738" end="755" text="70/30 of Humulin," time="during DCT" type1="insulin" type2="" comment=""/>
      <MEDICATION id="M22" start="475" end="482" text="insulin" time="during DCT" type1="insulin" type2="" comment=""/>
    </MEDICATION>
    <MEDICATION id="DOC14" time="after DCT" type1="insulin" type2="">
      <MEDICATION id="M23" start="591" end="598" text="insulin" time="after DCT" type1="insulin" type2="" comment=""/>
      <MEDICATION id="M24" start="738" end="754" text="70/30 of Humulin" time="after DCT" type1="insulin" type2="" comment=""/>
      <MEDICATION id="M25" start="738" end="755" text="70/30 of Humulin," time="after DCT" type1="insulin" type2="" comment=""/>
      <MEDICATION id="M26" start="475" end="482" text="insulin" time="after DCT" type1="insulin" type2="" comment=""/>
    </MEDICATION>
    <HYPERTENSION id="DOC5" time="during DCT" indicator="high bp">
      <HYPERTENSION id="H0" start="1052" end="1095" text="Blood   pressure was 152/80 in her left arm" time="during DCT" indicator="high bp" comment=""/>
      <HYPERTENSION id="H1" start="1073" end="1079" text="152/80" time="during DCT" indicator="high bp" comment=""/>
      <HYPERTENSION id="H2" start="1073" end="1079" text="152/80" time="during DCT" indicator="high bp" comment=""/>
    </HYPERTENSION>
    <FAMILY_HIST id="DOC11" indicator="not present">
      <FAMILY_HIST id="F0" indicator="not present"/>
      <FAMILY_HIST id="F1" indicator="not present"/>
      <FAMILY_HIST id="F2" indicator="not present"/>
    </FAMILY_HIST>
    <SMOKER id="DOC12" status="unknown">
      <SMOKER id="S0" status="unknown"/>
      <SMOKER id="S1" status="unknown"/>
      <SMOKER id="S2" start="3" end="10" text="Record " status="unknown" comment=""/>
    </SMOKER>
    <DIABETES id="DOC7" time="before DCT" indicator="mention">
      <DIABETES id="D0" start="304" end="312" text="diabetes" time="before DCT" indicator="mention" comment=""/>
      <DIABETES id="D1" start="884" end="921" text="insulin dependent   diabetes mellitus" time="before DCT" indicator="mention" comment=""/>
      <DIABETES id="D2" start="1461" end="1499" text="Insulin dependent diabetes mellitus.  " time="before DCT" indicator="mention" comment=""/>
      <DIABETES id="D3" start="304" end="312" text="diabetes" time="before DCT" indicator="mention" comment=""/>
      <DIABETES id="D4" start="304" end="312" text="diabetes" time="before DCT" indicator="mention" comment=""/>
    </DIABETES>
    <DIABETES id="DOC8" time="during DCT" indicator="mention">
      <DIABETES id="D5" start="304" end="312" text="diabetes" time="during DCT" indicator="mention" comment=""/>
      <DIABETES id="D6" start="884" end="921" text="insulin dependent   diabetes mellitus" time="during DCT" indicator="mention" comment=""/>
      <DIABETES id="D7" start="1461" end="1499" text="Insulin dependent diabetes mellitus.  " time="during DCT" indicator="mention" comment=""/>
      <DIABETES id="D8" start="304" end="312" text="diabetes" time="during DCT" indicator="mention" comment=""/>
      <DIABETES id="D9" start="304" end="312" text="diabetes" time="during DCT" indicator="mention" comment=""/>
    </DIABETES>
    <DIABETES id="DOC13" time="after DCT" indicator="mention">
      <DIABETES id="D10" start="304" end="312" text="diabetes" time="after DCT" indicator="mention" comment=""/>
      <DIABETES id="D11" start="884" end="921" text="insulin dependent   diabetes mellitus" time="after DCT" indicator="mention" comment=""/>
      <DIABETES id="D12" start="1461" end="1499" text="Insulin dependent diabetes mellitus.  " time="after DCT" indicator="mention" comment=""/>
      <DIABETES id="D13" start="304" end="312" text="diabetes" time="after DCT" indicator="mention" comment=""/>
      <DIABETES id="D14" start="304" end="312" text="diabetes" time="after DCT" indicator="mention" comment=""/>
    </DIABETES>
  </TAGS>
</root>
