<?xml version='1.0' encoding='UTF-8'?>
<root>
  <TEXT><![CDATA[


Record date: 2080-06-15


Walk-in visit because of  
Pt of Dr Shamar 
Seen in the EW bo  HA , work up negative. Basicallty the diagnosis was anxiety. It seems she's very lonely here,  lives with son who works long hours.   In the EW  it was recommended she antecipates her trip to Ghana because she  feels much better there.   Sent for fup with pcp . 
Symtpoms all resolved . Son needs a letter to  antecipate her airplane ticket 
She ahs no new complaints. 


Problems
TOXIC NODULAR GOITER 
ARTHRITIS 
CVA : In year 2071.
Hyperthyroidism : I-131 5 years ago.
Insulin dependent diabetic 
Hyperlipidemia 
Hypertension 
h/o urosepsis 
 
Medications
Actos (PIOGLITAZONE) 15 MG (15MG TABLET Take 1) PO q.d. #90 Tablet(s)
Calcium + D (600 MG ELEM CA) (CALCIUM CARBONATE 1500 MG (600 MG ELEM CA)/ VIT D 200 IU) 1 TAB PO BID #3 Month(s) Supply
Enteric COATED ASPIRIN (ASPIRIN ENTERIC COATED) 81 MG (81MG TABLET Take 1) PO QD #90 Tablet(s)
Insulin NPH HUMAN 17 UNITS SC as directed , 15 units in the morning and 5 units at night #3 Month(s) Supply
Lancets ONE UNIT (Take 1) PO bid x 90 days #180 units
Lipitor (ATORVASTATIN) 20 MG (20MG TABLET Take 1) PO QD #90 Tablet(s)
Lisinopril 10 MG (20MG TABLET Take 1) PO QD x 90 days #90 Tablet(s)
Lopressor (METOPROLOL TARTRATE) 25 MG (25MG TABLET Take 1) PO BID #3 Month(s) Supply
Micronase 5 MG PO QD #90 Tablet(s)
Motrin (IBUPROFEN) 400 MG (400MG TABLET Take 1) PO BID #30 Tablet(s)
Onetocuh Ultra Soft Lancets ONE TOP As directed , Use as directed #1 Box(es)
Onetouch Test Strips ONE TOP as directed , Use as directed #1 Box(es)
Plavix (CLOPIDOGREL) 75 MG PO QD #90 Tablet(s)


Social history:   smoking ( - )


ROS: 
Constitutional: Feels well.  Energy: good. Wt: stable       
ENT: no hearing loss, no ear pain, no nasal discharge   
Skin: no rashes, itching  
CV:  no chest pain,  no SOB, PND, DOE, no edema  
Respir: no cough, no wheezing   
GI: no nausea, no vomiting, no abdominal pain, heart burn, nl BM  
GU: no dysuria, no frequency, no urgency. 


PE:    Appears     well.  Legally blind. 
Vital Signs
BP 151/68, P 88, Wt 140 lb
FINGER BLOOD GLUCOSE 90 
O2 sat 99         
HEENT: NCAT, EOMI
Neck: no  cervical adenopathy 
Lungs:  clear bilaterally
Heart:  regular, normal S1 and S2.
Abd: Soft, non-tender. 
Extr: no edema. 


ASSESMENT AND PLAN: labs reviwed
DM : check A!C today
HTn :    increase lisinopril to 20 mg, check chem 
HL;  check  cho profile on lipitor. 
Anxxiety: letter to  antecipate  her  trip 







]]></TEXT>
  <TAGS>
    <HYPERLIPIDEMIA id="DOC9" time="during DCT" indicator="mention">
      <HYPERLIPIDEMIA id="HY0" start="591" end="605" text="Hyperlipidemia" time="during DCT" indicator="mention" comment=""/>
      <HYPERLIPIDEMIA id="HY1" start="591" end="605" text="Hyperlipidemia" time="during DCT" indicator="mention" comment=""/>
      <HYPERLIPIDEMIA id="HY2" start="591" end="605" text="Hyperlipidemia" time="during DCT" indicator="mention" comment=""/>
      <HYPERLIPIDEMIA id="HY3" start="2383" end="2385" text="HL" time="during DCT" indicator="mention" comment=""/>
    </HYPERLIPIDEMIA>
    <HYPERLIPIDEMIA id="DOC22" time="after DCT" indicator="mention">
      <HYPERLIPIDEMIA id="HY4" start="591" end="605" text="Hyperlipidemia" time="after DCT" indicator="mention" comment=""/>
      <HYPERLIPIDEMIA id="HY5" start="591" end="605" text="Hyperlipidemia" time="after DCT" indicator="mention" comment=""/>
      <HYPERLIPIDEMIA id="HY6" start="591" end="605" text="Hyperlipidemia" time="after DCT" indicator="mention" comment=""/>
      <HYPERLIPIDEMIA id="HY7" start="2383" end="2385" text="HL" time="after DCT" indicator="mention" comment=""/>
    </HYPERLIPIDEMIA>
    <HYPERLIPIDEMIA id="DOC28" time="before DCT" indicator="mention">
      <HYPERLIPIDEMIA id="HY8" start="591" end="605" text="Hyperlipidemia" time="before DCT" indicator="mention" comment=""/>
      <HYPERLIPIDEMIA id="HY9" start="591" end="605" text="Hyperlipidemia" time="before DCT" indicator="mention" comment=""/>
      <HYPERLIPIDEMIA id="HY10" start="591" end="605" text="Hyperlipidemia" time="before DCT" indicator="mention" comment=""/>
      <HYPERLIPIDEMIA id="HY11" start="2383" end="2385" text="HL" time="before DCT" indicator="mention" comment=""/>
    </HYPERLIPIDEMIA>
    <MEDICATION id="DOC0" time="during DCT" type1="ACE inhibitor" type2="">
      <MEDICATION id="M0" start="1167" end="1177" text="Lisinopril" time="during DCT" type1="ACE inhibitor" type2="" comment=""/>
      <MEDICATION id="M1" start="1167" end="1178" text="Lisinopril " time="during DCT" type1="ACE inhibitor" type2="" comment=""/>
      <MEDICATION id="M2" start="1167" end="1177" text="Lisinopril" time="during DCT" type1="ACE inhibitor" type2="" comment=""/>
      <MEDICATION id="M3" start="2350" end="2360" text="lisinopril" time="during DCT" type1="ACE inhibitor" type2="" comment=""/>
    </MEDICATION>
    <MEDICATION id="DOC1" time="after DCT" type1="statin" type2="">
      <MEDICATION id="M4" start="1097" end="1104" text="Lipitor" time="after DCT" type1="statin" type2="" comment=""/>
      <MEDICATION id="M5" start="1097" end="1104" text="Lipitor" time="after DCT" type1="statin" type2="" comment=""/>
      <MEDICATION id="M6" start="1097" end="1104" text="Lipitor" time="after DCT" type1="statin" type2="" comment=""/>
      <MEDICATION id="M7" start="2410" end="2417" text="lipitor" time="after DCT" type1="statin" type2="" comment=""/>
    </MEDICATION>
    <MEDICATION id="DOC2" time="during DCT" type1="aspirin" type2="">
      <MEDICATION id="M8" start="855" end="862" text="ASPIRIN" time="during DCT" type1="aspirin" type2="" comment=""/>
      <MEDICATION id="M9" start="855" end="862" text="ASPIRIN" time="during DCT" type1="aspirin" type2="" comment=""/>
      <MEDICATION id="M10" start="855" end="862" text="ASPIRIN" time="during DCT" type1="aspirin" type2="" comment=""/>
    </MEDICATION>
    <MEDICATION id="DOC3" time="during DCT" type1="thienopyridine" type2="">
      <MEDICATION id="M11" start="1571" end="1577" text="Plavix" time="during DCT" type1="thienopyridine" type2="" comment=""/>
      <MEDICATION id="M12" start="1571" end="1577" text="Plavix" time="during DCT" type1="thienopyridine" type2="" comment=""/>
      <MEDICATION id="M13" start="1571" end="1577" text="Plavix" time="during DCT" type1="thienopyridine" type2="" comment=""/>
    </MEDICATION>
    <MEDICATION id="DOC5" time="after DCT" type1="ACE inhibitor" type2="">
      <MEDICATION id="M14" start="1167" end="1177" text="Lisinopril" time="after DCT" type1="ACE inhibitor" type2="" comment=""/>
      <MEDICATION id="M15" start="1167" end="1178" text="Lisinopril " time="after DCT" type1="ACE inhibitor" type2="" comment=""/>
      <MEDICATION id="M16" start="1167" end="1177" text="Lisinopril" time="after DCT" type1="ACE inhibitor" type2="" comment=""/>
      <MEDICATION id="M17" start="2350" end="2360" text="lisinopril" time="after DCT" type1="ACE inhibitor" type2="" comment=""/>
    </MEDICATION>
    <MEDICATION id="DOC6" time="before DCT" type1="ACE inhibitor" type2="">
      <MEDICATION id="M18" start="1167" end="1177" text="Lisinopril" time="before DCT" type1="ACE inhibitor" type2="" comment=""/>
      <MEDICATION id="M19" start="1167" end="1178" text="Lisinopril " time="before DCT" type1="ACE inhibitor" type2="" comment=""/>
      <MEDICATION id="M20" start="1167" end="1177" text="Lisinopril" time="before DCT" type1="ACE inhibitor" type2="" comment=""/>
      <MEDICATION id="M21" start="2350" end="2360" text="lisinopril" time="before DCT" type1="ACE inhibitor" type2="" comment=""/>
    </MEDICATION>
    <MEDICATION id="DOC8" time="after DCT" type1="aspirin" type2="">
      <MEDICATION id="M22" start="855" end="862" text="ASPIRIN" time="after DCT" type1="aspirin" type2="" comment=""/>
      <MEDICATION id="M23" start="855" end="862" text="ASPIRIN" time="after DCT" type1="aspirin" type2="" comment=""/>
      <MEDICATION id="M24" start="855" end="862" text="ASPIRIN" time="after DCT" type1="aspirin" type2="" comment=""/>
    </MEDICATION>
    <MEDICATION id="DOC10" time="after DCT" type1="insulin" type2="">
      <MEDICATION id="M25" start="935" end="942" text="Insulin" time="after DCT" type1="insulin" type2="" comment=""/>
      <MEDICATION id="M26" start="935" end="942" text="Insulin" time="after DCT" type1="insulin" type2="" comment=""/>
      <MEDICATION id="M27" start="943" end="946" text="NPH" time="after DCT" type1="insulin" type2="" comment=""/>
    </MEDICATION>
    <MEDICATION id="DOC12" time="after DCT" type1="sulfonylureas" type2="">
      <MEDICATION id="M28" start="1320" end="1330" text="Micronase " time="after DCT" type1="sulfonylureas" type2="" comment=""/>
      <MEDICATION id="M29" start="1320" end="1329" text="Micronase" time="after DCT" type1="sulfonylureas" type2="" comment=""/>
    </MEDICATION>
    <MEDICATION id="DOC13" time="during DCT" type1="sulfonylureas" type2="">
      <MEDICATION id="M30" start="1320" end="1330" text="Micronase " time="during DCT" type1="sulfonylureas" type2="" comment=""/>
      <MEDICATION id="M31" start="1320" end="1329" text="Micronase" time="during DCT" type1="sulfonylureas" type2="" comment=""/>
    </MEDICATION>
    <MEDICATION id="DOC14" time="after DCT" type1="thienopyridine" type2="">
      <MEDICATION id="M32" start="1571" end="1577" text="Plavix" time="after DCT" type1="thienopyridine" type2="" comment=""/>
      <MEDICATION id="M33" start="1571" end="1577" text="Plavix" time="after DCT" type1="thienopyridine" type2="" comment=""/>
      <MEDICATION id="M34" start="1571" end="1577" text="Plavix" time="after DCT" type1="thienopyridine" type2="" comment=""/>
    </MEDICATION>
    <MEDICATION id="DOC15" time="before DCT" type1="thiazolidinedione" type2="">
      <MEDICATION id="M35" start="650" end="655" text="Actos" time="before DCT" type1="thiazolidinedione" type2="" comment=""/>
      <MEDICATION id="M36" start="650" end="656" text="Actos " time="before DCT" type1="thiazolidinedione" type2="" comment=""/>
      <MEDICATION id="M37" start="650" end="655" text="Actos" time="before DCT" type1="thiazolidinedione" type2="" comment=""/>
    </MEDICATION>
    <MEDICATION id="DOC16" time="after DCT" type1="beta blocker" type2="">
      <MEDICATION id="M38" start="1235" end="1244" text="Lopressor" time="after DCT" type1="beta blocker" type2="" comment=""/>
      <MEDICATION id="M39" start="1235" end="1245" text="Lopressor " time="after DCT" type1="beta blocker" type2="" comment=""/>
      <MEDICATION id="M40" start="1235" end="1244" text="Lopressor" time="after DCT" type1="beta blocker" type2="" comment=""/>
    </MEDICATION>
    <MEDICATION id="DOC18" time="before DCT" type1="statin" type2="">
      <MEDICATION id="M41" start="1097" end="1104" text="Lipitor" time="before DCT" type1="statin" type2="" comment=""/>
      <MEDICATION id="M42" start="1097" end="1104" text="Lipitor" time="before DCT" type1="statin" type2="" comment=""/>
      <MEDICATION id="M43" start="1097" end="1104" text="Lipitor" time="before DCT" type1="statin" type2="" comment=""/>
      <MEDICATION id="M44" start="2410" end="2417" text="lipitor" time="before DCT" type1="statin" type2="" comment=""/>
    </MEDICATION>
    <MEDICATION id="DOC19" time="during DCT" type1="statin" type2="">
      <MEDICATION id="M45" start="1097" end="1104" text="Lipitor" time="during DCT" type1="statin" type2="" comment=""/>
      <MEDICATION id="M46" start="1097" end="1104" text="Lipitor" time="during DCT" type1="statin" type2="" comment=""/>
      <MEDICATION id="M47" start="1097" end="1104" text="Lipitor" time="during DCT" type1="statin" type2="" comment=""/>
      <MEDICATION id="M48" start="2410" end="2417" text="lipitor" time="during DCT" type1="statin" type2="" comment=""/>
    </MEDICATION>
    <MEDICATION id="DOC23" time="before DCT" type1="aspirin" type2="">
      <MEDICATION id="M49" start="855" end="862" text="ASPIRIN" time="before DCT" type1="aspirin" type2="" comment=""/>
      <MEDICATION id="M50" start="855" end="862" text="ASPIRIN" time="before DCT" type1="aspirin" type2="" comment=""/>
      <MEDICATION id="M51" start="855" end="862" text="ASPIRIN" time="before DCT" type1="aspirin" type2="" comment=""/>
    </MEDICATION>
    <MEDICATION id="DOC26" time="during DCT" type1="thiazolidinedione" type2="">
      <MEDICATION id="M52" start="650" end="655" text="Actos" time="during DCT" type1="thiazolidinedione" type2="" comment=""/>
      <MEDICATION id="M53" start="650" end="656" text="Actos " time="during DCT" type1="thiazolidinedione" type2="" comment=""/>
      <MEDICATION id="M54" start="650" end="655" text="Actos" time="during DCT" type1="thiazolidinedione" type2="" comment=""/>
    </MEDICATION>
    <MEDICATION id="DOC27" time="before DCT" type1="insulin" type2="">
      <MEDICATION id="M55" start="935" end="942" text="Insulin" time="before DCT" type1="insulin" type2="" comment=""/>
      <MEDICATION id="M56" start="935" end="942" text="Insulin" time="before DCT" type1="insulin" type2="" comment=""/>
      <MEDICATION id="M57" start="943" end="946" text="NPH" time="before DCT" type1="insulin" type2="" comment=""/>
    </MEDICATION>
    <MEDICATION id="DOC29" time="before DCT" type1="sulfonylureas" type2="">
      <MEDICATION id="M58" start="1320" end="1330" text="Micronase " time="before DCT" type1="sulfonylureas" type2="" comment=""/>
      <MEDICATION id="M59" start="1320" end="1329" text="Micronase" time="before DCT" type1="sulfonylureas" type2="" comment=""/>
    </MEDICATION>
    <MEDICATION id="DOC30" time="before DCT" type1="thienopyridine" type2="">
      <MEDICATION id="M60" start="1571" end="1577" text="Plavix" time="before DCT" type1="thienopyridine" type2="" comment=""/>
      <MEDICATION id="M61" start="1571" end="1577" text="Plavix" time="before DCT" type1="thienopyridine" type2="" comment=""/>
      <MEDICATION id="M62" start="1571" end="1577" text="Plavix" time="before DCT" type1="thienopyridine" type2="" comment=""/>
    </MEDICATION>
    <MEDICATION id="DOC31" time="after DCT" type1="thiazolidinedione" type2="">
      <MEDICATION id="M63" start="650" end="655" text="Actos" time="after DCT" type1="thiazolidinedione" type2="" comment=""/>
      <MEDICATION id="M64" start="650" end="656" text="Actos " time="after DCT" type1="thiazolidinedione" type2="" comment=""/>
      <MEDICATION id="M65" start="650" end="655" text="Actos" time="after DCT" type1="thiazolidinedione" type2="" comment=""/>
    </MEDICATION>
    <MEDICATION id="DOC32" time="during DCT" type1="insulin" type2="">
      <MEDICATION id="M66" start="935" end="942" text="Insulin" time="during DCT" type1="insulin" type2="" comment=""/>
      <MEDICATION id="M67" start="935" end="942" text="Insulin" time="during DCT" type1="insulin" type2="" comment=""/>
      <MEDICATION id="M68" start="943" end="946" text="NPH" time="during DCT" type1="insulin" type2="" comment=""/>
    </MEDICATION>
    <MEDICATION id="DOC33" time="before DCT" type1="beta blocker" type2="">
      <MEDICATION id="M69" start="1235" end="1244" text="Lopressor" time="before DCT" type1="beta blocker" type2="" comment=""/>
      <MEDICATION id="M70" start="1235" end="1245" text="Lopressor " time="before DCT" type1="beta blocker" type2="" comment=""/>
      <MEDICATION id="M71" start="1235" end="1244" text="Lopressor" time="before DCT" type1="beta blocker" type2="" comment=""/>
    </MEDICATION>
    <MEDICATION id="DOC34" time="during DCT" type1="beta blocker" type2="">
      <MEDICATION id="M72" start="1235" end="1244" text="Lopressor" time="during DCT" type1="beta blocker" type2="" comment=""/>
      <MEDICATION id="M73" start="1235" end="1245" text="Lopressor " time="during DCT" type1="beta blocker" type2="" comment=""/>
      <MEDICATION id="M74" start="1235" end="1244" text="Lopressor" time="during DCT" type1="beta blocker" type2="" comment=""/>
    </MEDICATION>
    <HYPERTENSION id="DOC4" time="during DCT" indicator="mention">
      <HYPERTENSION id="H0" start="607" end="619" text="Hypertension" time="during DCT" indicator="mention" comment=""/>
      <HYPERTENSION id="H1" start="607" end="620" text="Hypertension " time="during DCT" indicator="mention" comment=""/>
      <HYPERTENSION id="H2" start="607" end="619" text="Hypertension" time="during DCT" indicator="mention" comment=""/>
      <HYPERTENSION id="H3" start="2332" end="2335" text="HTn" time="during DCT" indicator="mention" comment=""/>
    </HYPERTENSION>
    <HYPERTENSION id="DOC11" time="during DCT" indicator="high bp">
      <HYPERTENSION id="H4" start="2054" end="2063" text="BP 151/68" time="during DCT" indicator="high bp" comment=""/>
      <HYPERTENSION id="H5" start="2054" end="2063" text="BP 151/68" time="during DCT" indicator="high bp" comment=""/>
      <HYPERTENSION id="H6" start="2054" end="2063" text="BP 151/68" time="during DCT" indicator="high bp" comment=""/>
    </HYPERTENSION>
    <HYPERTENSION id="DOC20" time="before DCT" indicator="mention">
      <HYPERTENSION id="H7" start="607" end="619" text="Hypertension" time="before DCT" indicator="mention" comment=""/>
      <HYPERTENSION id="H8" start="607" end="620" text="Hypertension " time="before DCT" indicator="mention" comment=""/>
      <HYPERTENSION id="H9" start="607" end="619" text="Hypertension" time="before DCT" indicator="mention" comment=""/>
      <HYPERTENSION id="H10" start="2332" end="2335" text="HTn" time="before DCT" indicator="mention" comment=""/>
    </HYPERTENSION>
    <HYPERTENSION id="DOC35" time="after DCT" indicator="mention">
      <HYPERTENSION id="H11" start="607" end="619" text="Hypertension" time="after DCT" indicator="mention" comment=""/>
      <HYPERTENSION id="H12" start="607" end="620" text="Hypertension " time="after DCT" indicator="mention" comment=""/>
      <HYPERTENSION id="H13" start="607" end="619" text="Hypertension" time="after DCT" indicator="mention" comment=""/>
      <HYPERTENSION id="H14" start="2332" end="2335" text="HTn" time="after DCT" indicator="mention" comment=""/>
    </HYPERTENSION>
    <FAMILY_HIST id="DOC21" indicator="not present">
      <FAMILY_HIST id="F0" indicator="not present"/>
      <FAMILY_HIST id="F1" indicator="not present"/>
      <FAMILY_HIST id="F2" indicator="not present"/>
    </FAMILY_HIST>
    <SMOKER id="DOC24" status="never">
      <SMOKER id="S0" start="1620" end="1651" text="Social history:   smoking ( - )" status="never" comment=""/>
      <SMOKER id="S1" start="1638" end="1651" text="smoking ( - )" status="never" comment=""/>
      <SMOKER id="S2" start="1638" end="1651" text="smoking ( - )" status="never" comment=""/>
    </SMOKER>
    <DIABETES id="DOC7" time="during DCT" indicator="mention">
      <DIABETES id="D0" start="563" end="590" text="Insulin dependent diabetic " time="during DCT" indicator="mention" comment=""/>
      <DIABETES id="D1" start="581" end="589" text="diabetic" time="during DCT" indicator="mention" comment=""/>
      <DIABETES id="D2" start="563" end="590" text="Insulin dependent diabetic " time="during DCT" indicator="mention" comment=""/>
      <DIABETES id="D3" start="2311" end="2313" text="DM" time="during DCT" indicator="mention" comment=""/>
    </DIABETES>
    <DIABETES id="DOC17" time="before DCT" indicator="mention">
      <DIABETES id="D4" start="563" end="590" text="Insulin dependent diabetic " time="before DCT" indicator="mention" comment=""/>
      <DIABETES id="D5" start="581" end="589" text="diabetic" time="before DCT" indicator="mention" comment=""/>
      <DIABETES id="D6" start="563" end="590" text="Insulin dependent diabetic " time="before DCT" indicator="mention" comment=""/>
      <DIABETES id="D7" start="2311" end="2313" text="DM" time="before DCT" indicator="mention" comment=""/>
    </DIABETES>
    <DIABETES id="DOC25" time="after DCT" indicator="mention">
      <DIABETES id="D8" start="563" end="590" text="Insulin dependent diabetic " time="after DCT" indicator="mention" comment=""/>
      <DIABETES id="D9" start="581" end="589" text="diabetic" time="after DCT" indicator="mention" comment=""/>
      <DIABETES id="D10" start="563" end="590" text="Insulin dependent diabetic " time="after DCT" indicator="mention" comment=""/>
      <DIABETES id="D11" start="2311" end="2313" text="DM" time="after DCT" indicator="mention" comment=""/>
    </DIABETES>
  </TAGS>
</root>
