<?xml version='1.0' encoding='UTF-8'?>
<root>
  <TEXT><![CDATA[


Record date: 2077-11-10



Reason for Visit

follow up

First visit in over 5 months. Had injury at work, fell and rx right shoulder- had surgery and now will have to have shoulder replacement by Dr. Denny.  Went through rehab and has been living with her son in Washington- her apartment is being fixed up but likely she will move because of issues with elevator- lookiing for elderly housing.  No pain issues, still has constipation- takes senna and colace bid.  Is concerned about addictive personality- off narcotics but is attending NA meetings and wants to get of amitriptyline and  trazodone-would like to try neurontin.

BS are good- on 18 units insulin bid and has been trying to lose wt- 1+ /week.

Will have EMG on 11/26  because of numbness right hand and concern about brachial nerve. Will also have CT.  She has tingling left medial fingers - advised EMG of that hand too.   Needs BMD- needs to get clearance from workers comp.

Generally doing well. Using Chantix. Reviewed meds. Needs new rx.

BS 117-121, no hypoglycemai





Medications Text

verapamil 120 mg bid

novolog 70/30 18units bid

amitriptylin 50/25- will stop

lisinopril 10mg qd--BPs have been high

MVI

ASA 325 mg qd

simvastain 20mg qd

vit c 1000mg qd

metoprolol 100mg qd

lasix 20mg- no longer taking

chantix





Allergies

      NKA



Past Medical History

OB:G1 P1

UCHD, no ARF





Family History

non contributory

children-one son, Hep C

no FH of colon cancer, breast cancer





Social History

smoking: up to 1.5 ppd on weekends

EtOH: rare

drugs: MJ--thinking about stopping because it causes increase in appetite

substance abuse: none

OTC meds: none

diet: optifast

exercise: walk

caffeine: NA

immunizations: needs flu shot

work: Appraiser-currently unemployed

sexual: MSW, not sexually active

domestic violence: in past

seat belt use: yes

sunscreen:yes

living will/health care proxy -none





Review of Systems

General: wt lost  11.5 lbs since May

Eye : reg ck-done this yr

ENT: no sinus sx,   

skin: no rashes 

esp: no cough, SOB, sputum, hemoptysis 

CV: no CP, palpitations, edema, orthopnea, PND 

GI: no nausea, vomiting, heartburn, diarrhea, constipation, melena, hematochezia 

breast: mammogram --needs

GU: no dysuria, hematuria. 

LMP: late 40s

contraception: NA

MS: no arthritis or joint pain 

neuro: no dizziness, syncope 

MH: no depression 

All other systems were reviewed and are negative





Vital Signs

      BLOOD PRESSURE   146/76 

      PULSE   78 

      WEIGHT   210 lb



Physical Exam

looks well. does not smell of smoke

wt dec 11.5 lbs

 BP 138/80 left arm large cuff by me

lungs clear

heart S1S2 no murmur

no edema





Assessment

1. HBP - cont current meds- doing well

2. smoking- onChantix

3. right shoulder fx

4. HPV-??

5. DM-HBA1C 6.1- doing well

6. HM: needseye ck, mammogra

7. CRF-creat stable

8. ? CTS

9. PN- will stop amitriptyline and start on gabapentin 100mg bid--> 300mg bid





Orders

 





E&M Level

      99214 Level 4, Outpatient Visit, Established Patient



In-Office Procedures

      90471 IMADM PRQ ID SUBQ/IM NJXS 1 VACC

      90658 Flu vaccine, split, 3 yrs & >



Diagnosis

      V04.81 Need for prophylactic vaccination and inoculation against influenza

      250.60 Diabetes mellitus with neurological manifestations, type II or unspecified type, not stated as uncontrolled

      250.00 Diabetes mellitus without mention of complication, type II or unspecified type, not stated as uncontrolled

      401.9 Unspecified essential hypertension



Plan

1. Medications reviewed and reconciled

 2. needs left EMG

3. RTO 1 mon

4. new rx written

5. bowel regimen discussed.

 

 

 

___________________________________

Billy U. Webber, MD, FACP, AAHIVS







]]></TEXT>
  <TAGS>
    <MEDICATION id="DOC0" time="during DCT" type1="ACE inhibitor" type2="">
      <MEDICATION id="M0" start="1144" end="1154" text="lisinopril" time="during DCT" type1="ACE inhibitor" type2="" comment=""/>
      <MEDICATION id="M1" start="1144" end="1154" text="lisinopril" time="during DCT" type1="ACE inhibitor" type2="" comment=""/>
      <MEDICATION id="M2" start="1144" end="1154" text="lisinopril" time="during DCT" type1="ACE inhibitor" type2="" comment=""/>
    </MEDICATION>
    <MEDICATION id="DOC1" time="after DCT" type1="statin" type2="">
      <MEDICATION id="M3" start="1204" end="1214" text="simvastain" time="after DCT" type1="statin" type2="" comment=""/>
      <MEDICATION id="M4" start="1204" end="1214" text="simvastain" time="after DCT" type1="statin" type2="" comment=""/>
      <MEDICATION id="M5" start="1204" end="1214" text="simvastain" time="after DCT" type1="statin" type2="" comment=""/>
    </MEDICATION>
    <MEDICATION id="DOC2" time="during DCT" type1="aspirin" type2="">
      <MEDICATION id="M6" start="1189" end="1192" text="ASA" time="during DCT" type1="aspirin" type2="" comment=""/>
      <MEDICATION id="M7" start="1189" end="1192" text="ASA" time="during DCT" type1="aspirin" type2="" comment=""/>
      <MEDICATION id="M8" start="1189" end="1192" text="ASA" time="during DCT" type1="aspirin" type2="" comment=""/>
    </MEDICATION>
    <HYPERTENSION id="DOC3" time="during DCT" indicator="mention">
      <HYPERTENSION id="H0" start="2696" end="2699" text="HBP" time="during DCT" indicator="mention" comment=""/>
      <HYPERTENSION id="H1" start="3533" end="3545" text="hypertension" time="during DCT" indicator="mention" comment=""/>
      <HYPERTENSION id="H2" start="3533" end="3545" text="hypertension" time="during DCT" indicator="mention" comment=""/>
    </HYPERTENSION>
    <MEDICATION id="DOC4" time="after DCT" type1="ACE inhibitor" type2="">
      <MEDICATION id="M9" start="1144" end="1154" text="lisinopril" time="after DCT" type1="ACE inhibitor" type2="" comment=""/>
      <MEDICATION id="M10" start="1144" end="1154" text="lisinopril" time="after DCT" type1="ACE inhibitor" type2="" comment=""/>
      <MEDICATION id="M11" start="1144" end="1154" text="lisinopril" time="after DCT" type1="ACE inhibitor" type2="" comment=""/>
    </MEDICATION>
    <DIABETES id="DOC5" time="during DCT" indicator="mention">
      <DIABETES id="D0" start="2792" end="2794" text="DM" time="during DCT" indicator="mention" comment=""/>
      <DIABETES id="D1" start="2792" end="2794" text="DM" time="during DCT" indicator="mention" comment=""/>
      <DIABETES id="D2" start="3269" end="3286" text="Diabetes mellitus" time="during DCT" indicator="mention" comment=""/>
      <DIABETES id="D3" start="3391" end="3408" text="Diabetes mellitus" time="during DCT" indicator="mention" comment=""/>
      <DIABETES id="D4" start="3269" end="3277" text="Diabetes" time="during DCT" indicator="mention" comment=""/>
    </DIABETES>
    <MEDICATION id="DOC6" time="after DCT" type1="aspirin" type2="">
      <MEDICATION id="M12" start="1189" end="1192" text="ASA" time="after DCT" type1="aspirin" type2="" comment=""/>
      <MEDICATION id="M13" start="1189" end="1192" text="ASA" time="after DCT" type1="aspirin" type2="" comment=""/>
      <MEDICATION id="M14" start="1189" end="1192" text="ASA" time="after DCT" type1="aspirin" type2="" comment=""/>
    </MEDICATION>
    <MEDICATION id="DOC7" time="during DCT" type1="calcium channel blocker" type2="">
      <MEDICATION id="M15" start="1064" end="1073" text="verapamil" time="during DCT" type1="calcium channel blocker" type2="" comment=""/>
      <MEDICATION id="M16" start="1064" end="1073" text="verapamil" time="during DCT" type1="calcium channel blocker" type2="" comment=""/>
      <MEDICATION id="M17" start="1064" end="1073" text="verapamil" time="during DCT" type1="calcium channel blocker" type2="" comment=""/>
    </MEDICATION>
    <MEDICATION id="DOC8" time="after DCT" type1="insulin" type2="">
      <MEDICATION id="M18" start="657" end="664" text="insulin" time="after DCT" type1="insulin" type2="" comment=""/>
      <MEDICATION id="M19" start="1086" end="1099" text="novolog 70/30" time="after DCT" type1="insulin" type2="" comment=""/>
      <MEDICATION id="M20" start="657" end="664" text="insulin" time="after DCT" type1="insulin" type2="" comment=""/>
      <MEDICATION id="M21" start="1086" end="1093" text="novolog" time="after DCT" type1="insulin" type2="" comment=""/>
      <MEDICATION id="M22" start="657" end="664" text="insulin" time="after DCT" type1="insulin" type2="" comment=""/>
      <MEDICATION id="M23" start="1086" end="1093" text="novolog" time="after DCT" type1="insulin" type2="" comment=""/>
    </MEDICATION>
    <HYPERTENSION id="DOC9" time="during DCT" indicator="high bp">
      <HYPERTENSION id="H3" start="2455" end="2478" text="BLOOD PRESSURE   146/76" time="during DCT" indicator="high bp" comment=""/>
      <HYPERTENSION id="H4" start="2455" end="2480" text="BLOOD PRESSURE   146/76  " time="during DCT" indicator="high bp" comment=""/>
      <HYPERTENSION id="H5" start="2449" end="2479" text="      BLOOD PRESSURE   146/76 " time="during DCT" indicator="high bp" comment=""/>
    </HYPERTENSION>
    <MEDICATION id="DOC10" time="before DCT" type1="calcium channel blocker" type2="">
      <MEDICATION id="M24" start="1064" end="1073" text="verapamil" time="before DCT" type1="calcium channel blocker" type2="" comment=""/>
      <MEDICATION id="M25" start="1064" end="1073" text="verapamil" time="before DCT" type1="calcium channel blocker" type2="" comment=""/>
      <MEDICATION id="M26" start="1064" end="1073" text="verapamil" time="before DCT" type1="calcium channel blocker" type2="" comment=""/>
    </MEDICATION>
    <HYPERTENSION id="DOC11" time="after DCT" indicator="mention">
      <HYPERTENSION id="H6" start="2696" end="2699" text="HBP" time="after DCT" indicator="mention" comment=""/>
      <HYPERTENSION id="H7" start="3533" end="3545" text="hypertension" time="after DCT" indicator="mention" comment=""/>
      <HYPERTENSION id="H8" start="3533" end="3545" text="hypertension" time="after DCT" indicator="mention" comment=""/>
    </HYPERTENSION>
    <MEDICATION id="DOC12" time="after DCT" type1="beta blocker" type2="">
      <MEDICATION id="M27" start="1241" end="1251" text="metoprolol" time="after DCT" type1="beta blocker" type2="" comment=""/>
      <MEDICATION id="M28" start="1241" end="1251" text="metoprolol" time="after DCT" type1="beta blocker" type2="" comment=""/>
      <MEDICATION id="M29" start="1241" end="1251" text="metoprolol" time="after DCT" type1="beta blocker" type2="" comment=""/>
    </MEDICATION>
    <DIABETES id="DOC13" time="before DCT" indicator="mention">
      <DIABETES id="D5" start="2792" end="2794" text="DM" time="before DCT" indicator="mention" comment=""/>
      <DIABETES id="D6" start="2792" end="2794" text="DM" time="before DCT" indicator="mention" comment=""/>
      <DIABETES id="D7" start="3269" end="3286" text="Diabetes mellitus" time="before DCT" indicator="mention" comment=""/>
      <DIABETES id="D8" start="3391" end="3408" text="Diabetes mellitus" time="before DCT" indicator="mention" comment=""/>
      <DIABETES id="D9" start="3269" end="3277" text="Diabetes" time="before DCT" indicator="mention" comment=""/>
    </DIABETES>
    <MEDICATION id="DOC14" time="before DCT" type1="statin" type2="">
      <MEDICATION id="M30" start="1204" end="1214" text="simvastain" time="before DCT" type1="statin" type2="" comment=""/>
      <MEDICATION id="M31" start="1204" end="1214" text="simvastain" time="before DCT" type1="statin" type2="" comment=""/>
      <MEDICATION id="M32" start="1204" end="1214" text="simvastain" time="before DCT" type1="statin" type2="" comment=""/>
    </MEDICATION>
    <MEDICATION id="DOC15" time="during DCT" type1="statin" type2="">
      <MEDICATION id="M33" start="1204" end="1214" text="simvastain" time="during DCT" type1="statin" type2="" comment=""/>
      <MEDICATION id="M34" start="1204" end="1214" text="simvastain" time="during DCT" type1="statin" type2="" comment=""/>
      <MEDICATION id="M35" start="1204" end="1214" text="simvastain" time="during DCT" type1="statin" type2="" comment=""/>
    </MEDICATION>
    <FAMILY_HIST id="DOC16" indicator="not present">
      <FAMILY_HIST id="F0" indicator="not present"/>
      <FAMILY_HIST id="F1" indicator="not present"/>
      <FAMILY_HIST id="F2" indicator="not present"/>
    </FAMILY_HIST>
    <MEDICATION id="DOC17" time="before DCT" type1="ACE inhibitor" type2="">
      <MEDICATION id="M36" start="1144" end="1154" text="lisinopril" time="before DCT" type1="ACE inhibitor" type2="" comment=""/>
      <MEDICATION id="M37" start="1144" end="1154" text="lisinopril" time="before DCT" type1="ACE inhibitor" type2="" comment=""/>
      <MEDICATION id="M38" start="1144" end="1154" text="lisinopril" time="before DCT" type1="ACE inhibitor" type2="" comment=""/>
    </MEDICATION>
    <MEDICATION id="DOC18" time="before DCT" type1="aspirin" type2="">
      <MEDICATION id="M39" start="1189" end="1192" text="ASA" time="before DCT" type1="aspirin" type2="" comment=""/>
      <MEDICATION id="M40" start="1189" end="1192" text="ASA" time="before DCT" type1="aspirin" type2="" comment=""/>
      <MEDICATION id="M41" start="1189" end="1192" text="ASA" time="before DCT" type1="aspirin" type2="" comment=""/>
    </MEDICATION>
    <MEDICATION id="DOC19" time="before DCT" type1="insulin" type2="">
      <MEDICATION id="M42" start="657" end="664" text="insulin" time="before DCT" type1="insulin" type2="" comment=""/>
      <MEDICATION id="M43" start="1086" end="1099" text="novolog 70/30" time="before DCT" type1="insulin" type2="" comment=""/>
      <MEDICATION id="M44" start="657" end="664" text="insulin" time="before DCT" type1="insulin" type2="" comment=""/>
      <MEDICATION id="M45" start="1086" end="1093" text="novolog" time="before DCT" type1="insulin" type2="" comment=""/>
      <MEDICATION id="M46" start="657" end="664" text="insulin" time="before DCT" type1="insulin" type2="" comment=""/>
      <MEDICATION id="M47" start="1086" end="1093" text="novolog" time="before DCT" type1="insulin" type2="" comment=""/>
    </MEDICATION>
    <SMOKER id="DOC20" status="current">
      <SMOKER id="S0" start="1496" end="1530" text="smoking: up to 1.5 ppd on weekends" status="current" comment=""/>
      <SMOKER id="S1" start="1496" end="1530" text="smoking: up to 1.5 ppd on weekends" status="current" comment=""/>
      <SMOKER id="S2" start="2736" end="2743" text="smoking" status="current" comment=""/>
      <SMOKER id="S3" start="1496" end="1530" text="smoking: up to 1.5 ppd on weekends" status="current" comment=""/>
    </SMOKER>
    <MEDICATION id="DOC21" time="after DCT" type1="calcium channel blocker" type2="">
      <MEDICATION id="M48" start="1064" end="1073" text="verapamil" time="after DCT" type1="calcium channel blocker" type2="" comment=""/>
      <MEDICATION id="M49" start="1064" end="1073" text="verapamil" time="after DCT" type1="calcium channel blocker" type2="" comment=""/>
      <MEDICATION id="M50" start="1064" end="1073" text="verapamil" time="after DCT" type1="calcium channel blocker" type2="" comment=""/>
    </MEDICATION>
    <HYPERTENSION id="DOC22" time="before DCT" indicator="mention">
      <HYPERTENSION id="H9" start="2696" end="2699" text="HBP" time="before DCT" indicator="mention" comment=""/>
      <HYPERTENSION id="H10" start="3533" end="3545" text="hypertension" time="before DCT" indicator="mention" comment=""/>
      <HYPERTENSION id="H11" start="3533" end="3545" text="hypertension" time="before DCT" indicator="mention" comment=""/>
    </HYPERTENSION>
    <MEDICATION id="DOC23" time="during DCT" type1="insulin" type2="">
      <MEDICATION id="M51" start="657" end="664" text="insulin" time="during DCT" type1="insulin" type2="" comment=""/>
      <MEDICATION id="M52" start="1086" end="1099" text="novolog 70/30" time="during DCT" type1="insulin" type2="" comment=""/>
      <MEDICATION id="M53" start="657" end="664" text="insulin" time="during DCT" type1="insulin" type2="" comment=""/>
      <MEDICATION id="M54" start="1086" end="1093" text="novolog" time="during DCT" type1="insulin" type2="" comment=""/>
      <MEDICATION id="M55" start="657" end="664" text="insulin" time="during DCT" type1="insulin" type2="" comment=""/>
      <MEDICATION id="M56" start="1086" end="1093" text="novolog" time="during DCT" type1="insulin" type2="" comment=""/>
    </MEDICATION>
    <MEDICATION id="DOC24" time="before DCT" type1="beta blocker" type2="">
      <MEDICATION id="M57" start="1241" end="1251" text="metoprolol" time="before DCT" type1="beta blocker" type2="" comment=""/>
      <MEDICATION id="M58" start="1241" end="1251" text="metoprolol" time="before DCT" type1="beta blocker" type2="" comment=""/>
      <MEDICATION id="M59" start="1241" end="1251" text="metoprolol" time="before DCT" type1="beta blocker" type2="" comment=""/>
    </MEDICATION>
    <MEDICATION id="DOC25" time="during DCT" type1="beta blocker" type2="">
      <MEDICATION id="M60" start="1241" end="1251" text="metoprolol" time="during DCT" type1="beta blocker" type2="" comment=""/>
      <MEDICATION id="M61" start="1241" end="1251" text="metoprolol" time="during DCT" type1="beta blocker" type2="" comment=""/>
      <MEDICATION id="M62" start="1241" end="1251" text="metoprolol" time="during DCT" type1="beta blocker" type2="" comment=""/>
    </MEDICATION>
    <DIABETES id="DOC26" time="after DCT" indicator="mention">
      <DIABETES id="D10" start="2792" end="2794" text="DM" time="after DCT" indicator="mention" comment=""/>
      <DIABETES id="D11" start="2792" end="2794" text="DM" time="after DCT" indicator="mention" comment=""/>
      <DIABETES id="D12" start="3269" end="3286" text="Diabetes mellitus" time="after DCT" indicator="mention" comment=""/>
      <DIABETES id="D13" start="3391" end="3408" text="Diabetes mellitus" time="after DCT" indicator="mention" comment=""/>
      <DIABETES id="D14" start="3269" end="3277" text="Diabetes" time="after DCT" indicator="mention" comment=""/>
    </DIABETES>
    <PHI id="P0" start="16" end="26" text="2077-11-10" TYPE="DATE"/>
    <PHI id="P1" start="203" end="208" text="Denny" TYPE="DOCTOR"/>
    <PHI id="P2" start="266" end="276" text="Washington" TYPE="STATE"/>
    <PHI id="P3" start="729" end="734" text="11/26" TYPE="DATE"/>
    <PHI id="P4" start="1741" end="1750" text="Appraiser" TYPE="PROFESSION"/>
    <PHI id="P5" start="1963" end="1966" text="May" TYPE="DATE"/>
    <PHI id="P6" start="2274" end="2277" text="40s" TYPE="AGE"/>
    <PHI id="P7" start="3723" end="3738" text="Billy U. Webber" TYPE="DOCTOR"/>
  </TAGS>
</root>
