<?xml version='1.0' encoding='UTF-8'?>
<root>
  <TEXT><![CDATA[


Record date: 2078-10-25



Chief Complaint

annual exam



History of Present Illness

Last CPE 2 yrs ago. Had severe injury to right shoulder and failed surgery so we did not do CPE last yr.  Now pt fighting for workers comp and disability had has a hearing in 2 days. Has a lawyer.  Is not smoking any more. Has gained wt but feels she has "turned the corner"

Reports classic orthopnea for past few days- afraid to go back to sleep. Has to sleep on 3 pillows. Inhaler does not help. No sx during the day but is not as active. No CP, edema, palpitations.  EKG done 2 yrs ago showed junctional rhythm

BS 140 only occ near 200 . Onw on 24 units Novolog bid





Medications

      Ascorbic Acid   1000 MG PO QD 

      Aspirin Buffered   325 MG (325MG TABLET take 1) PO QD 

      Calcium + D (500 Elem. Ca) (CALCIUM Carbonate 1250 Mg (500MG Elem Ca)/ Vit D 200 Iu))   1 TAB (500MG-200 TABLET ) PO BID  #180 

      Carnitor (LEVOCARNITINE)   1.5 GM (500MG TABLET ) PO BID 

      Coenzyme Q10   30 MG (30MG CAPSULE take 1) PO QD 

      FUROSEMIDE   20 MG (20MG TABLET take 1) PO QD  #90 Tablet(s)

      LISINOPRIL   40 MG (40MG TABLET take 1) PO BID  #180 Tablet(s)

      Metoprolol Succinate Extended Release (METOPROLOL Succinate Extended Release)   100 MG (100MG TAB.SR 24H take 1) PO QD , non- childproof caps #90 TAB.SR

      MULTIVITAMINS   1 TAB PO QD 

      Novolog Mix 70/30 (INSULIN Aspart 70/30)   70-30 U/ML VIAL  SC as directed , 24 units bid #3 Bottle(s)

      SIMVASTATIN   20 MG (20MG TABLET take 1) PO QHS  #90 Tablet(s)

      Verapamil Sustained Release   120 MG (120MG TABLET SA take 1) PO BID  #180 Tablet(s)



Allergies

      NKA



Past Medical History

OB:G1 P1

UCHD, no ARF





Past Surgical History

2 surgeries on right shoulder due to injury/fx



Family History

non contributory

children-one son, Hep C

no FH of colon cancer, breast cancer





Social History

smoking: stopped this yr

EtOH: none

drugs: none

substance abuse: none

OTC meds: none

diet: none

exercise: none

caffeine: <1/d

immunizations: needs flu shot

work: former Appraiser

sexual: MSW, not sexually active

domestic violence: in past

seat belt use: yes

sunscreen:yes

living will/health care proxy -none





Review of Systems

General: wt up 21 lbs, no fevers, chills, sweats 

Eye : reg ck- seen 3/78

ENT: no sinus sx,  reg dental exams 

skin: no rashes 

resp: no cough, SOB, sputum, hemoptysis 

CV: no CP, palpitations, edema, orthopnea, PND 

GI: no nausea, vomiting, heartburn, diarrhea, constipation, melena, hematochezia 

breast:mammogram done 8/78

GU: no dysuria, hematuria. 

LMP: late 40s

contraception: NA

MS: no arthritis or joint pain 

neuro: no dizziness, syncope; PN -numb but no pain 

MH: no depression 

All other systems were reviewed and are negative





Vital Signs

      BLOOD PRESSURE   140/80 

      PULSE   81 

      HEIGHT   67 in

      WEIGHT   241 lb

      BMI   37.8 



Physical Exam

      General Appearance

WD, WN obese WF in NAD, BP 146/78 left large cuff by me

      Skin

no rash

      HEENT

PERRL disks sharp 

TMs clear, canals normal 

mouth and dentition normal 

neck: supple, no palp thyroid



      Chest

clear to auscultation

      Breast

no masses, nipple discharge. axillae clear

      Cor/Cardiac

RRR, S1S2 no S3 no S4 no murmurs or gallops

      Abdomen

soft, non tender, no mass. Normal liver, spleen. no rebound

      Nodes/Lymphatic

no cervical, supraclavicular, axillary or inguinal nodes

      Pelvis

normal external female genitalia

no rash

no Bartholin's, Skeens or para urethral tenderness

vagina: normal

cervix normal

uterus: normal size, anteverted

adnexae: non tender, no mass

RV: confirms

 

I performed pap smear



      Rectal Exam

normal tone, no mass stool guaiac neg

      Extremity

good distal pulses no edema

      Musc Skel

FROM,no joint swellings

      Neurological

oriented reflexes: KJ 2+, AJ 2+, symmetrical gait normal

      Psych

normal affect



Impression

1. HM: needs flu shot

2. DM: will ck labs likely to be out of control

3. wt gain

4. renal insufficiency- has not seen Dr. Dougherty

5. right arm injury and workers comp/disability

6. orthopnea- new onset AF- may be underlying CAD vs cardiomyopathy vs due to BP- needs further eval.





Lab Tests

Tests ordered: EKG: AF rate 61



Orders

      80053 Comprehensive Metabolic Panel

      85027 CBC (no diff)

      83036 Hemoglobin A1C

      81002 Urine Dipstick, w/o MIC

      80061 Lipid Panel

      84443 TSH



In-Office Procedures

      Q0091 PAP SMEAR SCREENING

      82272 Occult Blood, Single

      93005 EKG, tracing only

      90658 Flu vaccine, split, 3 yrs & >

      90471 IMADM PRQ ID SUBQ/IM NJXS 1 VACC



E&M Level

      99396 Preventive Visit, Established, Age 40-64



Plan



patient education done 

medications reviewed and reconciled 

patient will return:3 mon 

referral to Dr. Yarborough for cardiac eval- new onset AF, mult CAD risk factors

 

 

 

 



______________________________

Billy U. Webber, M.D.



]]></TEXT>
  <TAGS>
    <MEDICATION id="DOC0" time="during DCT" type1="ACE inhibitor" type2="">
      <MEDICATION id="M0" start="1110" end="1120" text="LISINOPRIL" time="during DCT" type1="ACE inhibitor" type2="" comment=""/>
      <MEDICATION id="M1" start="1110" end="1120" text="LISINOPRIL" time="during DCT" type1="ACE inhibitor" type2="" comment=""/>
      <MEDICATION id="M2" start="1110" end="1120" text="LISINOPRIL" time="during DCT" type1="ACE inhibitor" type2="" comment=""/>
    </MEDICATION>
    <MEDICATION id="DOC1" time="after DCT" type1="statin" type2="">
      <MEDICATION id="M3" start="1486" end="1497" text="SIMVASTATIN" time="after DCT" type1="statin" type2="" comment=""/>
      <MEDICATION id="M4" start="1486" end="1497" text="SIMVASTATIN" time="after DCT" type1="statin" type2="" comment=""/>
      <MEDICATION id="M5" start="1486" end="1497" text="SIMVASTATIN" time="after DCT" type1="statin" type2="" comment=""/>
    </MEDICATION>
    <MEDICATION id="DOC2" time="during DCT" type1="aspirin" type2="">
      <MEDICATION id="M6" start="684" end="700" text=" Ascorbic Acid  " time="during DCT" type1="aspirin" type2="" comment=""/>
      <MEDICATION id="M7" start="723" end="730" text="Aspirin" time="during DCT" type1="aspirin" type2="" comment=""/>
      <MEDICATION id="M8" start="723" end="739" text="Aspirin Buffered" time="during DCT" type1="aspirin" type2="" comment=""/>
    </MEDICATION>
    <OBESE id="DOC3" time="after DCT" indicator="mention">
      <OBESE id="O0" start="2989" end="2994" text="obese" time="after DCT" indicator="mention" comment=""/>
      <OBESE id="O1" start="2989" end="2994" text="obese" time="after DCT" indicator="mention" comment=""/>
      <OBESE id="O2" start="2989" end="2994" text="obese" time="after DCT" indicator="mention" comment=""/>
    </OBESE>
    <SMOKER id="DOC4" status="past">
      <SMOKER id="S0" start="1908" end="1932" text="smoking: stopped this yr" status="past" comment=""/>
      <SMOKER id="S1" start="288" end="311" text="Is not smoking any more" status="past" comment=""/>
      <SMOKER id="S2" start="1908" end="1932" text="smoking: stopped this yr" status="past" comment=""/>
    </SMOKER>
    <MEDICATION id="DOC5" time="after DCT" type1="ACE inhibitor" type2="">
      <MEDICATION id="M9" start="1110" end="1120" text="LISINOPRIL" time="after DCT" type1="ACE inhibitor" type2="" comment=""/>
      <MEDICATION id="M10" start="1110" end="1120" text="LISINOPRIL" time="after DCT" type1="ACE inhibitor" type2="" comment=""/>
      <MEDICATION id="M11" start="1110" end="1120" text="LISINOPRIL" time="after DCT" type1="ACE inhibitor" type2="" comment=""/>
    </MEDICATION>
    <DIABETES id="DOC6" time="during DCT" indicator="mention">
      <DIABETES id="D0" start="4034" end="4036" text="DM" time="during DCT" indicator="mention" comment=""/>
      <DIABETES id="D1" start="4034" end="4036" text="DM" time="during DCT" indicator="mention" comment=""/>
      <DIABETES id="D2" start="4034" end="4036" text="DM" time="during DCT" indicator="mention" comment=""/>
    </DIABETES>
    <MEDICATION id="DOC7" time="after DCT" type1="aspirin" type2="">
      <MEDICATION id="M12" start="684" end="700" text=" Ascorbic Acid  " time="after DCT" type1="aspirin" type2="" comment=""/>
      <MEDICATION id="M13" start="723" end="730" text="Aspirin" time="after DCT" type1="aspirin" type2="" comment=""/>
      <MEDICATION id="M14" start="723" end="739" text="Aspirin Buffered" time="after DCT" type1="aspirin" type2="" comment=""/>
    </MEDICATION>
    <OBESE id="DOC8" time="before DCT" indicator="BMI">
      <OBESE id="O3" start="2920" end="2937" text="      BMI   37.8 " time="before DCT" indicator="BMI" comment=""/>
      <OBESE id="O4" start="2926" end="2936" text="BMI   37.8" time="before DCT" indicator="BMI" comment=""/>
    </OBESE>
    <MEDICATION id="DOC9" time="during DCT" type1="calcium channel blocker" type2="">
      <MEDICATION id="M15" start="1556" end="1565" text="Verapamil" time="during DCT" type1="calcium channel blocker" type2="" comment=""/>
      <MEDICATION id="M16" start="1556" end="1583" text="Verapamil Sustained Release" time="during DCT" type1="calcium channel blocker" type2="" comment=""/>
    </MEDICATION>
    <MEDICATION id="DOC10" time="after DCT" type1="insulin" type2="">
      <MEDICATION id="M17" start="649" end="656" text="Novolog" time="after DCT" type1="insulin" type2="" comment=""/>
      <MEDICATION id="M18" start="649" end="656" text="Novolog" time="after DCT" type1="insulin" type2="" comment=""/>
      <MEDICATION id="M19" start="1376" end="1383" text="Novolog" time="after DCT" type1="insulin" type2="" comment=""/>
      <MEDICATION id="M20" start="1376" end="1393" text="Novolog Mix 70/30" time="after DCT" type1="insulin" type2="" comment=""/>
    </MEDICATION>
    <HYPERTENSION id="DOC11" time="during DCT" indicator="high bp">
      <HYPERTENSION id="H0" start="3006" end="3016" text="BP 146/78 " time="during DCT" indicator="high bp" comment=""/>
      <HYPERTENSION id="H1" start="2830" end="2853" text="BLOOD PRESSURE   140/80" time="during DCT" indicator="high bp" comment=""/>
      <HYPERTENSION id="H2" start="3006" end="3015" text="BP 146/78" time="during DCT" indicator="high bp" comment=""/>
      <HYPERTENSION id="H3" start="3006" end="3015" text="BP 146/78" time="during DCT" indicator="high bp" comment=""/>
    </HYPERTENSION>
    <MEDICATION id="DOC12" time="before DCT" type1="calcium channel blocker" type2="">
      <MEDICATION id="M21" start="1556" end="1565" text="Verapamil" time="before DCT" type1="calcium channel blocker" type2="" comment=""/>
      <MEDICATION id="M22" start="1556" end="1583" text="Verapamil Sustained Release" time="before DCT" type1="calcium channel blocker" type2="" comment=""/>
    </MEDICATION>
    <MEDICATION id="DOC13" time="after DCT" type1="beta blocker" type2="">
      <MEDICATION id="M23" start="1180" end="1190" text="Metoprolol" time="after DCT" type1="beta blocker" type2="" comment=""/>
      <MEDICATION id="M24" start="1180" end="1190" text="Metoprolol" time="after DCT" type1="beta blocker" type2="" comment=""/>
      <MEDICATION id="M25" start="1180" end="1217" text="Metoprolol Succinate Extended Release" time="after DCT" type1="beta blocker" type2="" comment=""/>
    </MEDICATION>
    <MEDICATION id="DOC14" time="before DCT" type1="statin" type2="">
      <MEDICATION id="M26" start="1486" end="1497" text="SIMVASTATIN" time="before DCT" type1="statin" type2="" comment=""/>
      <MEDICATION id="M27" start="1486" end="1497" text="SIMVASTATIN" time="before DCT" type1="statin" type2="" comment=""/>
      <MEDICATION id="M28" start="1486" end="1497" text="SIMVASTATIN" time="before DCT" type1="statin" type2="" comment=""/>
    </MEDICATION>
    <MEDICATION id="DOC15" time="during DCT" type1="statin" type2="">
      <MEDICATION id="M29" start="1486" end="1497" text="SIMVASTATIN" time="during DCT" type1="statin" type2="" comment=""/>
      <MEDICATION id="M30" start="1486" end="1497" text="SIMVASTATIN" time="during DCT" type1="statin" type2="" comment=""/>
      <MEDICATION id="M31" start="1486" end="1497" text="SIMVASTATIN" time="during DCT" type1="statin" type2="" comment=""/>
    </MEDICATION>
    <OBESE id="DOC16" time="before DCT" indicator="mention">
      <OBESE id="O5" start="2989" end="2994" text="obese" time="before DCT" indicator="mention" comment=""/>
      <OBESE id="O6" start="2989" end="2994" text="obese" time="before DCT" indicator="mention" comment=""/>
      <OBESE id="O7" start="2989" end="2994" text="obese" time="before DCT" indicator="mention" comment=""/>
    </OBESE>
    <FAMILY_HIST id="DOC17" indicator="not present">
      <FAMILY_HIST id="F0" indicator="not present"/>
      <FAMILY_HIST id="F1" indicator="not present"/>
      <FAMILY_HIST id="F2" indicator="not present"/>
    </FAMILY_HIST>
    <MEDICATION id="DOC18" time="before DCT" type1="ACE inhibitor" type2="">
      <MEDICATION id="M32" start="1110" end="1120" text="LISINOPRIL" time="before DCT" type1="ACE inhibitor" type2="" comment=""/>
      <MEDICATION id="M33" start="1110" end="1120" text="LISINOPRIL" time="before DCT" type1="ACE inhibitor" type2="" comment=""/>
      <MEDICATION id="M34" start="1110" end="1120" text="LISINOPRIL" time="before DCT" type1="ACE inhibitor" type2="" comment=""/>
    </MEDICATION>
    <MEDICATION id="DOC19" time="before DCT" type1="aspirin" type2="">
      <MEDICATION id="M35" start="684" end="700" text=" Ascorbic Acid  " time="before DCT" type1="aspirin" type2="" comment=""/>
      <MEDICATION id="M36" start="723" end="730" text="Aspirin" time="before DCT" type1="aspirin" type2="" comment=""/>
      <MEDICATION id="M37" start="723" end="739" text="Aspirin Buffered" time="before DCT" type1="aspirin" type2="" comment=""/>
    </MEDICATION>
    <OBESE id="DOC20" time="after DCT" indicator="BMI">
      <OBESE id="O8" start="2920" end="2937" text="      BMI   37.8 " time="after DCT" indicator="BMI" comment=""/>
      <OBESE id="O9" start="2926" end="2936" text="BMI   37.8" time="after DCT" indicator="BMI" comment=""/>
    </OBESE>
    <DIABETES id="DOC21" time="before DCT" indicator="mention">
      <DIABETES id="D3" start="4034" end="4036" text="DM" time="before DCT" indicator="mention" comment=""/>
      <DIABETES id="D4" start="4034" end="4036" text="DM" time="before DCT" indicator="mention" comment=""/>
      <DIABETES id="D5" start="4034" end="4036" text="DM" time="before DCT" indicator="mention" comment=""/>
    </DIABETES>
    <MEDICATION id="DOC22" time="before DCT" type1="insulin" type2="">
      <MEDICATION id="M38" start="649" end="656" text="Novolog" time="before DCT" type1="insulin" type2="" comment=""/>
      <MEDICATION id="M39" start="649" end="656" text="Novolog" time="before DCT" type1="insulin" type2="" comment=""/>
      <MEDICATION id="M40" start="1376" end="1383" text="Novolog" time="before DCT" type1="insulin" type2="" comment=""/>
      <MEDICATION id="M41" start="1376" end="1393" text="Novolog Mix 70/30" time="before DCT" type1="insulin" type2="" comment=""/>
    </MEDICATION>
    <OBESE id="DOC23" time="during DCT" indicator="mention">
      <OBESE id="O10" start="2989" end="2994" text="obese" time="during DCT" indicator="mention" comment=""/>
      <OBESE id="O11" start="2989" end="2994" text="obese" time="during DCT" indicator="mention" comment=""/>
      <OBESE id="O12" start="2989" end="2994" text="obese" time="during DCT" indicator="mention" comment=""/>
    </OBESE>
    <MEDICATION id="DOC24" time="after DCT" type1="calcium channel blocker" type2="">
      <MEDICATION id="M42" start="1556" end="1565" text="Verapamil" time="after DCT" type1="calcium channel blocker" type2="" comment=""/>
      <MEDICATION id="M43" start="1556" end="1583" text="Verapamil Sustained Release" time="after DCT" type1="calcium channel blocker" type2="" comment=""/>
    </MEDICATION>
    <MEDICATION id="DOC25" time="during DCT" type1="insulin" type2="">
      <MEDICATION id="M44" start="649" end="656" text="Novolog" time="during DCT" type1="insulin" type2="" comment=""/>
      <MEDICATION id="M45" start="649" end="656" text="Novolog" time="during DCT" type1="insulin" type2="" comment=""/>
      <MEDICATION id="M46" start="1376" end="1383" text="Novolog" time="during DCT" type1="insulin" type2="" comment=""/>
      <MEDICATION id="M47" start="1376" end="1393" text="Novolog Mix 70/30" time="during DCT" type1="insulin" type2="" comment=""/>
    </MEDICATION>
    <MEDICATION id="DOC26" time="before DCT" type1="beta blocker" type2="">
      <MEDICATION id="M48" start="1180" end="1190" text="Metoprolol" time="before DCT" type1="beta blocker" type2="" comment=""/>
      <MEDICATION id="M49" start="1180" end="1190" text="Metoprolol" time="before DCT" type1="beta blocker" type2="" comment=""/>
      <MEDICATION id="M50" start="1180" end="1217" text="Metoprolol Succinate Extended Release" time="before DCT" type1="beta blocker" type2="" comment=""/>
    </MEDICATION>
    <OBESE id="DOC27" time="during DCT" indicator="BMI">
      <OBESE id="O13" start="2920" end="2937" text="      BMI   37.8 " time="during DCT" indicator="BMI" comment=""/>
      <OBESE id="O14" start="2926" end="2937" text="BMI   37.8 " time="during DCT" indicator="BMI" comment=""/>
      <OBESE id="O15" start="2926" end="2936" text="BMI   37.8" time="during DCT" indicator="BMI" comment=""/>
    </OBESE>
    <MEDICATION id="DOC28" time="during DCT" type1="beta blocker" type2="">
      <MEDICATION id="M51" start="1180" end="1190" text="Metoprolol" time="during DCT" type1="beta blocker" type2="" comment=""/>
      <MEDICATION id="M52" start="1180" end="1190" text="Metoprolol" time="during DCT" type1="beta blocker" type2="" comment=""/>
      <MEDICATION id="M53" start="1180" end="1217" text="Metoprolol Succinate Extended Release" time="during DCT" type1="beta blocker" type2="" comment=""/>
    </MEDICATION>
    <DIABETES id="DOC29" time="after DCT" indicator="mention">
      <DIABETES id="D6" start="4034" end="4036" text="DM" time="after DCT" indicator="mention" comment=""/>
      <DIABETES id="D7" start="4034" end="4036" text="DM" time="after DCT" indicator="mention" comment=""/>
      <DIABETES id="D8" start="4034" end="4036" text="DM" time="after DCT" indicator="mention" comment=""/>
    </DIABETES>
    <PHI id="P0" start="16" end="26" text="2078-10-25" TYPE="DATE"/>
    <PHI id="P1" start="2086" end="2095" text="Appraiser" TYPE="PROFESSION"/>
    <PHI id="P2" start="2324" end="2328" text="3/78" TYPE="DATE"/>
    <PHI id="P3" start="2582" end="2586" text="8/78" TYPE="DATE"/>
    <PHI id="P4" start="2627" end="2630" text="40s" TYPE="AGE"/>
    <PHI id="P5" start="4133" end="4142" text="Dougherty" TYPE="DOCTOR"/>
    <PHI id="P6" start="4801" end="4803" text="40" TYPE="AGE"/>
    <PHI id="P7" start="4804" end="4806" text="64" TYPE="AGE"/>
    <PHI id="P8" start="4925" end="4935" text="Yarborough" TYPE="DOCTOR"/>
    <PHI id="P9" start="5037" end="5052" text="Billy U. Webber" TYPE="DOCTOR"/>
  </TAGS>
</root>
