<?xml version='1.0' encoding='UTF-8'?>
<root>
  <TEXT><![CDATA[


Record date: 2111-01-05

 
UROLOGY Consult 
Patient:  Bryan, Archie
MRN: 7246074
Date: 1/5/11

CC:  hematuria

HPI:  81yo M with chronic incontinence who last night noted small amount of blood in diaper.  This AM caregiver changed diaper and noted large amount of clots and brought patient to hospital.  Patient complains of    crotch pain    and waking up with suprapubic pain during night.  Denies fever, chills, nausea, vomiting, diarrhea.  Does not believe he has blood in stool or melena.  Has never had bloody urine before, though it is not clear that patient   s given history is accurate.

PMH/PSH:  type 2 diabetes, sacral decub ulcer, R hip arthroplasty, htn, OA, afib

MEDS:  coumadin, novolin sliding scale, aspirin 325mg daily, digoxin 0.125mg daily, folic acid 1mg daily, NPH 6Units SC QPM, lipitor 40mg daily, prilosec 20mg daily, miralax 17g BID, Toprol XL 150mg BID, Tylenol, Senna, Dulcolax supp prn, MOM prn, Reglan 5mg QID prn N/V, Scot-tussin s/f original 10ml Q6H prn cough, NPH 34 Units SC QAM

ALLERGIES:  NKDA

FMH/SH: quit smoking 2059, no etoh.  Lives in nursing home.

PE: T= 101.6    BP= 207/94       P= 114      RR= 20    SaO2= 99% RA
Gen=NAD.  
CV=RRR
Lungs=CTAB
Abd=soft, mildly distended, mildly tender in suprapubic area.
GU= large clots from foley catheter with grossly bloody urine

RELEVANT LAB/IMAGING STUDIES: 
CBC: 17.9>33.8<462 differential 92/4/4/0
Coags:  INR 4.9, PTT 44.1
UA: nitrite +, 3+ alb, packed RBC, 3-5 WBC, few bacteria, squamous cell neg
Chemistry: Na 140, K 5.2, Cl 108, CO2 18.2, BUN 41, Cr 2.1, Glu 97, Ca 9.1, Mg 1.5, Phos 2.8
LFTs: total protein 8.6, alb 3.6, DB 0, TB 0.2, AP 157, SGPT 16, SGOT 22, amylase 99, lipase 4.3

CXR ordered
EKG: pending

Renal US: Bilateral moderate pelvicaliectasis, new from prior CT from 2109.  Echogenic materials in bladder, presumably blood.  No mass or stones seen.

PROCEDURES:  Whistle tip foley placed and bladder was hand irrigated with 3L NS with large amount of clot removed.  Placed on Murphy drip with lightening of urine over 1 hour. 

ASSESSMENT/RECOMMENDATIONS:
81yo M with gross hematuria with clot, fever, and elevated WBC. Renal US obtained rather than CT scan b/c of elevated creatinine in diabetic patient.
-Admit to Urology service.  Patient needs to be on cardiac monitor.
-IV fluids: D5    NS at 100cc/hr.
-Please obtain CXR and EKG.
-NPO after midnight
-hold coumadin.  Patient receiving FFP to reverse anticoagulation.
-Will continue Levaquin (renal dosing)
-Please send blood cultures and urine culture.
-Will recheck chem. 7, CBC, coags in morning.


_____________________________________________
Evelyn Xuan, MD
HRC Urology 59931




]]></TEXT>
  <TAGS>
    <MEDICATION id="DOC0" time="after DCT" type1="statin" type2="">
      <MEDICATION id="M0" start="808" end="815" text="lipitor" time="after DCT" type1="statin" type2="" comment=""/>
      <MEDICATION id="M1" start="808" end="815" text="lipitor" time="after DCT" type1="statin" type2="" comment=""/>
      <MEDICATION id="M2" start="808" end="815" text="lipitor" time="after DCT" type1="statin" type2="" comment=""/>
    </MEDICATION>
    <MEDICATION id="DOC1" time="during DCT" type1="statin" type2="">
      <MEDICATION id="M3" start="808" end="815" text="lipitor" time="during DCT" type1="statin" type2="" comment=""/>
      <MEDICATION id="M4" start="808" end="815" text="lipitor" time="during DCT" type1="statin" type2="" comment=""/>
      <MEDICATION id="M5" start="808" end="815" text="lipitor" time="during DCT" type1="statin" type2="" comment=""/>
    </MEDICATION>
    <MEDICATION id="DOC2" time="during DCT" type1="aspirin" type2="">
      <MEDICATION id="M6" start="723" end="730" text="aspirin" time="during DCT" type1="aspirin" type2="" comment=""/>
      <MEDICATION id="M7" start="723" end="730" text="aspirin" time="during DCT" type1="aspirin" type2="" comment=""/>
      <MEDICATION id="M8" start="723" end="730" text="aspirin" time="during DCT" type1="aspirin" type2="" comment=""/>
    </MEDICATION>
    <MEDICATION id="DOC3" time="before DCT" type1="statin" type2="">
      <MEDICATION id="M9" start="808" end="815" text="lipitor" time="before DCT" type1="statin" type2="" comment=""/>
      <MEDICATION id="M10" start="808" end="815" text="lipitor" time="before DCT" type1="statin" type2="" comment=""/>
      <MEDICATION id="M11" start="808" end="815" text="lipitor" time="before DCT" type1="statin" type2="" comment=""/>
    </MEDICATION>
    <MEDICATION id="DOC4" time="before DCT" type1="aspirin" type2="">
      <MEDICATION id="M12" start="723" end="730" text="aspirin" time="before DCT" type1="aspirin" type2="" comment=""/>
      <MEDICATION id="M13" start="723" end="730" text="aspirin" time="before DCT" type1="aspirin" type2="" comment=""/>
      <MEDICATION id="M14" start="723" end="730" text="aspirin" time="before DCT" type1="aspirin" type2="" comment=""/>
    </MEDICATION>
    <MEDICATION id="DOC5" time="during DCT" type1="insulin" type2="">
      <MEDICATION id="M15" start="700" end="707" text="novolin" time="during DCT" type1="insulin" type2="" comment=""/>
      <MEDICATION id="M16" start="700" end="707" text="novolin" time="during DCT" type1="insulin" type2="" comment=""/>
      <MEDICATION id="M17" start="789" end="792" text="NPH" time="during DCT" type1="insulin" type2="" comment=""/>
      <MEDICATION id="M18" start="1000" end="1003" text="NPH" time="during DCT" type1="insulin" type2="" comment=""/>
      <MEDICATION id="M19" start="700" end="707" text="novolin" time="during DCT" type1="insulin" type2="" comment=""/>
      <MEDICATION id="M20" start="789" end="792" text="NPH" time="during DCT" type1="insulin" type2="" comment=""/>
    </MEDICATION>
    <HYPERTENSION id="DOC6" time="during DCT" indicator="high bp">
      <HYPERTENSION id="H0" start="1116" end="1126" text="BP= 207/94" time="during DCT" indicator="high bp" comment=""/>
      <HYPERTENSION id="H1" start="1116" end="1127" text="BP= 207/94 " time="during DCT" indicator="high bp" comment=""/>
      <HYPERTENSION id="H2" start="1115" end="1129" text=" BP= 207/94   " time="during DCT" indicator="high bp" comment=""/>
    </HYPERTENSION>
    <SMOKER id="DOC7" status="past">
      <SMOKER id="S0" start="1047" end="1064" text="quit smoking 2059" status="past" comment=""/>
      <SMOKER id="S1" start="1047" end="1064" text="quit smoking 2059" status="past" comment=""/>
      <SMOKER id="S2" start="1047" end="1059" text="quit smoking" status="past" comment=""/>
    </SMOKER>
    <DIABETES id="DOC8" time="before DCT" indicator="mention">
      <DIABETES id="D0" start="611" end="626" text="type 2 diabetes" time="before DCT" indicator="mention" comment=""/>
      <DIABETES id="D1" start="611" end="626" text="type 2 diabetes" time="before DCT" indicator="mention" comment=""/>
      <DIABETES id="D2" start="611" end="626" text="type 2 diabetes" time="before DCT" indicator="mention" comment=""/>
    </DIABETES>
    <HYPERTENSION id="DOC9" time="during DCT" indicator="mention">
      <HYPERTENSION id="H3" start="668" end="671" text="htn" time="during DCT" indicator="mention" comment=""/>
      <HYPERTENSION id="H4" start="668" end="671" text="htn" time="during DCT" indicator="mention" comment=""/>
      <HYPERTENSION id="H5" start="668" end="671" text="htn" time="during DCT" indicator="mention" comment=""/>
    </HYPERTENSION>
    <MEDICATION id="DOC10" time="before DCT" type1="beta blocker" type2="">
      <MEDICATION id="M21" start="866" end="875" text="Toprol XL" time="before DCT" type1="beta blocker" type2="" comment=""/>
      <MEDICATION id="M22" start="866" end="872" text="Toprol" time="before DCT" type1="beta blocker" type2="" comment=""/>
      <MEDICATION id="M23" start="866" end="872" text="Toprol" time="before DCT" type1="beta blocker" type2="" comment=""/>
    </MEDICATION>
    <DIABETES id="DOC11" time="after DCT" indicator="mention">
      <DIABETES id="D3" start="611" end="626" text="type 2 diabetes" time="after DCT" indicator="mention" comment=""/>
      <DIABETES id="D4" start="611" end="626" text="type 2 diabetes" time="after DCT" indicator="mention" comment=""/>
      <DIABETES id="D5" start="611" end="626" text="type 2 diabetes" time="after DCT" indicator="mention" comment=""/>
    </DIABETES>
    <DIABETES id="DOC12" time="during DCT" indicator="mention">
      <DIABETES id="D6" start="611" end="626" text="type 2 diabetes" time="during DCT" indicator="mention" comment=""/>
      <DIABETES id="D7" start="611" end="626" text="type 2 diabetes" time="during DCT" indicator="mention" comment=""/>
      <DIABETES id="D8" start="611" end="626" text="type 2 diabetes" time="during DCT" indicator="mention" comment=""/>
    </DIABETES>
    <HYPERTENSION id="DOC13" time="before DCT" indicator="mention">
      <HYPERTENSION id="H6" start="668" end="671" text="htn" time="before DCT" indicator="mention" comment=""/>
      <HYPERTENSION id="H7" start="668" end="671" text="htn" time="before DCT" indicator="mention" comment=""/>
      <HYPERTENSION id="H8" start="668" end="671" text="htn" time="before DCT" indicator="mention" comment=""/>
    </HYPERTENSION>
    <MEDICATION id="DOC14" time="after DCT" type1="aspirin" type2="">
      <MEDICATION id="M24" start="723" end="730" text="aspirin" time="after DCT" type1="aspirin" type2="" comment=""/>
      <MEDICATION id="M25" start="723" end="730" text="aspirin" time="after DCT" type1="aspirin" type2="" comment=""/>
      <MEDICATION id="M26" start="723" end="730" text="aspirin" time="after DCT" type1="aspirin" type2="" comment=""/>
    </MEDICATION>
    <MEDICATION id="DOC15" time="after DCT" type1="beta blocker" type2="">
      <MEDICATION id="M27" start="866" end="875" text="Toprol XL" time="after DCT" type1="beta blocker" type2="" comment=""/>
      <MEDICATION id="M28" start="866" end="872" text="Toprol" time="after DCT" type1="beta blocker" type2="" comment=""/>
      <MEDICATION id="M29" start="866" end="872" text="Toprol" time="after DCT" type1="beta blocker" type2="" comment=""/>
    </MEDICATION>
    <MEDICATION id="DOC16" time="after DCT" type1="insulin" type2="">
      <MEDICATION id="M30" start="700" end="707" text="novolin" time="after DCT" type1="insulin" type2="" comment=""/>
      <MEDICATION id="M31" start="700" end="707" text="novolin" time="after DCT" type1="insulin" type2="" comment=""/>
      <MEDICATION id="M32" start="789" end="792" text="NPH" time="after DCT" type1="insulin" type2="" comment=""/>
      <MEDICATION id="M33" start="1000" end="1003" text="NPH" time="after DCT" type1="insulin" type2="" comment=""/>
      <MEDICATION id="M34" start="700" end="707" text="novolin" time="after DCT" type1="insulin" type2="" comment=""/>
      <MEDICATION id="M35" start="789" end="792" text="NPH" time="after DCT" type1="insulin" type2="" comment=""/>
    </MEDICATION>
    <MEDICATION id="DOC17" time="during DCT" type1="beta blocker" type2="">
      <MEDICATION id="M36" start="866" end="875" text="Toprol XL" time="during DCT" type1="beta blocker" type2="" comment=""/>
      <MEDICATION id="M37" start="866" end="872" text="Toprol" time="during DCT" type1="beta blocker" type2="" comment=""/>
      <MEDICATION id="M38" start="866" end="872" text="Toprol" time="during DCT" type1="beta blocker" type2="" comment=""/>
    </MEDICATION>
    <HYPERTENSION id="DOC18" time="after DCT" indicator="mention">
      <HYPERTENSION id="H9" start="668" end="671" text="htn" time="after DCT" indicator="mention" comment=""/>
      <HYPERTENSION id="H10" start="668" end="671" text="htn" time="after DCT" indicator="mention" comment=""/>
      <HYPERTENSION id="H11" start="668" end="671" text="htn" time="after DCT" indicator="mention" comment=""/>
    </HYPERTENSION>
    <FAMILY_HIST id="DOC19" indicator="not present">
      <FAMILY_HIST id="F0" indicator="not present"/>
      <FAMILY_HIST id="F1" indicator="not present"/>
      <FAMILY_HIST id="F2" indicator="not present"/>
    </FAMILY_HIST>
    <MEDICATION id="DOC20" time="before DCT" type1="insulin" type2="">
      <MEDICATION id="M39" start="700" end="707" text="novolin" time="before DCT" type1="insulin" type2="" comment=""/>
      <MEDICATION id="M40" start="700" end="707" text="novolin" time="before DCT" type1="insulin" type2="" comment=""/>
      <MEDICATION id="M41" start="789" end="792" text="NPH" time="before DCT" type1="insulin" type2="" comment=""/>
      <MEDICATION id="M42" start="1000" end="1003" text="NPH" time="before DCT" type1="insulin" type2="" comment=""/>
      <MEDICATION id="M43" start="700" end="707" text="novolin" time="before DCT" type1="insulin" type2="" comment=""/>
      <MEDICATION id="M44" start="789" end="792" text="NPH" time="before DCT" type1="insulin" type2="" comment=""/>
    </MEDICATION>
    <PHI id="P0" start="16" end="26" text="2111-01-05" TYPE="DATE"/>
    <PHI id="P1" start="57" end="70" text="Bryan, Archie" TYPE="PATIENT"/>
    <PHI id="P2" start="76" end="83" text="7246074" TYPE="MEDICALRECORD"/>
    <PHI id="P3" start="90" end="96" text="1/5/11" TYPE="DATE"/>
    <PHI id="P4" start="120" end="122" text="81" TYPE="AGE"/>
    <PHI id="P5" start="1060" end="1064" text="2059" TYPE="DATE"/>
    <PHI id="P6" start="1783" end="1787" text="2109" TYPE="DATE"/>
    <PHI id="P7" start="2072" end="2074" text="81" TYPE="AGE"/>
    <PHI id="P8" start="2619" end="2630" text="Evelyn Xuan" TYPE="DOCTOR"/>
    <PHI id="P9" start="2635" end="2638" text="HRC" TYPE="HOSPITAL"/>
    <PHI id="P10" start="2647" end="2652" text="59931" TYPE="PHONE"/>
  </TAGS>
</root>
