<?xml version='1.0' encoding='UTF-8'?>
<root>
  <TEXT><![CDATA[


Record date: 2067-03-13

History of Present Illness Pt. presents today for f/u of her overnight stay in the EDOU from 2/20 to 2/21/67.
 
She went by ambulance on 2/20 when she noted slurred speech and an unsteady gait.  She says it was like she was a drunk.  She hadn't been drinking and hadn't taken or eaten anything unusual.  She was very scared.  No visual changes or other unusual sensations.  She hadn't been sick in any other way:  no fevers, chills, N/V, or other complaints.
 
She felt a tiny bit better and was able to go to the door and let the EMTs in.  They checked her sugar:  63.  They gave her some sugar gel and her Sx resolved.
 
In the ER, her Sx did not reappear.  Labs were notable for BS of 140 then 255.  (A1C on 12/27/66 was 7.8.)  Her Na+ was low @ 124 &amp; 126, but this is stable for her.    She had a normal MRI/MRA.
 
Since then, she has felt her usual self.  Medications  Ambien Cr (ZOLPIDEM Tartrate Extended-release) 12.5 MG (12.5MG TAB MPHASE Take 1) PO QHS  #30 Tablet(s)Aspirin (ACETYLSALICYLIC Acid) 81 MG (81MG TABLET Take 1) PO QD Avapro (IRBESARTAN) 300 MG (300MG TABLET Take 1) PO QD  #30 Tablet(s)GLYBURIDE 5 MG (5MG TABLET Take 1) PO BID x 30 days #60 Tablet(s)Labetalol Hcl 300 MG (300MG TABLET Take 1) PO BID x 30 days #180 Tablet(s)Lipitor (ATORVASTATIN) 10 MG (10MG TABLET Take 1) PO QHS x 30 days #90 Tablet(s)METFORMIN 850 MG (850MG TABLET Take 1) PO TID x 30 days #90 Tablet(s)Norvasc (AMLODIPINE) 10 MG (10MG TABLET Take 1) PO BID  #60 Tablet(s)PERPHENAZINE 4 MG (4 MG TABLET Take 1) PO as directed x 30 days, take 1 tablet (4 mg) QAM and 3 tablets (12 mg) QHS #120 Tablet(s)Proair Hfa (ALBUTEROL Inhaler Hfa) 2 PUFF (90MCG HFA AER AD ) INH Q6H PRN wheezing  #1 Inhaler(s)Seroquel (QUETIAPINE) 50 MG (50MG TABLET Take 1) PO QHS x 30 days, may take 50 mg more at night as needed PRN persistent insomnia #45 Tablet(s)SIMVASTATIN 40 MG (40MG TABLET Take 1) PO QHS  #30 Tablet(s)SPIRONOLACTONE 50 MG (50 MG TABLET Take 1) PO QD Tricor (FENOFIBRATE (TRICOR)) 48 MG PO QD  #30 Tablet(s)Unable to obtain this due to cost.Ultravate 0.05% (HALOBETASOL Propionate 0.05%) 1 APPLICATION (0.05% OINT.(GM) ) TOP as directed , APPLY TO AFFECTED AREAS TWICE DAILY X 15 DAYS AND THEN ON WEEKENDS ONLY. #50 Gram(s)Urea 35% Lotion 35% LOTION Take 1 TOP BID x 30 days, please apply it at plantar aspect of both feet twic a day #1 Tube(s)Allergies  LISINOPRIL  - Cough, HYDROCHLOROTHIAZIDE  - Hyponatremia, Review of Systems Positive and negative as listed elsewhere in this note.Vital Signs  BLOOD PRESSURE 120/70 PULSE 84 WEIGHT 224 lbExam NAD.
Neuro:  Gait, speech and strength are grossly intact.Results We reviewed her lab blood tests and her MRI/MRA.Problems  Diabetes mellitus type 2  I gave her another Rx for lancets.Hypertension  Elevated triglycerides  Needs generic for Tricor.  Mood Disorder, NOS  Hyponatremia  Anemia  Disposition and Plans Plans as above under each individual problem.  Also...
 
1)  Spell.  DDx includes hypoglycemia vs. TIA.  Still not completely clear which.  That said, she's doing well and that is reassuring.  She needs to check her sugars if she has another spell.  For now, we'll follow her closely.  
 
2)  HCM:  Deferred today.
 
Follow-up:  RTC as previously scheduled.



]]></TEXT>
  <TAGS>
    <MEDICATION id="DOC0" time="after DCT" type1="statin" type2="">
      <MEDICATION id="M0" start="1281" end="1288" text="Lipitor" time="after DCT" type1="statin" type2="" comment=""/>
      <MEDICATION id="M1" start="1281" end="1288" text="Lipitor" time="after DCT" type1="statin" type2="" comment=""/>
      <MEDICATION id="M2" start="1869" end="1880" text="SIMVASTATIN" time="after DCT" type1="statin" type2="" comment=""/>
      <MEDICATION id="M3" start="1281" end="1288" text="Lipitor" time="after DCT" type1="statin" type2="" comment=""/>
      <MEDICATION id="M4" start="1869" end="1880" text="SIMVASTATIN" time="after DCT" type1="statin" type2="" comment=""/>
    </MEDICATION>
    <MEDICATION id="DOC1" time="during DCT" type1="aspirin" type2="">
      <MEDICATION id="M5" start="1009" end="1016" text="Aspirin" time="during DCT" type1="aspirin" type2="" comment=""/>
      <MEDICATION id="M6" start="1009" end="1016" text="Aspirin" time="during DCT" type1="aspirin" type2="" comment=""/>
      <MEDICATION id="M7" start="1009" end="1016" text="Aspirin" time="during DCT" type1="aspirin" type2="" comment=""/>
    </MEDICATION>
    <MEDICATION id="DOC2" time="after DCT" type1="metformin" type2="">
      <MEDICATION id="M8" start="1361" end="1370" text="METFORMIN" time="after DCT" type1="metformin" type2="" comment=""/>
      <MEDICATION id="M9" start="1361" end="1370" text="METFORMIN" time="after DCT" type1="metformin" type2="" comment=""/>
      <MEDICATION id="M10" start="1361" end="1370" text="METFORMIN" time="after DCT" type1="metformin" type2="" comment=""/>
    </MEDICATION>
    <MEDICATION id="DOC3" time="during DCT" type1="metformin" type2="">
      <MEDICATION id="M11" start="1361" end="1370" text="METFORMIN" time="during DCT" type1="metformin" type2="" comment=""/>
      <MEDICATION id="M12" start="1361" end="1370" text="METFORMIN" time="during DCT" type1="metformin" type2="" comment=""/>
      <MEDICATION id="M13" start="1361" end="1370" text="METFORMIN" time="during DCT" type1="metformin" type2="" comment=""/>
    </MEDICATION>
    <HYPERTENSION id="DOC4" time="during DCT" indicator="mention">
      <HYPERTENSION id="H0" start="2759" end="2772" text="Hypertension " time="during DCT" indicator="mention" comment=""/>
      <HYPERTENSION id="H1" start="2759" end="2771" text="Hypertension" time="during DCT" indicator="mention" comment=""/>
      <HYPERTENSION id="H2" start="2759" end="2771" text="Hypertension" time="during DCT" indicator="mention" comment=""/>
    </HYPERTENSION>
    <DIABETES id="DOC5" time="during DCT" indicator="mention">
      <DIABETES id="D0" start="2699" end="2716" text="Diabetes mellitus" time="during DCT" indicator="mention" comment=""/>
      <DIABETES id="D1" start="2699" end="2723" text="Diabetes mellitus type 2" time="during DCT" indicator="mention" comment=""/>
      <DIABETES id="D2" start="2699" end="2723" text="Diabetes mellitus type 2" time="during DCT" indicator="mention" comment=""/>
    </DIABETES>
    <MEDICATION id="DOC6" time="after DCT" type1="aspirin" type2="">
      <MEDICATION id="M14" start="1009" end="1016" text="Aspirin" time="after DCT" type1="aspirin" type2="" comment=""/>
      <MEDICATION id="M15" start="1009" end="1016" text="Aspirin" time="after DCT" type1="aspirin" type2="" comment=""/>
      <MEDICATION id="M16" start="1009" end="1016" text="Aspirin" time="after DCT" type1="aspirin" type2="" comment=""/>
    </MEDICATION>
    <MEDICATION id="DOC7" time="during DCT" type1="calcium channel blocker" type2="">
      <MEDICATION id="M17" start="1430" end="1437" text="Norvasc" time="during DCT" type1="calcium channel blocker" type2="" comment=""/>
      <MEDICATION id="M18" start="1430" end="1437" text="Norvasc" time="during DCT" type1="calcium channel blocker" type2="" comment=""/>
      <MEDICATION id="M19" start="1430" end="1437" text="Norvasc" time="during DCT" type1="calcium channel blocker" type2="" comment=""/>
    </MEDICATION>
    <MEDICATION id="DOC8" time="after DCT" type1="fibrate" type2="">
      <MEDICATION id="M20" start="1999" end="2005" text="TRICOR" time="after DCT" type1="fibrate" type2="" comment=""/>
      <MEDICATION id="M21" start="1978" end="1984" text="Tricor" time="after DCT" type1="fibrate" type2="" comment=""/>
      <MEDICATION id="M22" start="1978" end="1984" text="Tricor" time="after DCT" type1="fibrate" type2="" comment=""/>
      <MEDICATION id="M23" start="2815" end="2821" text="Tricor" time="after DCT" type1="fibrate" type2="" comment=""/>
    </MEDICATION>
    <MEDICATION id="DOC9" time="after DCT" type1="sulfonylureas" type2="">
      <MEDICATION id="M24" start="1142" end="1151" text="GLYBURIDE" time="after DCT" type1="sulfonylureas" type2="" comment=""/>
      <MEDICATION id="M25" start="1142" end="1151" text="GLYBURIDE" time="after DCT" type1="sulfonylureas" type2="" comment=""/>
      <MEDICATION id="M26" start="1142" end="1151" text="GLYBURIDE" time="after DCT" type1="sulfonylureas" type2="" comment=""/>
    </MEDICATION>
    <MEDICATION id="DOC10" time="before DCT" type1="calcium channel blocker" type2="">
      <MEDICATION id="M27" start="1430" end="1437" text="Norvasc" time="before DCT" type1="calcium channel blocker" type2="" comment=""/>
      <MEDICATION id="M28" start="1430" end="1437" text="Norvasc" time="before DCT" type1="calcium channel blocker" type2="" comment=""/>
      <MEDICATION id="M29" start="1430" end="1437" text="Norvasc" time="before DCT" type1="calcium channel blocker" type2="" comment=""/>
    </MEDICATION>
    <MEDICATION id="DOC11" time="during DCT" type1="sulfonylureas" type2="">
      <MEDICATION id="M30" start="1142" end="1151" text="GLYBURIDE" time="during DCT" type1="sulfonylureas" type2="" comment=""/>
      <MEDICATION id="M31" start="1142" end="1151" text="GLYBURIDE" time="during DCT" type1="sulfonylureas" type2="" comment=""/>
      <MEDICATION id="M32" start="1142" end="1151" text="GLYBURIDE" time="during DCT" type1="sulfonylureas" type2="" comment=""/>
    </MEDICATION>
    <HYPERTENSION id="DOC12" time="after DCT" indicator="mention">
      <HYPERTENSION id="H3" start="2759" end="2772" text="Hypertension " time="after DCT" indicator="mention" comment=""/>
      <HYPERTENSION id="H4" start="2759" end="2771" text="Hypertension" time="after DCT" indicator="mention" comment=""/>
      <HYPERTENSION id="H5" start="2759" end="2771" text="Hypertension" time="after DCT" indicator="mention" comment=""/>
    </HYPERTENSION>
    <MEDICATION id="DOC13" time="after DCT" type1="beta blocker" type2="">
      <MEDICATION id="M33" start="1207" end="1216" text="Labetalol" time="after DCT" type1="beta blocker" type2="" comment=""/>
      <MEDICATION id="M34" start="1207" end="1220" text="Labetalol Hcl" time="after DCT" type1="beta blocker" type2="" comment=""/>
      <MEDICATION id="M35" start="1207" end="1216" text="Labetalol" time="after DCT" type1="beta blocker" type2="" comment=""/>
    </MEDICATION>
    <SMOKER id="DOC14" status="unknown">
      <SMOKER id="S0" status="unknown"/>
      <SMOKER id="S1" status="unknown"/>
      <SMOKER id="S2" status="unknown"/>
    </SMOKER>
    <DIABETES id="DOC15" time="before DCT" indicator="mention">
      <DIABETES id="D3" start="2699" end="2716" text="Diabetes mellitus" time="before DCT" indicator="mention" comment=""/>
      <DIABETES id="D4" start="2699" end="2723" text="Diabetes mellitus type 2" time="before DCT" indicator="mention" comment=""/>
      <DIABETES id="D5" start="2699" end="2723" text="Diabetes mellitus type 2" time="before DCT" indicator="mention" comment=""/>
    </DIABETES>
    <DIABETES id="DOC16" time="before DCT" indicator="A1C">
      <DIABETES id="D6" start="732" end="756" text="A1C on 12/27/66 was 7.8." time="before DCT" indicator="A1C" comment=""/>
      <DIABETES id="D7" start="732" end="755" text="A1C on 12/27/66 was 7.8" time="before DCT" indicator="A1C" comment=""/>
      <DIABETES id="D8" start="732" end="755" text="A1C on 12/27/66 was 7.8" time="before DCT" indicator="A1C" comment=""/>
    </DIABETES>
    <MEDICATION id="DOC17" time="after DCT" type1="ARB" type2="">
      <MEDICATION id="M36" start="1073" end="1079" text="Avapro" time="after DCT" type1="ARB" type2="" comment=""/>
      <MEDICATION id="M37" start="1073" end="1079" text="Avapro" time="after DCT" type1="ARB" type2="" comment=""/>
    </MEDICATION>
    <MEDICATION id="DOC18" time="before DCT" type1="statin" type2="">
      <MEDICATION id="M38" start="1281" end="1288" text="Lipitor" time="before DCT" type1="statin" type2="" comment=""/>
      <MEDICATION id="M39" start="1281" end="1288" text="Lipitor" time="before DCT" type1="statin" type2="" comment=""/>
      <MEDICATION id="M40" start="1869" end="1880" text="SIMVASTATIN" time="before DCT" type1="statin" type2="" comment=""/>
      <MEDICATION id="M41" start="1281" end="1288" text="Lipitor" time="before DCT" type1="statin" type2="" comment=""/>
      <MEDICATION id="M42" start="1869" end="1880" text="SIMVASTATIN" time="before DCT" type1="statin" type2="" comment=""/>
    </MEDICATION>
    <MEDICATION id="DOC19" time="during DCT" type1="statin" type2="">
      <MEDICATION id="M43" start="1281" end="1288" text="Lipitor" time="during DCT" type1="statin" type2="" comment=""/>
      <MEDICATION id="M44" start="1281" end="1288" text="Lipitor" time="during DCT" type1="statin" type2="" comment=""/>
      <MEDICATION id="M45" start="1869" end="1880" text="SIMVASTATIN" time="during DCT" type1="statin" type2="" comment=""/>
      <MEDICATION id="M46" start="1281" end="1288" text="Lipitor" time="during DCT" type1="statin" type2="" comment=""/>
      <MEDICATION id="M47" start="1869" end="1880" text="SIMVASTATIN" time="during DCT" type1="statin" type2="" comment=""/>
    </MEDICATION>
    <MEDICATION id="DOC20" time="before DCT" type1="metformin" type2="">
      <MEDICATION id="M48" start="1361" end="1370" text="METFORMIN" time="before DCT" type1="metformin" type2="" comment=""/>
      <MEDICATION id="M49" start="1361" end="1370" text="METFORMIN" time="before DCT" type1="metformin" type2="" comment=""/>
      <MEDICATION id="M50" start="1361" end="1370" text="METFORMIN" time="before DCT" type1="metformin" type2="" comment=""/>
    </MEDICATION>
    <FAMILY_HIST id="DOC21" indicator="not present">
      <FAMILY_HIST id="F0" indicator="not present"/>
      <FAMILY_HIST id="F1" indicator="not present"/>
      <FAMILY_HIST id="F2" indicator="not present"/>
    </FAMILY_HIST>
    <MEDICATION id="DOC22" time="before DCT" type1="aspirin" type2="">
      <MEDICATION id="M51" start="1009" end="1016" text="Aspirin" time="before DCT" type1="aspirin" type2="" comment=""/>
      <MEDICATION id="M52" start="1009" end="1016" text="Aspirin" time="before DCT" type1="aspirin" type2="" comment=""/>
      <MEDICATION id="M53" start="1009" end="1016" text="Aspirin" time="before DCT" type1="aspirin" type2="" comment=""/>
    </MEDICATION>
    <MEDICATION id="DOC23" time="after DCT" type1="calcium channel blocker" type2="">
      <MEDICATION id="M54" start="1430" end="1437" text="Norvasc" time="after DCT" type1="calcium channel blocker" type2="" comment=""/>
      <MEDICATION id="M55" start="1430" end="1437" text="Norvasc" time="after DCT" type1="calcium channel blocker" type2="" comment=""/>
      <MEDICATION id="M56" start="1430" end="1437" text="Norvasc" time="after DCT" type1="calcium channel blocker" type2="" comment=""/>
    </MEDICATION>
    <MEDICATION id="DOC24" time="during DCT" type1="fibrate" type2="">
      <MEDICATION id="M57" start="1999" end="2005" text="TRICOR" time="during DCT" type1="fibrate" type2="" comment=""/>
      <MEDICATION id="M58" start="1978" end="1984" text="Tricor" time="during DCT" type1="fibrate" type2="" comment=""/>
      <MEDICATION id="M59" start="1978" end="1984" text="Tricor" time="during DCT" type1="fibrate" type2="" comment=""/>
      <MEDICATION id="M60" start="2815" end="2821" text="Tricor" time="during DCT" type1="fibrate" type2="" comment=""/>
    </MEDICATION>
    <MEDICATION id="DOC25" time="before DCT" type1="sulfonylureas" type2="">
      <MEDICATION id="M61" start="1142" end="1151" text="GLYBURIDE" time="before DCT" type1="sulfonylureas" type2="" comment=""/>
      <MEDICATION id="M62" start="1142" end="1151" text="GLYBURIDE" time="before DCT" type1="sulfonylureas" type2="" comment=""/>
      <MEDICATION id="M63" start="1142" end="1151" text="GLYBURIDE" time="before DCT" type1="sulfonylureas" type2="" comment=""/>
    </MEDICATION>
    <MEDICATION id="DOC26" time="before DCT" type1="fibrate" type2="">
      <MEDICATION id="M64" start="1999" end="2005" text="TRICOR" time="before DCT" type1="fibrate" type2="" comment=""/>
      <MEDICATION id="M65" start="1978" end="1984" text="Tricor" time="before DCT" type1="fibrate" type2="" comment=""/>
      <MEDICATION id="M66" start="1978" end="1984" text="Tricor" time="before DCT" type1="fibrate" type2="" comment=""/>
      <MEDICATION id="M67" start="2815" end="2821" text="Tricor" time="before DCT" type1="fibrate" type2="" comment=""/>
    </MEDICATION>
    <HYPERTENSION id="DOC27" time="before DCT" indicator="mention">
      <HYPERTENSION id="H6" start="2759" end="2772" text="Hypertension " time="before DCT" indicator="mention" comment=""/>
      <HYPERTENSION id="H7" start="2759" end="2771" text="Hypertension" time="before DCT" indicator="mention" comment=""/>
      <HYPERTENSION id="H8" start="2759" end="2771" text="Hypertension" time="before DCT" indicator="mention" comment=""/>
    </HYPERTENSION>
    <MEDICATION id="DOC28" time="before DCT" type1="beta blocker" type2="">
      <MEDICATION id="M68" start="1207" end="1216" text="Labetalol" time="before DCT" type1="beta blocker" type2="" comment=""/>
      <MEDICATION id="M69" start="1207" end="1220" text="Labetalol Hcl" time="before DCT" type1="beta blocker" type2="" comment=""/>
      <MEDICATION id="M70" start="1207" end="1216" text="Labetalol" time="before DCT" type1="beta blocker" type2="" comment=""/>
    </MEDICATION>
    <MEDICATION id="DOC29" time="during DCT" type1="beta blocker" type2="">
      <MEDICATION id="M71" start="1207" end="1216" text="Labetalol" time="during DCT" type1="beta blocker" type2="" comment=""/>
      <MEDICATION id="M72" start="1207" end="1220" text="Labetalol Hcl" time="during DCT" type1="beta blocker" type2="" comment=""/>
      <MEDICATION id="M73" start="1207" end="1216" text="Labetalol" time="during DCT" type1="beta blocker" type2="" comment=""/>
    </MEDICATION>
    <DIABETES id="DOC30" time="after DCT" indicator="mention">
      <DIABETES id="D9" start="2699" end="2716" text="Diabetes mellitus" time="after DCT" indicator="mention" comment=""/>
      <DIABETES id="D10" start="2699" end="2723" text="Diabetes mellitus type 2" time="after DCT" indicator="mention" comment=""/>
      <DIABETES id="D11" start="2699" end="2723" text="Diabetes mellitus type 2" time="after DCT" indicator="mention" comment=""/>
    </DIABETES>
    <MEDICATION id="DOC31" time="during DCT" type1="ARB" type2="">
      <MEDICATION id="M74" start="1073" end="1079" text="Avapro" time="during DCT" type1="ARB" type2="" comment=""/>
      <MEDICATION id="M75" start="1073" end="1079" text="Avapro" time="during DCT" type1="ARB" type2="" comment=""/>
    </MEDICATION>
    <MEDICATION id="DOC32" time="before DCT" type1="ARB" type2="">
      <MEDICATION id="M76" start="1073" end="1079" text="Avapro" time="before DCT" type1="ARB" type2="" comment=""/>
      <MEDICATION id="M77" start="1073" end="1079" text="Avapro" time="before DCT" type1="ARB" type2="" comment=""/>
    </MEDICATION>
    <PHI id="P0" start="16" end="26" text="2067-03-13" TYPE="DATE"/>
    <PHI id="P1" start="121" end="125" text="2/20" TYPE="DATE"/>
    <PHI id="P2" start="129" end="136" text="2/21/67" TYPE="DATE"/>
    <PHI id="P3" start="165" end="169" text="2/20" TYPE="DATE"/>
    <PHI id="P4" start="739" end="747" text="12/27/66" TYPE="DATE"/>
  </TAGS>
</root>
